flugroute_id,abflug_iata,ankunft_iata,richtung,de_flughafen_iata,de_flughafen_typ,ausland_stadt,ausland_flughafen_iata,fluege_bestaetigt,fluege_gesamt,airlines_bestaetigt,airlines_gesamt,anzahl_portale,portale_liste,distanz_km,distanz_kategorie
69d400827dca6ba0935a87ba,PMI,DUS,nach DE,DUS,Hub,Palma De Mallorca,PMI,103,328,9,18,2,"fluegede,idealo",1342.0,Mittel (500-1500km)
69d400827dca6ba0935a9c4c,HAM,MUC,Inland,HAM,Hub,,,103,186,5,8,3,"check24,fluegede,idealo",600.0,Mittel (500-1500km)
69d400827dca6ba0935a9cbb,MUC,HAM,Inland,MUC,Hub,,,103,168,2,4,3,"check24,fluegede,idealo",600.0,Mittel (500-1500km)
69d400827dca6ba0935ab99d,MUC,FRA,Inland,MUC,Hub,,,103,122,2,2,2,"fluegede,idealo",300.0,Kurz (0-500km)
69d400827dca6ba0935a8722,DUS,PMI,ab DE,DUS,Hub,Palma De Mallorca,PMI,99,320,13,17,2,"fluegede,idealo",1342.0,Mittel (500-1500km)
69d400827dca6ba0935a9daa,VIE,FRA,nach DE,FRA,Hub,Vienna,VIE,98,192,8,10,2,"fluegede,idealo",622.0,Mittel (500-1500km)
69d400827dca6ba0935b3905,FRA,BER,Inland,FRA,Hub,,,98,112,2,2,2,"fluegede,idealo",432.0,Kurz (0-500km)
69d400827dca6ba0935b1d82,BER,FRA,Inland,BER,Hub,,,97,111,2,2,2,"fluegede,idealo",432.0,Kurz (0-500km)
69d400827dca6ba0935a9c26,FRA,VIE,ab DE,FRA,Hub,Vienna,VIE,96,110,3,3,2,"fluegede,idealo",622.0,Mittel (500-1500km)
69d400827dca6ba0935ac78d,FRA,MUC,Inland,FRA,Hub,,,95,110,2,2,2,"fluegede,idealo",300.0,Kurz (0-500km)
69d400827dca6ba0935ac794,FRA,ZRH,ab DE,FRA,Hub,Zurich,ZRH,90,137,4,8,2,"fluegede,idealo",285.0,Kurz (0-500km)
69d400827dca6ba0935a96e2,LHR,FRA,nach DE,FRA,Hub,London,LHR,87,222,8,10,2,"fluegede,idealo",653.0,Mittel (500-1500km)
69d400827dca6ba0935a9561,FRA,LHR,ab DE,FRA,Hub,London,LHR,87,124,5,5,2,"fluegede,idealo",653.0,Mittel (500-1500km)
69d400827dca6ba0935a9be7,DUS,MUC,Inland,DUS,Hub,,,86,205,3,5,2,"fluegede,idealo",486.0,Kurz (0-500km)
69d400827dca6ba0935a9cb6,MUC,DUS,Inland,MUC,Hub,,,86,109,3,3,3,"check24,fluegede,idealo",486.0,Kurz (0-500km)
69d400827dca6ba0935a96fd,LHR,MUC,nach DE,MUC,Hub,London,LHR,85,253,6,16,2,"fluegede,idealo",942.0,Mittel (500-1500km)
69d400827dca6ba0935ac7fe,ZRH,FRA,nach DE,FRA,Hub,Zurich,ZRH,84,141,5,10,2,"fluegede,idealo",285.0,Kurz (0-500km)
69d400827dca6ba0935a9816,MUC,LHR,ab DE,MUC,Hub,London,LHR,83,268,9,17,2,"fluegede,idealo",942.0,Mittel (500-1500km)
69d400827dca6ba0935aad39,FRA,FCO,ab DE,FRA,Hub,Rome,FCO,83,222,8,20,2,"fluegede,idealo",958.0,Mittel (500-1500km)
69d400827dca6ba0935aad01,FCO,FRA,nach DE,FRA,Hub,Rome,FCO,83,211,10,19,2,"fluegede,idealo",958.0,Mittel (500-1500km)
69d400827dca6ba0935ae991,HAM,FRA,Inland,HAM,Hub,,,83,95,2,2,2,"fluegede,idealo",413.0,Kurz (0-500km)
69d400827dca6ba0935ae94b,FRA,HAM,Inland,FRA,Hub,,,82,95,2,2,2,"fluegede,idealo",413.0,Kurz (0-500km)
69d400827dca6ba0935aa3de,FRA,CDG,ab DE,FRA,Hub,Paris,CDG,81,109,3,3,2,"fluegede,idealo",447.0,Kurz (0-500km)
69d400827dca6ba0935aa326,CDG,FRA,nach DE,FRA,Hub,Paris,CDG,80,211,6,11,2,"fluegede,idealo",447.0,Kurz (0-500km)
69d400827dca6ba0935a9c23,FRA,PMI,ab DE,FRA,Hub,Palma De Mallorca,PMI,76,101,7,7,3,"check24,fluegede,idealo",1251.0,Mittel (500-1500km)
69d400827dca6ba0935a9d0c,PMI,FRA,nach DE,FRA,Hub,Palma De Mallorca,PMI,75,204,10,22,2,"fluegede,idealo",1251.0,Mittel (500-1500km)
69d400827dca6ba0935ae6d6,MUC,AMS,ab DE,MUC,Hub,Amsterdam,AMS,75,182,4,12,2,"fluegede,idealo",664.0,Mittel (500-1500km)
69d400827dca6ba0935a86d4,CGN,PMI,ab DE,CGN,Hub,Palma De Mallorca,PMI,73,343,4,11,2,"fluegede,idealo",1304.0,Mittel (500-1500km)
69d400827dca6ba0935a87b8,PMI,CGN,nach DE,CGN,Hub,Palma De Mallorca,PMI,73,300,4,12,2,"fluegede,idealo",1304.0,Mittel (500-1500km)
69d400827dca6ba0935ac784,FRA,BCN,ab DE,FRA,Hub,Barcelona,BCN,73,91,2,3,2,"fluegede,idealo",1092.0,Mittel (500-1500km)
69d400827dca6ba0935aa49d,MUC,CDG,ab DE,MUC,Hub,Paris,CDG,73,84,4,4,2,"fluegede,idealo",682.0,Mittel (500-1500km)
69d400827dca6ba0935aa350,CDG,MUC,nach DE,MUC,Hub,Paris,CDG,72,195,7,13,2,"fluegede,idealo",682.0,Mittel (500-1500km)
69d400827dca6ba0935b1d90,BER,PMI,ab DE,BER,Hub,Palma De Mallorca,PMI,71,82,6,6,2,"fluegede,idealo",1646.0,Lang (>1500km)
69d400827dca6ba0935ac753,BCN,FRA,nach DE,FRA,Hub,Barcelona,BCN,69,234,6,16,2,"fluegede,idealo",1092.0,Mittel (500-1500km)
69d400827dca6ba0935ae6a6,AMS,MUC,nach DE,MUC,Hub,Amsterdam,AMS,69,183,4,14,2,"fluegede,idealo",664.0,Mittel (500-1500km)
69d400827dca6ba0935b1d83,BER,ZRH,ab DE,BER,Hub,Zurich,ZRH,69,79,6,6,2,"fluegede,idealo",649.0,Mittel (500-1500km)
69d400827dca6ba0935b665d,PMI,BER,nach DE,BER,Hub,Palma De Mallorca,PMI,68,79,6,6,2,"fluegede,idealo",1646.0,Lang (>1500km)
69d400827dca6ba0935a868a,AYT,CGN,nach DE,CGN,Hub,Antalya,AYT,67,286,8,13,2,"fluegede,idealo",2432.0,Lang (>1500km)
69d400827dca6ba0935b8ad7,ZRH,BER,nach DE,BER,Hub,Zurich,ZRH,66,78,6,6,2,"fluegede,idealo",649.0,Mittel (500-1500km)
69d400827dca6ba0935a9c9b,MAD,FRA,nach DE,FRA,Hub,Madrid,MAD,64,197,8,23,3,"check24,fluegede,idealo",1418.0,Mittel (500-1500km)
69d400827dca6ba0935a9c22,FRA,MAD,ab DE,FRA,Hub,Madrid,MAD,64,73,5,5,2,"fluegede,idealo",1418.0,Mittel (500-1500km)
69d400827dca6ba0935ac782,FRA,AMS,ab DE,FRA,Hub,Amsterdam,AMS,62,116,2,8,2,"fluegede,idealo",366.0,Kurz (0-500km)
69d400827dca6ba0935b5a44,MUC,BER,Inland,MUC,Hub,,,62,72,2,2,2,"fluegede,idealo",462.0,Kurz (0-500km)
69d400827dca6ba0935aad85,MUC,FCO,ab DE,MUC,Hub,Rome,FCO,62,71,5,5,2,"fluegede,idealo",729.0,Mittel (500-1500km)
69d400827dca6ba0935b1d86,BER,VIE,ab DE,BER,Hub,Vienna,VIE,62,70,1,2,2,"fluegede,idealo",521.0,Mittel (500-1500km)
69d400827dca6ba0935b80df,VIE,BER,nach DE,BER,Hub,Vienna,VIE,62,70,1,2,2,"fluegede,idealo",521.0,Mittel (500-1500km)
69d400827dca6ba0935a876a,HAM,PMI,ab DE,HAM,Hub,Palma De Mallorca,PMI,61,274,10,21,2,"fluegede,idealo",1659.0,Lang (>1500km)
69d400827dca6ba0935aad18,FCO,MUC,nach DE,MUC,Hub,Rome,FCO,61,186,8,17,2,"fluegede,idealo",729.0,Mittel (500-1500km)
69d400827dca6ba0935ac74d,AMS,FRA,nach DE,FRA,Hub,Amsterdam,AMS,61,121,2,8,2,"fluegede,idealo",366.0,Kurz (0-500km)
69d400827dca6ba0935b1d84,BER,MUC,Inland,BER,Hub,,,61,71,1,1,2,"fluegede,idealo",462.0,Kurz (0-500km)
69d400827dca6ba0935a9cc7,MUC,PMI,ab DE,MUC,Hub,Palma De Mallorca,PMI,60,209,6,18,2,"fluegede,idealo",1216.0,Mittel (500-1500km)
69d400827dca6ba0935ac7dc,MXP,FRA,nach DE,FRA,Hub,Milan,MXP,59,75,4,5,2,"fluegede,idealo",489.0,Kurz (0-500km)
69d400827dca6ba0935ac78e,FRA,MXP,ab DE,FRA,Hub,Milan,MXP,59,73,5,5,2,"fluegede,idealo",489.0,Kurz (0-500km)
69d400827dca6ba0935a87bc,PMI,HAM,nach DE,HAM,Hub,Palma De Mallorca,PMI,58,215,5,17,3,"check24,fluegede,idealo",1659.0,Lang (>1500km)
69d400827dca6ba0935a9c9d,MAD,MUC,nach DE,MUC,Hub,Madrid,MAD,58,207,6,22,3,"check24,fluegede,idealo",1496.0,Mittel (500-1500km)
69d400827dca6ba0935a9d14,PMI,MUC,nach DE,MUC,Hub,Palma De Mallorca,PMI,58,74,5,5,2,"fluegede,idealo",1216.0,Mittel (500-1500km)
69d400827dca6ba0935a86b1,CGN,AYT,ab DE,CGN,Hub,Antalya,AYT,56,277,6,14,2,"fluegede,idealo",2432.0,Lang (>1500km)
69d400827dca6ba0935a8809,STR,PMI,ab DE,STR,Hub,Palma De Mallorca,PMI,56,176,5,12,2,"fluegede,idealo",1139.0,Mittel (500-1500km)
69d400827dca6ba0935aad3b,FRA,LIN,ab DE,FRA,Hub,Milan,LIN,56,162,8,11,2,"fluegede,idealo",512.0,Mittel (500-1500km)
69d400827dca6ba0935ac7ed,PRG,FRA,nach DE,FRA,Hub,Prague,PRG,56,64,3,3,2,"fluegede,idealo",408.0,Kurz (0-500km)
69d400827dca6ba0935ac761,BUD,FRA,nach DE,FRA,Hub,Budapest,BUD,56,64,2,2,2,"fluegede,idealo",836.0,Mittel (500-1500km)
69d400827dca6ba0935ac786,FRA,BUD,ab DE,FRA,Hub,Budapest,BUD,56,64,2,2,2,"fluegede,idealo",836.0,Mittel (500-1500km)
69d400827dca6ba0935aad6a,LIN,FRA,nach DE,FRA,Hub,Milan,LIN,55,112,9,9,2,"fluegede,idealo",512.0,Mittel (500-1500km)
69d400827dca6ba0935adf5f,BCN,MUC,nach DE,MUC,Hub,Barcelona,BCN,55,64,4,5,2,"fluegede,idealo",1095.0,Mittel (500-1500km)
69d400827dca6ba0935ac791,FRA,PRG,ab DE,FRA,Hub,Prague,PRG,55,63,3,3,2,"fluegede,idealo",408.0,Kurz (0-500km)
69d400827dca6ba0935a9cc1,MUC,MAD,ab DE,MUC,Hub,Madrid,MAD,53,201,9,24,2,"fluegede,idealo",1496.0,Mittel (500-1500km)
69d400827dca6ba0935a8852,ZRH,HAM,nach DE,HAM,Hub,Zurich,ZRH,53,177,4,9,2,"fluegede,idealo",693.0,Mittel (500-1500km)
69d400827dca6ba0935a8776,HAM,ZRH,ab DE,HAM,Hub,Zurich,ZRH,53,170,5,10,3,"check24,fluegede,idealo",693.0,Mittel (500-1500km)
69d400827dca6ba0935a87bd,PMI,STR,nach DE,STR,Hub,Palma De Mallorca,PMI,53,159,4,12,2,"fluegede,idealo",1139.0,Mittel (500-1500km)
69d400827dca6ba0935aea54,VCE,FRA,nach DE,FRA,Hub,Venezia,VCE,53,149,5,10,2,"fluegede,idealo",578.0,Mittel (500-1500km)
69d400827dca6ba0935ae976,FRA,VCE,ab DE,FRA,Hub,Venezia,VCE,53,145,6,10,2,"fluegede,idealo",578.0,Mittel (500-1500km)
69d400827dca6ba0935ae99d,IST,FRA,nach DE,FRA,Hub,Istanbul,IST,53,99,2,4,2,"fluegede,idealo",1839.0,Lang (>1500km)
69d400827dca6ba0935ae950,FRA,IST,ab DE,FRA,Hub,Istanbul,IST,53,96,2,4,2,"fluegede,idealo",1839.0,Lang (>1500km)
69d400827dca6ba0935ae022,MUC,BCN,ab DE,MUC,Hub,Barcelona,BCN,52,62,4,5,2,"fluegede,idealo",1095.0,Mittel (500-1500km)
69d400827dca6ba0935a9da6,VIE,DUS,nach DE,DUS,Hub,Vienna,VIE,50,183,3,10,2,"fluegede,idealo",788.0,Mittel (500-1500km)
69d400827dca6ba0935a96dc,LHR,DUS,nach DE,DUS,Hub,London,LHR,50,161,4,8,2,"fluegede,idealo",502.0,Mittel (500-1500km)
69d400827dca6ba0935a9bfb,DUS,VIE,ab DE,DUS,Hub,Vienna,VIE,50,74,2,3,2,"fluegede,idealo",788.0,Mittel (500-1500km)
69d400827dca6ba0935ac7c4,LIS,FRA,nach DE,FRA,Hub,Lisbon,LIS,49,216,4,18,2,"fluegede,idealo",1872.0,Lang (>1500km)
69d400827dca6ba0935a8841,VIE,HAM,nach DE,HAM,Hub,Vienna,VIE,49,188,4,11,3,"check24,fluegede,idealo",767.0,Mittel (500-1500km)
69d400827dca6ba0935a8774,HAM,VIE,ab DE,HAM,Hub,Vienna,VIE,49,183,4,10,2,"fluegede,idealo",767.0,Mittel (500-1500km)
69d400827dca6ba0935a916b,MUC,ATH,ab DE,MUC,Hub,Athens,ATH,49,56,5,5,3,"check24,fluegede,idealo",1518.0,Lang (>1500km)
69d400827dca6ba0935a90f9,ATH,MUC,nach DE,MUC,Hub,Athens,ATH,49,56,5,5,3,"check24,fluegede,idealo",1518.0,Lang (>1500km)
69d400827dca6ba0935b1d88,BER,AMS,ab DE,BER,Hub,Amsterdam,AMS,49,56,1,1,2,"fluegede,idealo",593.0,Mittel (500-1500km)
69d400827dca6ba0935b189e,AMS,BER,nach DE,BER,Hub,Amsterdam,AMS,49,56,1,1,2,"fluegede,idealo",593.0,Mittel (500-1500km)
69d400827dca6ba0935a9526,DUS,LHR,ab DE,DUS,Hub,London,LHR,48,192,4,9,3,"check24,fluegede,idealo",502.0,Mittel (500-1500km)
69d400827dca6ba0935ac78a,FRA,LIS,ab DE,FRA,Hub,Lisbon,LIS,48,55,2,2,2,"fluegede,idealo",1872.0,Lang (>1500km)
69d400827dca6ba0935b2761,CDG,BER,nach DE,BER,Hub,Paris,CDG,47,53,5,5,2,"fluegede,idealo",855.0,Mittel (500-1500km)
69d400827dca6ba0935a9129,FRA,ATH,ab DE,FRA,Hub,Athens,ATH,46,256,9,21,2,"fluegede,idealo",1817.0,Lang (>1500km)
69d400827dca6ba0935b1d85,BER,CDG,ab DE,BER,Hub,Paris,CDG,46,54,5,5,2,"fluegede,idealo",855.0,Mittel (500-1500km)
69d400827dca6ba0935ac7fa,WAW,FRA,nach DE,FRA,Hub,Warsaw,WAW,45,153,4,13,2,"fluegede,idealo",898.0,Mittel (500-1500km)
69d400827dca6ba0935a9ceb,NUE,PMI,ab DE,NUE,Provinz,Palma De Mallorca,PMI,45,116,7,10,3,"check24,fluegede,idealo",1286.0,Mittel (500-1500km)
69d400827dca6ba0935ac793,FRA,WAW,ab DE,FRA,Hub,Warsaw,WAW,45,51,2,2,2,"fluegede,idealo",898.0,Mittel (500-1500km)
69d400827dca6ba0935a9d30,SAW,DUS,nach DE,DUS,Hub,Istanbul,SAW,44,129,2,7,2,"fluegede,idealo",2074.0,Lang (>1500km)
69d400827dca6ba0935a9d15,PMI,NUE,nach DE,NUE,Provinz,Palma De Mallorca,PMI,44,52,5,5,2,"fluegede,idealo",1286.0,Mittel (500-1500km)
69d400827dca6ba0935a90db,ATH,FRA,nach DE,FRA,Hub,Athens,ATH,43,52,4,4,2,"fluegede,idealo",1817.0,Lang (>1500km)
69d400827dca6ba0935a9b83,AYT,DUS,nach DE,DUS,Hub,Antalya,AYT,42,332,7,13,2,"fluegede,idealo",2479.0,Lang (>1500km)
69d400827dca6ba0935ae9d4,MUC,CPH,ab DE,MUC,Hub,Copenhagen,CPH,42,188,6,18,2,"fluegede,idealo",810.0,Mittel (500-1500km)
69d400827dca6ba0935aea0f,MUC,WAW,ab DE,MUC,Hub,Warsaw,WAW,42,156,3,13,2,"fluegede,idealo",777.0,Mittel (500-1500km)
69d400827dca6ba0935aea5c,WAW,MUC,nach DE,MUC,Hub,Warsaw,WAW,42,141,4,12,2,"fluegede,idealo",777.0,Mittel (500-1500km)
69d400827dca6ba0935a9bfd,DUS,ZRH,ab DE,DUS,Hub,Zurich,ZRH,42,69,2,2,2,"fluegede,idealo",444.0,Kurz (0-500km)
69d400827dca6ba0935a9dcb,ZRH,DUS,nach DE,DUS,Hub,Zurich,ZRH,42,63,2,2,2,"fluegede,idealo",444.0,Kurz (0-500km)
69d400827dca6ba0935ae8f8,CPH,MUC,nach DE,MUC,Hub,Copenhagen,CPH,42,47,4,4,2,"fluegede,idealo",810.0,Mittel (500-1500km)
69d400827dca6ba0935ae8ec,BRU,MUC,nach DE,MUC,Hub,Brussels,BRU,41,129,2,10,2,"fluegede,idealo",594.0,Mittel (500-1500km)
69d400827dca6ba0935ae9ce,MUC,BRU,ab DE,MUC,Hub,Brussels,BRU,41,119,3,7,2,"fluegede,idealo",594.0,Mittel (500-1500km)
69d400827dca6ba0935aea65,ZRH,MUC,nach DE,MUC,Hub,Zurich,ZRH,41,101,2,5,2,"fluegede,idealo",261.0,Kurz (0-500km)
69d400827dca6ba0935aea13,MUC,ZRH,ab DE,MUC,Hub,Zurich,ZRH,41,90,2,7,2,"fluegede,idealo",261.0,Kurz (0-500km)
69d400827dca6ba0935a9bce,DUS,AYT,ab DE,DUS,Hub,Antalya,AYT,41,89,5,6,2,"fluegede,idealo",2479.0,Lang (>1500km)
69d400827dca6ba0935b505b,LHR,BER,nach DE,BER,Hub,London,LHR,41,69,2,5,2,"fluegede,idealo",961.0,Mittel (500-1500km)
69d400827dca6ba0935ab46f,CPH,FRA,nach DE,FRA,Hub,Copenhagen,CPH,40,170,5,14,2,"fluegede,idealo",680.0,Mittel (500-1500km)
69d400827dca6ba0935a9bf2,DUS,SAW,ab DE,DUS,Hub,Istanbul,SAW,40,133,2,8,2,"fluegede,idealo",2074.0,Lang (>1500km)
69d400827dca6ba0935ab4c1,FRA,CPH,ab DE,FRA,Hub,Copenhagen,CPH,40,46,3,3,2,"fluegede,idealo",680.0,Mittel (500-1500km)
69d400827dca6ba0935abd45,FRA,AYT,ab DE,FRA,Hub,Antalya,AYT,39,47,5,5,2,"fluegede,idealo",2299.0,Lang (>1500km)
69d400827dca6ba0935ac760,BRU,FRA,nach DE,FRA,Hub,Brussels,BRU,39,45,2,2,2,"fluegede,idealo",307.0,Kurz (0-500km)
69d400827dca6ba0935ac785,FRA,BRU,ab DE,FRA,Hub,Brussels,BRU,39,45,2,2,2,"fluegede,idealo",307.0,Kurz (0-500km)
69d400827dca6ba0935abd29,AYT,FRA,nach DE,FRA,Hub,Antalya,AYT,38,215,6,11,2,"fluegede,idealo",2299.0,Lang (>1500km)
69d400827dca6ba0935ae9e5,MUC,IST,ab DE,MUC,Hub,Istanbul,IST,38,186,6,18,2,"fluegede,idealo",1548.0,Lang (>1500km)
69d400827dca6ba0935aa31c,CDG,DUS,nach DE,DUS,Hub,Paris,CDG,38,169,2,8,2,"fluegede,idealo",393.0,Kurz (0-500km)
69d400827dca6ba0935a9bad,CGN,MUC,Inland,CGN,Hub,,,38,157,3,3,2,"fluegede,idealo",436.0,Kurz (0-500km)
69d400827dca6ba0935ac514,FRA,DUB,ab DE,FRA,Hub,Dublin,DUB,38,134,3,10,2,"fluegede,idealo",1085.0,Mittel (500-1500km)
69d400827dca6ba0935a9cd1,MUC,VIE,ab DE,MUC,Hub,Vienna,VIE,38,113,2,8,3,"check24,fluegede,idealo",355.0,Kurz (0-500km)
69d400827dca6ba0935a9db3,VIE,MUC,nach DE,MUC,Hub,Vienna,VIE,38,80,2,4,2,"fluegede,idealo",355.0,Kurz (0-500km)
69d400827dca6ba0935ae99e,IST,MUC,nach DE,MUC,Hub,Istanbul,IST,38,76,2,4,2,"fluegede,idealo",1548.0,Lang (>1500km)
69d400827dca6ba0935a9cb3,MUC,CGN,Inland,MUC,Hub,,,38,67,3,3,2,"fluegede,idealo",436.0,Kurz (0-500km)
69d400827dca6ba0935b1d87,BER,LHR,ab DE,BER,Hub,London,LHR,38,65,2,5,2,"fluegede,idealo",961.0,Mittel (500-1500km)
69d400827dca6ba0935aa3b9,DUS,CDG,ab DE,DUS,Hub,Paris,CDG,38,44,1,1,2,"fluegede,idealo",393.0,Kurz (0-500km)
69d400827dca6ba0935a8761,HAM,LHR,ab DE,HAM,Hub,London,LHR,37,199,6,14,2,"fluegede,idealo",745.0,Mittel (500-1500km)
69d400827dca6ba0935a87d2,SAW,CGN,nach DE,CGN,Hub,Istanbul,SAW,37,116,2,5,2,"fluegede,idealo",2030.0,Lang (>1500km)
69d400827dca6ba0935a8756,HAM,CDG,ab DE,HAM,Hub,Paris,CDG,36,191,6,13,2,"fluegede,idealo",728.0,Mittel (500-1500km)
69d400827dca6ba0935abd2a,AYT,HAJ,nach DE,HAJ,Provinz,Antalya,AYT,36,159,3,8,2,"fluegede,idealo",2387.0,Lang (>1500km)
69d400827dca6ba0935ac4e3,DUB,FRA,nach DE,FRA,Hub,Dublin,DUB,36,135,4,12,2,"fluegede,idealo",1085.0,Mittel (500-1500km)
69d400827dca6ba0935a86dd,CGN,SAW,ab DE,CGN,Hub,Istanbul,SAW,36,114,2,4,2,"fluegede,idealo",2030.0,Lang (>1500km)
69d400827dca6ba0935a86aa,CDG,HAM,nach DE,HAM,Hub,Paris,CDG,36,42,2,2,3,"check24,fluegede,idealo",728.0,Mittel (500-1500km)
69d400827dca6ba0935b2bfb,CPH,BER,nach DE,BER,Hub,Copenhagen,CPH,36,41,7,7,2,"fluegede,idealo",366.0,Kurz (0-500km)
69d400827dca6ba0935b1d8b,BER,CPH,ab DE,BER,Hub,Copenhagen,CPH,36,41,6,6,2,"fluegede,idealo",366.0,Kurz (0-500km)
69d400827dca6ba0935aa411,JFK,FRA,nach DE,FRA,Hub,New York,JFK,35,299,11,32,2,"fluegede,idealo",6188.0,Lang (>1500km)
69d400827dca6ba0935ac783,FRA,ARN,ab DE,FRA,Hub,Stockholm,ARN,35,196,3,13,2,"fluegede,idealo",1225.0,Mittel (500-1500km)
69d400827dca6ba0935ac74f,ARN,FRA,nach DE,FRA,Hub,Stockholm,ARN,35,195,5,15,2,"fluegede,idealo",1225.0,Mittel (500-1500km)
69d400827dca6ba0935ae8e5,BRE,FRA,Inland,BRE,Provinz,,,35,62,1,4,2,"fluegede,idealo",336.0,Kurz (0-500km)
69d400827dca6ba0935ae937,FRA,BRE,Inland,FRA,Hub,,,35,47,2,2,2,"fluegede,idealo",336.0,Kurz (0-500km)
69d400827dca6ba0935aa3e0,FRA,JFK,ab DE,FRA,Hub,New York,JFK,35,40,8,8,2,"fluegede,idealo",6188.0,Lang (>1500km)
69d400827dca6ba0935ac78f,FRA,OSL,ab DE,FRA,Hub,Oslo,OSL,35,40,1,1,2,"fluegede,idealo",1142.0,Mittel (500-1500km)
69d400827dca6ba0935ac7e8,OSL,FRA,nach DE,FRA,Hub,Oslo,OSL,35,40,1,1,2,"fluegede,idealo",1142.0,Mittel (500-1500km)
69d400827dca6ba0935ae9b4,LIS,MUC,nach DE,MUC,Hub,Lisbon,LIS,34,215,5,22,2,"fluegede,idealo",1984.0,Lang (>1500km)
69d400827dca6ba0935a8795,LHR,HAM,nach DE,HAM,Hub,London,LHR,34,181,4,12,2,"fluegede,idealo",745.0,Mittel (500-1500km)
69d400827dca6ba0935a9c1f,FRA,HEL,ab DE,FRA,Hub,Helsinki,HEL,34,161,4,13,2,"fluegede,idealo",1540.0,Lang (>1500km)
69d400827dca6ba0935a874f,HAM,AMS,ab DE,HAM,Hub,Amsterdam,AMS,34,59,2,7,2,"fluegede,idealo",379.0,Kurz (0-500km)
69d400827dca6ba0935b1d8a,BER,BCN,ab DE,BER,Hub,Barcelona,BCN,34,39,7,7,2,"fluegede,idealo",1502.0,Lang (>1500km)
69d400827dca6ba0935abd72,HAJ,AYT,ab DE,HAJ,Provinz,Antalya,AYT,34,39,3,3,2,"fluegede,idealo",2387.0,Lang (>1500km)
69d400827dca6ba0935ae9ee,MUC,LIS,ab DE,MUC,Hub,Lisbon,LIS,34,39,2,2,2,"fluegede,idealo",1984.0,Lang (>1500km)
69d400827dca6ba0935a9c51,HEL,FRA,nach DE,FRA,Hub,Helsinki,HEL,34,39,2,2,2,"fluegede,idealo",1540.0,Lang (>1500km)
69d400827dca6ba0935a8682,AMS,HAM,nach DE,HAM,Hub,Amsterdam,AMS,34,39,1,1,2,"fluegede,idealo",379.0,Kurz (0-500km)
69d400827dca6ba0935a9134,HER,FRA,nach DE,FRA,Hub,Heraklion,HER,33,186,6,16,2,"fluegede,idealo",2115.0,Lang (>1500km)
69d400827dca6ba0935a912a,FRA,HER,ab DE,FRA,Hub,Heraklion,HER,33,183,6,16,2,"fluegede,idealo",2115.0,Lang (>1500km)
69d400827dca6ba0935a86e8,CGN,VIE,ab DE,CGN,Hub,Vienna,VIE,33,178,5,7,3,"check24,fluegede,idealo",746.0,Mittel (500-1500km)
69d400827dca6ba0935ae926,FLR,FRA,nach DE,FRA,Hub,Firenze,FLR,33,166,5,12,2,"fluegede,idealo",720.0,Mittel (500-1500km)
69d400827dca6ba0935a9c1a,FRA,BEG,ab DE,FRA,Hub,Belgrad,BEG,33,152,4,10,2,"fluegede,idealo",1056.0,Mittel (500-1500km)
69d400827dca6ba0935aea61,ZAG,FRA,nach DE,FRA,Hub,Zagreb,ZAG,33,146,2,13,2,"fluegede,idealo",735.0,Mittel (500-1500km)
69d400827dca6ba0935a8814,STR,VIE,ab DE,STR,Hub,Vienna,VIE,33,146,2,7,2,"fluegede,idealo",546.0,Mittel (500-1500km)
69d400827dca6ba0935a9b91,BEG,FRA,nach DE,FRA,Hub,Belgrad,BEG,33,145,4,11,2,"fluegede,idealo",1056.0,Mittel (500-1500km)
69d400827dca6ba0935a8842,VIE,STR,nach DE,STR,Hub,Vienna,VIE,33,116,4,7,2,"fluegede,idealo",546.0,Mittel (500-1500km)
69d400827dca6ba0935a883f,VIE,CGN,nach DE,CGN,Hub,Vienna,VIE,33,102,3,6,3,"check24,fluegede,idealo",746.0,Mittel (500-1500km)
69d400827dca6ba0935a87bb,PMI,HAJ,nach DE,HAJ,Provinz,Palma De Mallorca,PMI,33,99,4,12,2,"fluegede,idealo",1531.0,Lang (>1500km)
69d400827dca6ba0935af4a8,FRA,SAW,ab DE,FRA,Hub,Istanbul,SAW,33,95,3,7,2,"fluegede,idealo",1901.0,Lang (>1500km)
69d400827dca6ba0935ae6ae,AMS,STR,nach DE,STR,Hub,Amsterdam,AMS,33,90,3,8,2,"fluegede,idealo",511.0,Mittel (500-1500km)
69d400827dca6ba0935ae89e,LUX,FRA,nach DE,FRA,Hub,Luxembourg,LUX,33,87,3,8,2,"fluegede,idealo",189.0,Kurz (0-500km)
69d400827dca6ba0935b1c7e,BCN,BER,nach DE,BER,Hub,Barcelona,BCN,33,40,7,7,2,"fluegede,idealo",1502.0,Lang (>1500km)
69d400827dca6ba0935a9ce1,NUE,AYT,ab DE,NUE,Provinz,Antalya,AYT,33,39,5,5,2,"fluegede,idealo",2115.0,Lang (>1500km)
69d400827dca6ba0935af4e4,SAW,FRA,nach DE,FRA,Hub,Istanbul,SAW,33,38,2,2,2,"fluegede,idealo",1901.0,Lang (>1500km)
69d400827dca6ba0935ae87f,FRA,LUX,ab DE,FRA,Hub,Luxembourg,LUX,33,38,2,2,2,"fluegede,idealo",189.0,Kurz (0-500km)
69d400827dca6ba0935a8745,HAJ,PMI,ab DE,HAJ,Provinz,Palma De Mallorca,PMI,33,37,4,4,2,"fluegede,idealo",1531.0,Lang (>1500km)
69d400827dca6ba0935ae944,FRA,FLR,ab DE,FRA,Hub,Firenze,FLR,33,37,3,3,2,"fluegede,idealo",720.0,Mittel (500-1500km)
69d400827dca6ba0935a9cbc,MUC,HEL,ab DE,MUC,Hub,Helsinki,HEL,32,169,3,13,2,"fluegede,idealo",1575.0,Lang (>1500km)
69d400827dca6ba0935ae97a,FRA,ZAG,ab DE,FRA,Hub,Zagreb,ZAG,32,125,3,8,2,"fluegede,idealo",735.0,Mittel (500-1500km)
69d400827dca6ba0935ae6e6,STR,AMS,ab DE,STR,Hub,Amsterdam,AMS,32,121,2,9,2,"fluegede,idealo",511.0,Mittel (500-1500km)
69d400827dca6ba0935b0012,DUS,IST,ab DE,DUS,Hub,Istanbul,IST,32,116,1,3,2,"fluegede,idealo",2011.0,Lang (>1500km)
69d400827dca6ba0935b006b,IST,DUS,nach DE,DUS,Hub,Istanbul,IST,32,110,1,3,2,"fluegede,idealo",2011.0,Lang (>1500km)
69d400827dca6ba0935a9c10,FMO,PMI,ab DE,FMO,Provinz,Palma De Mallorca,PMI,32,100,4,4,2,"fluegede,idealo",1450.0,Mittel (500-1500km)
69d400827dca6ba0935ae8e6,BRE,MUC,Inland,BRE,Provinz,,,32,75,1,3,2,"fluegede,idealo",563.0,Mittel (500-1500km)
69d400827dca6ba0935ae9e0,MUC,HAJ,Inland,MUC,Hub,,,32,66,1,5,2,"fluegede,idealo",480.0,Kurz (0-500km)
69d400827dca6ba0935a8717,DUS,HER,ab DE,DUS,Hub,Heraklion,HER,32,54,6,6,3,"check24,fluegede,idealo",2303.0,Lang (>1500km)
69d400827dca6ba0935b6e8a,SAW,BER,nach DE,BER,Hub,Istanbul,SAW,32,44,2,2,2,"fluegede,idealo",1748.0,Lang (>1500km)
69d400827dca6ba0935b1d8c,BER,SAW,ab DE,BER,Hub,Istanbul,SAW,32,41,2,2,2,"fluegede,idealo",1748.0,Lang (>1500km)
69d400827dca6ba0935a9c53,HEL,MUC,nach DE,MUC,Hub,Helsinki,HEL,32,37,2,2,3,"check24,fluegede,idealo",1575.0,Lang (>1500km)
69d400827dca6ba0935a9d43,STR,AYT,ab DE,STR,Hub,Antalya,AYT,32,37,2,2,2,"fluegede,idealo",2182.0,Lang (>1500km)
69d400827dca6ba0935b5a45,MUC,LIN,ab DE,MUC,Hub,Milan,LIN,32,36,3,3,2,"fluegede,idealo",375.0,Kurz (0-500km)
69d400827dca6ba0935a9b88,AYT,NUE,nach DE,NUE,Provinz,Antalya,AYT,31,138,5,8,2,"fluegede,idealo",2115.0,Lang (>1500km)
69d400827dca6ba0935ae9a6,KRK,FRA,nach DE,FRA,Hub,Kraków,KRK,31,127,3,12,2,"fluegede,idealo",802.0,Mittel (500-1500km)
69d400827dca6ba0935a8771,HAM,STR,Inland,HAM,Hub,,,31,121,3,6,2,"fluegede,idealo",552.0,Mittel (500-1500km)
69d400827dca6ba0935b4515,IST,BER,nach DE,BER,Hub,Istanbul,IST,31,74,1,3,2,"fluegede,idealo",1686.0,Lang (>1500km)
69d400827dca6ba0935b1d89,BER,IST,ab DE,BER,Hub,Istanbul,IST,31,74,1,3,2,"fluegede,idealo",1686.0,Lang (>1500km)
69d400827dca6ba0935ae98c,HAJ,MUC,Inland,HAJ,Provinz,,,31,64,1,6,2,"fluegede,idealo",480.0,Kurz (0-500km)
69d400827dca6ba0935ae9cd,MUC,BRE,Inland,MUC,Hub,,,31,64,1,2,2,"fluegede,idealo",563.0,Mittel (500-1500km)
69d400827dca6ba0935a9c07,FKB,PMI,ab DE,FKB,Provinz,Palma De Mallorca,PMI,31,57,2,5,2,"fluegede,idealo",1110.0,Mittel (500-1500km)
69d400827dca6ba0935a9d0a,PMI,FKB,nach DE,FKB,Provinz,Palma De Mallorca,PMI,31,39,2,3,2,"fluegede,idealo",1110.0,Mittel (500-1500km)
69d400827dca6ba0935b5129,LIN,MUC,nach DE,MUC,Hub,Milan,LIN,31,37,3,3,2,"fluegede,idealo",375.0,Kurz (0-500km)
69d400827dca6ba0935a87fd,STR,HAM,Inland,STR,Hub,,,31,37,1,1,2,"fluegede,idealo",552.0,Mittel (500-1500km)
69d400827dca6ba0935a9137,HER,MUC,nach DE,MUC,Hub,Heraklion,HER,31,36,5,5,2,"fluegede,idealo",1818.0,Lang (>1500km)
69d400827dca6ba0935ae954,FRA,KRK,ab DE,FRA,Hub,Kraków,KRK,31,35,2,2,2,"fluegede,idealo",802.0,Mittel (500-1500km)
69d400827dca6ba0935aea18,NCE,MUC,nach DE,MUC,Hub,Nice,NCE,31,35,1,1,2,"fluegede,idealo",630.0,Mittel (500-1500km)
69d400827dca6ba0935ae9f5,MUC,NCE,ab DE,MUC,Hub,Nice,NCE,31,35,1,1,2,"fluegede,idealo",630.0,Mittel (500-1500km)
69d400827dca6ba0935b1d93,BER,BRU,ab DE,BER,Hub,Brussels,BRU,31,34,1,1,2,"fluegede,idealo",669.0,Mittel (500-1500km)
69d400827dca6ba0935ac2d5,ARN,MUC,nach DE,MUC,Hub,Stockholm,ARN,30,176,3,14,2,"fluegede,idealo",1317.0,Mittel (500-1500km)
69d400827dca6ba0935a87d6,SAW,STR,nach DE,STR,Hub,Istanbul,SAW,30,75,2,6,3,"check24,fluegede,idealo",1799.0,Lang (>1500km)
69d400827dca6ba0935a916c,MUC,HER,ab DE,MUC,Hub,Heraklion,HER,30,36,5,5,2,"fluegede,idealo",1818.0,Lang (>1500km)
69d400827dca6ba0935a9d0b,PMI,FMO,nach DE,FMO,Provinz,Palma De Mallorca,PMI,30,36,3,3,2,"fluegede,idealo",1450.0,Mittel (500-1500km)
69d400827dca6ba0935ac3b4,MUC,ARN,ab DE,MUC,Hub,Stockholm,ARN,30,34,2,2,2,"fluegede,idealo",1317.0,Mittel (500-1500km)
69d400827dca6ba0935a877e,HER,DUS,nach DE,DUS,Hub,Heraklion,HER,29,195,7,20,2,"fluegede,idealo",2303.0,Lang (>1500km)
69d400827dca6ba0935a9b8a,AYT,STR,nach DE,STR,Hub,Antalya,AYT,29,181,3,8,2,"fluegede,idealo",2182.0,Lang (>1500km)
69d400827dca6ba0935ac79d,GVA,FRA,nach DE,FRA,Hub,Geneva,GVA,29,126,2,9,2,"fluegede,idealo",458.0,Kurz (0-500km)
69d400827dca6ba0935a880d,STR,SAW,ab DE,STR,Hub,Istanbul,SAW,29,91,2,6,2,"fluegede,idealo",1799.0,Lang (>1500km)
69d400827dca6ba0935ae8b9,MUC,LUX,ab DE,MUC,Hub,Luxembourg,LUX,29,87,2,7,2,"fluegede,idealo",429.0,Kurz (0-500km)
69d400827dca6ba0935a9ccc,MUC,SAW,ab DE,MUC,Hub,Istanbul,SAW,29,85,3,9,2,"fluegede,idealo",1610.0,Lang (>1500km)
69d400827dca6ba0935a9d31,SAW,MUC,nach DE,MUC,Hub,Istanbul,SAW,29,76,2,10,2,"fluegede,idealo",1610.0,Lang (>1500km)
69d400827dca6ba0935b3e6a,HEL,BER,nach DE,BER,Hub,Helsinki,HEL,29,35,2,2,2,"fluegede,idealo",1129.0,Mittel (500-1500km)
69d400827dca6ba0935b1d8f,BER,STR,Inland,BER,Hub,,,29,35,1,1,2,"fluegede,idealo",508.0,Mittel (500-1500km)
69d400827dca6ba0935b754f,STR,BER,Inland,STR,Hub,,,29,35,1,1,2,"fluegede,idealo",508.0,Mittel (500-1500km)
69d400827dca6ba0935b1d95,BER,HEL,ab DE,BER,Hub,Helsinki,HEL,29,34,2,2,2,"fluegede,idealo",1129.0,Mittel (500-1500km)
69d400827dca6ba0935ae8aa,LUX,MUC,nach DE,MUC,Hub,Luxembourg,LUX,29,33,2,2,2,"fluegede,idealo",429.0,Kurz (0-500km)
69d400827dca6ba0935aea37,SFO,FRA,nach DE,FRA,Hub,San Francisco,SFO,28,312,6,25,2,"fluegede,idealo",9148.0,Lang (>1500km)
69d400827dca6ba0935a9feb,YYZ,FRA,nach DE,FRA,Hub,Mississauga,YYZ,28,280,4,27,2,"fluegede,idealo",6343.0,Lang (>1500km)
69d400827dca6ba0935aea23,ORD,FRA,nach DE,FRA,Hub,Chicago,ORD,28,276,7,28,2,"fluegede,idealo",6970.0,Lang (>1500km)
69d400827dca6ba0935a9e3c,FRA,YYZ,ab DE,FRA,Hub,Mississauga,YYZ,28,256,8,28,2,"fluegede,idealo",6343.0,Lang (>1500km)
69d400827dca6ba0935a870a,DUS,BCN,ab DE,DUS,Hub,Barcelona,BCN,28,252,5,15,2,"fluegede,idealo",1167.0,Mittel (500-1500km)
69d400827dca6ba0935a868c,BCN,DUS,nach DE,DUS,Hub,Barcelona,BCN,28,213,4,16,3,"check24,fluegede,idealo",1167.0,Mittel (500-1500km)
69d400827dca6ba0935aea17,NCE,FRA,nach DE,FRA,Hub,Nice,NCE,28,169,1,11,2,"fluegede,idealo",715.0,Mittel (500-1500km)
69d400827dca6ba0935ae8e1,BLQ,FRA,nach DE,FRA,Hub,Bologna,BLQ,28,133,4,14,2,"fluegede,idealo",645.0,Mittel (500-1500km)
69d400827dca6ba0935ae935,FRA,BLQ,ab DE,FRA,Hub,Bologna,BLQ,28,123,4,12,2,"fluegede,idealo",645.0,Mittel (500-1500km)
69d400827dca6ba0935ae9d0,MUC,BUD,ab DE,MUC,Hub,Budapest,BUD,28,105,2,11,2,"fluegede,idealo",566.0,Mittel (500-1500km)
69d400827dca6ba0935ae8e2,BLQ,MUC,nach DE,MUC,Hub,Bologna,BLQ,28,87,5,10,2,"fluegede,idealo",426.0,Kurz (0-500km)
69d400827dca6ba0935ae8e0,BLL,FRA,nach DE,FRA,Hub,Billund,BLL,28,83,2,6,2,"fluegede,idealo",637.0,Mittel (500-1500km)
69d400827dca6ba0935ae934,FRA,BLL,ab DE,FRA,Hub,Billund,BLL,28,81,1,5,2,"fluegede,idealo",637.0,Mittel (500-1500km)
69d400827dca6ba0935ae9cb,MUC,BLQ,ab DE,MUC,Hub,Bologna,BLQ,28,76,3,8,2,"fluegede,idealo",426.0,Kurz (0-500km)
69d400827dca6ba0935ae98b,HAJ,FRA,Inland,HAJ,Provinz,,,28,64,1,4,2,"fluegede,idealo",282.0,Kurz (0-500km)
69d400827dca6ba0935b0076,IST,HAM,nach DE,HAM,Hub,Istanbul,IST,28,54,1,3,2,"fluegede,idealo",1958.0,Lang (>1500km)
69d400827dca6ba0935b0043,HAM,IST,ab DE,HAM,Hub,Istanbul,IST,28,50,1,3,2,"fluegede,idealo",1958.0,Lang (>1500km)
69d400827dca6ba0935ac779,DUS,FRA,Inland,DUS,Hub,,,28,43,1,4,2,"fluegede,idealo",188.0,Kurz (0-500km)
69d400827dca6ba0935aea06,MUC,STR,Inland,MUC,Hub,,,28,35,1,3,2,"fluegede,idealo",192.0,Kurz (0-500km)
69d400827dca6ba0935ae971,FRA,SZG,ab DE,FRA,Hub,Salzburg,SZG,28,34,2,4,2,"fluegede,idealo",410.0,Kurz (0-500km)
69d400827dca6ba0935ae8f2,BUD,MUC,nach DE,MUC,Hub,Budapest,BUD,28,34,2,3,2,"fluegede,idealo",566.0,Mittel (500-1500km)
69d400827dca6ba0935b1da7,BER,AYT,ab DE,BER,Hub,Antalya,AYT,28,33,7,7,2,"fluegede,idealo",2186.0,Lang (>1500km)
69d400827dca6ba0935ac641,MUC,FLR,ab DE,MUC,Hub,Firenze,FLR,28,32,3,3,2,"fluegede,idealo",507.0,Mittel (500-1500km)
69d400827dca6ba0935ae96d,FRA,SFO,ab DE,FRA,Hub,San Francisco,SFO,28,32,3,3,2,"fluegede,idealo",9148.0,Lang (>1500km)
69d400827dca6ba0935ac63e,FLR,MUC,nach DE,MUC,Hub,Firenze,FLR,28,32,3,3,2,"fluegede,idealo",507.0,Mittel (500-1500km)
69d400827dca6ba0935ae967,FRA,ORD,ab DE,FRA,Hub,Chicago,ORD,28,32,2,2,2,"fluegede,idealo",6970.0,Lang (>1500km)
69d400827dca6ba0935ae998,IAD,FRA,nach DE,FRA,Hub,Washington,IAD,28,32,2,2,2,"fluegede,idealo",6549.0,Lang (>1500km)
69d400827dca6ba0935b1d92,BER,DUB,ab DE,BER,Hub,Dublin,DUB,28,32,2,2,2,"fluegede,idealo",1327.0,Mittel (500-1500km)
69d400827dca6ba0935aea46,SZG,FRA,nach DE,FRA,Hub,Salzburg,SZG,28,32,2,2,2,"fluegede,idealo",410.0,Kurz (0-500km)
69d400827dca6ba0935ae94d,FRA,IAD,ab DE,FRA,Hub,Washington,IAD,28,32,2,2,2,"fluegede,idealo",6549.0,Lang (>1500km)
69d400827dca6ba0935ae94a,FRA,HAJ,Inland,FRA,Hub,,,28,32,1,1,2,"fluegede,idealo",282.0,Kurz (0-500km)
69d400827dca6ba0935ae962,FRA,NCE,ab DE,FRA,Hub,Nice,NCE,28,32,1,1,2,"fluegede,idealo",715.0,Mittel (500-1500km)
69d400827dca6ba0935aea42,STR,MUC,Inland,STR,Hub,,,28,32,1,1,2,"fluegede,idealo",192.0,Kurz (0-500km)
69d400827dca6ba0935ac787,FRA,DUS,Inland,FRA,Hub,,,28,32,1,1,2,"fluegede,idealo",188.0,Kurz (0-500km)
69d400827dca6ba0935a879d,MAD,DUS,nach DE,DUS,Hub,Madrid,MAD,27,174,5,21,3,"check24,fluegede,idealo",1439.0,Mittel (500-1500km)
69d400827dca6ba0935aea0a,MUC,TLS,ab DE,MUC,Hub,Toulouse/Blagnac,TLS,27,97,2,8,2,"fluegede,idealo",960.0,Mittel (500-1500km)
69d400827dca6ba0935ac7d1,LYS,FRA,nach DE,FRA,Hub,Lyon,LYS,27,91,3,11,2,"fluegede,idealo",543.0,Mittel (500-1500km)
69d400827dca6ba0935ae984,GRZ,FRA,nach DE,FRA,Hub,Graz,GRZ,27,90,4,7,2,"fluegede,idealo",610.0,Mittel (500-1500km)
69d400827dca6ba0935ae9fd,MUC,PRG,ab DE,MUC,Hub,Prague,PRG,27,62,2,7,2,"fluegede,idealo",265.0,Kurz (0-500km)
69d400827dca6ba0935ae6e1,NUE,AMS,ab DE,NUE,Provinz,Amsterdam,AMS,27,60,3,6,2,"fluegede,idealo",541.0,Mittel (500-1500km)
69d400827dca6ba0935aea2e,PRG,MUC,nach DE,MUC,Hub,Prague,PRG,27,57,2,6,2,"fluegede,idealo",265.0,Kurz (0-500km)
69d400827dca6ba0935ae6a9,AMS,NUE,nach DE,NUE,Provinz,Amsterdam,AMS,27,57,1,5,2,"fluegede,idealo",541.0,Mittel (500-1500km)
69d400827dca6ba0935a9c0d,FMO,AYT,ab DE,FMO,Provinz,Antalya,AYT,27,45,3,4,2,"fluegede,idealo",2476.0,Lang (>1500km)
69d400827dca6ba0935a9b84,AYT,FMO,nach DE,FMO,Provinz,Antalya,AYT,27,44,3,4,2,"fluegede,idealo",2476.0,Lang (>1500km)
69d400827dca6ba0935b1d98,BER,ARN,ab DE,BER,Hub,Stockholm,ARN,27,31,4,4,2,"fluegede,idealo",855.0,Mittel (500-1500km)
69d400827dca6ba0935b1954,ARN,BER,nach DE,BER,Hub,Stockholm,ARN,27,31,4,4,2,"fluegede,idealo",855.0,Mittel (500-1500km)
69d400827dca6ba0935ac644,VCE,MUC,nach DE,MUC,Hub,Venezia,VCE,27,31,3,3,2,"fluegede,idealo",320.0,Kurz (0-500km)
69d400827dca6ba0935ac642,MUC,VCE,ab DE,MUC,Hub,Venezia,VCE,27,31,3,3,2,"fluegede,idealo",320.0,Kurz (0-500km)
69d400827dca6ba0935aea4a,TLS,MUC,nach DE,MUC,Hub,Toulouse/Blagnac,TLS,27,31,2,2,2,"fluegede,idealo",960.0,Mittel (500-1500km)
69d400827dca6ba0935ac78b,FRA,LYS,ab DE,FRA,Hub,Lyon,LYS,27,31,2,2,2,"fluegede,idealo",543.0,Mittel (500-1500km)
69d400827dca6ba0935ab668,PVG,FRA,nach DE,FRA,Hub,Shanghai,PVG,26,243,4,33,2,"fluegede,idealo",8860.0,Lang (>1500km)
69d400827dca6ba0935aea27,OTP,MUC,nach DE,MUC,Hub,Bucharest,OTP,26,185,4,19,2,"fluegede,idealo",1172.0,Mittel (500-1500km)
69d400827dca6ba0935ac3f4,OSL,MUC,nach DE,MUC,Hub,Oslo,OSL,26,181,2,17,2,"fluegede,idealo",1317.0,Mittel (500-1500km)
69d400827dca6ba0935ae9f9,MUC,OTP,ab DE,MUC,Hub,Bucharest,OTP,26,157,5,18,2,"fluegede,idealo",1172.0,Mittel (500-1500km)
69d400827dca6ba0935a874e,HAJ,VIE,ab DE,HAJ,Provinz,Vienna,VIE,26,123,1,8,3,"check24,fluegede,idealo",687.0,Mittel (500-1500km)
69d400827dca6ba0935a8840,VIE,HAJ,nach DE,HAJ,Provinz,Vienna,VIE,26,98,1,6,2,"fluegede,idealo",687.0,Mittel (500-1500km)
69d400827dca6ba0935b32f1,DUS,BER,Inland,DUS,Hub,,,26,55,1,1,2,"fluegede,idealo",478.0,Kurz (0-500km)
69d400827dca6ba0935b1d94,BER,DUS,Inland,BER,Hub,,,26,55,1,1,2,"fluegede,idealo",478.0,Kurz (0-500km)
69d400827dca6ba0935b2881,CGN,BER,Inland,CGN,Hub,,,26,53,1,1,2,"fluegede,idealo",469.0,Kurz (0-500km)
69d400827dca6ba0935b1d8d,BER,CGN,Inland,BER,Hub,,,26,51,1,1,2,"fluegede,idealo",469.0,Kurz (0-500km)
69d400827dca6ba0935b23c4,BRU,BER,nach DE,BER,Hub,Brussels,BRU,26,34,1,1,2,"fluegede,idealo",669.0,Mittel (500-1500km)
69d400827dca6ba0935ae928,FMO,MUC,Inland,FMO,Provinz,,,26,33,1,3,2,"fluegede,idealo",511.0,Mittel (500-1500km)
69d400827dca6ba0935ae9da,MUC,FMO,Inland,MUC,Hub,,,26,32,1,2,2,"fluegede,idealo",511.0,Mittel (500-1500km)
69d400827dca6ba0935a871c,DUS,MAD,ab DE,DUS,Hub,Madrid,MAD,26,31,3,3,2,"fluegede,idealo",1439.0,Mittel (500-1500km)
69d400827dca6ba0935ae948,FRA,GRZ,ab DE,FRA,Hub,Graz,GRZ,26,31,2,2,2,"fluegede,idealo",610.0,Mittel (500-1500km)
69d400827dca6ba0935b329e,DUB,BER,nach DE,BER,Hub,Dublin,DUB,26,30,2,2,2,"fluegede,idealo",1327.0,Mittel (500-1500km)
69d400827dca6ba0935ac3b5,MUC,OSL,ab DE,MUC,Hub,Oslo,OSL,26,30,2,2,2,"fluegede,idealo",1317.0,Mittel (500-1500km)
69d400827dca6ba0935aea1d,NUE,FRA,Inland,NUE,Provinz,,,26,30,1,1,2,"fluegede,idealo",191.0,Kurz (0-500km)
69d400827dca6ba0935ac790,FRA,OTP,ab DE,FRA,Hub,Bucharest,OTP,26,29,4,4,2,"fluegede,idealo",1452.0,Mittel (500-1500km)
69d400827dca6ba0935a872b,DUS,WAW,ab DE,DUS,Hub,Warsaw,WAW,25,197,2,8,2,"fluegede,idealo",981.0,Mittel (500-1500km)
69d400827dca6ba0935ac532,MUC,DUB,ab DE,MUC,Hub,Dublin,DUB,25,177,2,15,2,"fluegede,idealo",1381.0,Mittel (500-1500km)
69d400827dca6ba0935a8848,WAW,DUS,nach DE,DUS,Hub,Warsaw,WAW,25,160,4,13,2,"fluegede,idealo",981.0,Mittel (500-1500km)
69d400827dca6ba0935ae8d4,BEG,MUC,nach DE,MUC,Hub,Belgrad,BEG,25,104,5,11,2,"fluegede,idealo",760.0,Mittel (500-1500km)
69d400827dca6ba0935aea15,MXP,MUC,nach DE,MUC,Hub,Milan,MXP,25,93,3,9,2,"fluegede,idealo",381.0,Kurz (0-500km)
69d400827dca6ba0935aea62,ZAG,MUC,nach DE,MUC,Hub,Zagreb,ZAG,25,91,3,8,2,"fluegede,idealo",435.0,Kurz (0-500km)
69d400827dca6ba0935aea12,MUC,ZAG,ab DE,MUC,Hub,Zagreb,ZAG,25,79,2,7,2,"fluegede,idealo",435.0,Kurz (0-500km)
69d400827dca6ba0935ae9c7,MUC,BEG,ab DE,MUC,Hub,Belgrad,BEG,25,32,2,3,2,"fluegede,idealo",760.0,Mittel (500-1500km)
69d400827dca6ba0935ac7e9,OTP,FRA,nach DE,FRA,Hub,Bucharest,OTP,25,30,4,5,2,"fluegede,idealo",1452.0,Mittel (500-1500km)
69d400827dca6ba0935ae964,FRA,NUE,Inland,FRA,Hub,,,25,30,1,1,2,"fluegede,idealo",191.0,Kurz (0-500km)
69d400827dca6ba0935ae9f4,MUC,MXP,ab DE,MUC,Hub,Milan,MXP,25,29,3,3,2,"fluegede,idealo",381.0,Kurz (0-500km)
69d400827dca6ba0935ab4c5,FRA,PVG,ab DE,FRA,Hub,Shanghai,PVG,25,29,3,3,2,"fluegede,idealo",8860.0,Lang (>1500km)
69d400827dca6ba0935ac789,FRA,GVA,ab DE,FRA,Hub,Geneva,GVA,25,29,2,2,2,"fluegede,idealo",458.0,Kurz (0-500km)
69d400827dca6ba0935b1df9,BER,HER,ab DE,BER,Hub,Heraklion,HER,24,28,10,10,2,"fluegede,idealo",2106.0,Lang (>1500km)
69d400827dca6ba0935b547b,MAD,BER,nach DE,BER,Hub,Madrid,MAD,24,27,4,4,2,"fluegede,idealo",1849.0,Lang (>1500km)
69d400827dca6ba0935a9b85,AYT,HAM,nach DE,HAM,Hub,Antalya,AYT,23,172,6,13,2,"fluegede,idealo",2454.0,Lang (>1500km)
69d400827dca6ba0935ac79b,GOT,FRA,nach DE,FRA,Hub,Gothenburg,GOT,23,119,2,10,2,"fluegede,idealo",883.0,Mittel (500-1500km)
69d400827dca6ba0935aea50,TUN,FRA,nach DE,FRA,Hub,Tunis,TUN,23,99,4,11,2,"fluegede,idealo",1471.0,Mittel (500-1500km)
69d400827dca6ba0935ae975,FRA,TUN,ab DE,FRA,Hub,Tunis,TUN,23,83,5,11,2,"fluegede,idealo",1471.0,Mittel (500-1500km)
69d400827dca6ba0935a9d04,PMI,BRE,nach DE,BRE,Provinz,Palma De Mallorca,PMI,23,77,5,9,2,"fluegede,idealo",1570.0,Lang (>1500km)
69d400827dca6ba0935aac91,AMS,DUS,nach DE,DUS,Hub,Amsterdam,AMS,23,40,1,1,2,"fluegede,idealo",178.0,Kurz (0-500km)
69d400827dca6ba0935aace5,DUS,AMS,ab DE,DUS,Hub,Amsterdam,AMS,23,40,1,1,2,"fluegede,idealo",178.0,Kurz (0-500km)
69d400827dca6ba0935b61bd,ORY,BER,nach DE,BER,Hub,Paris,ORY,23,30,1,2,2,"fluegede,idealo",884.0,Mittel (500-1500km)
69d400827dca6ba0935b1d8e,BER,ORY,ab DE,BER,Hub,Paris,ORY,23,30,1,2,2,"fluegede,idealo",884.0,Mittel (500-1500km)
69d400827dca6ba0935a9caf,MUC,AYT,ab DE,MUC,Hub,Antalya,AYT,23,28,3,3,2,"fluegede,idealo",2001.0,Lang (>1500km)
69d400827dca6ba0935ae8f3,CAI,FRA,nach DE,FRA,Hub,Cairo,CAI,23,27,4,4,2,"fluegede,idealo",2923.0,Lang (>1500km)
69d400827dca6ba0935b1d96,BER,MAD,ab DE,BER,Hub,Madrid,MAD,23,27,3,3,2,"fluegede,idealo",1849.0,Lang (>1500km)
69d400827dca6ba0935ac4f7,DUB,MUC,nach DE,MUC,Hub,Dublin,DUB,23,27,2,2,2,"fluegede,idealo",1381.0,Mittel (500-1500km)
69d400827dca6ba0935ac788,FRA,GOT,ab DE,FRA,Hub,Gothenburg,GOT,23,27,1,1,2,"fluegede,idealo",883.0,Mittel (500-1500km)
69d400827dca6ba0935ae939,FRA,CAI,ab DE,FRA,Hub,Cairo,CAI,22,226,7,26,2,"fluegede,idealo",2923.0,Lang (>1500km)
69d400827dca6ba0935a8751,HAM,BCN,ab DE,HAM,Hub,Barcelona,BCN,22,219,5,19,2,"fluegede,idealo",1493.0,Mittel (500-1500km)
69d400827dca6ba0935a868e,BCN,HAM,nach DE,HAM,Hub,Barcelona,BCN,22,188,4,19,3,"check24,fluegede,idealo",1493.0,Mittel (500-1500km)
69d400827dca6ba0935a8726,DUS,SKG,ab DE,DUS,Hub,Thessaloniki,SKG,22,186,4,15,3,"check24,fluegede,idealo",1727.0,Lang (>1500km)
69d400827dca6ba0935a9b96,BRE,PMI,ab DE,BRE,Provinz,Palma De Mallorca,PMI,22,172,5,12,2,"fluegede,idealo",1570.0,Lang (>1500km)
69d400827dca6ba0935a918b,SKG,MUC,nach DE,MUC,Hub,Thessaloniki,SKG,22,153,2,15,2,"fluegede,idealo",1242.0,Mittel (500-1500km)
69d400827dca6ba0935a9c44,HAM,AYT,ab DE,HAM,Hub,Antalya,AYT,22,148,6,13,3,"check24,fluegede,idealo",2454.0,Lang (>1500km)
69d400827dca6ba0935ac7f4,SOF,FRA,nach DE,FRA,Hub,Sofia,SOF,22,137,4,15,2,"fluegede,idealo",1398.0,Mittel (500-1500km)
69d400827dca6ba0935ac94f,FRA,SOF,ab DE,FRA,Hub,Sofia,SOF,22,137,3,13,2,"fluegede,idealo",1398.0,Mittel (500-1500km)
69d400827dca6ba0935a9bba,CTA,MUC,nach DE,MUC,Hub,Catania,CTA,22,132,3,12,2,"fluegede,idealo",1239.0,Mittel (500-1500km)
69d400827dca6ba0935ae8dc,BIO,FRA,nach DE,FRA,Hub,Bilbao,BIO,22,117,2,14,2,"fluegede,idealo",1148.0,Mittel (500-1500km)
69d400827dca6ba0935ae932,FRA,BIO,ab DE,FRA,Hub,Bilbao,BIO,22,117,2,12,2,"fluegede,idealo",1148.0,Mittel (500-1500km)
69d400827dca6ba0935ac9da,KEF,FRA,nach DE,FRA,Hub,Reykjavik,KEF,22,103,2,13,2,"fluegede,idealo",2401.0,Lang (>1500km)
69d400827dca6ba0935a87dc,SKG,DUS,nach DE,DUS,Hub,Thessaloniki,SKG,22,36,3,4,2,"fluegede,idealo",1727.0,Lang (>1500km)
69d400827dca6ba0935b1d9b,BER,LIS,ab DE,BER,Hub,Lisbon,LIS,22,31,3,3,2,"fluegede,idealo",2303.0,Lang (>1500km)
69d400827dca6ba0935ae966,FRA,OPO,ab DE,FRA,Hub,Porto,OPO,22,29,2,3,2,"fluegede,idealo",1651.0,Lang (>1500km)
69d400827dca6ba0935aea22,OPO,FRA,nach DE,FRA,Hub,Porto,OPO,22,27,2,3,2,"fluegede,idealo",1651.0,Lang (>1500km)
69d400827dca6ba0935a9cb4,MUC,CTA,ab DE,MUC,Hub,Catania,CTA,22,26,3,4,2,"fluegede,idealo",1239.0,Mittel (500-1500km)
69d400827dca6ba0935a916e,MUC,SKG,ab DE,MUC,Hub,Thessaloniki,SKG,22,26,2,3,3,"check24,fluegede,idealo",1242.0,Mittel (500-1500km)
69d400827dca6ba0935ac9cd,FRA,KEF,ab DE,FRA,Hub,Reykjavik,KEF,22,25,2,2,2,"fluegede,idealo",2401.0,Lang (>1500km)
69d400827dca6ba0935ae9ab,LAX,FRA,nach DE,FRA,Hub,Los Angeles,LAX,21,314,9,28,2,"fluegede,idealo",9321.0,Lang (>1500km)
69d400827dca6ba0935ae8e3,BOS,FRA,nach DE,FRA,Hub,Boston,BOS,21,274,5,27,2,"fluegede,idealo",5888.0,Lang (>1500km)
69d400827dca6ba0935ae933,FRA,BKK,ab DE,FRA,Hub,Bangkok,BKK,21,256,4,30,2,"fluegede,idealo",9002.0,Lang (>1500km)
69d400827dca6ba0935ae8de,BKK,FRA,nach DE,FRA,Hub,Bangkok,BKK,21,254,2,26,2,"fluegede,idealo",9002.0,Lang (>1500km)
69d400827dca6ba0935aea39,SIN,FRA,nach DE,FRA,Hub,Singapore,SIN,21,231,5,29,2,"fluegede,idealo",10281.0,Lang (>1500km)
69d400827dca6ba0935a9e3a,FRA,YVR,ab DE,FRA,Hub,Richmond,YVR,21,230,9,24,2,"fluegede,idealo",8062.0,Lang (>1500km)
69d400827dca6ba0935ae936,FRA,BOS,ab DE,FRA,Hub,Boston,BOS,21,229,6,27,2,"fluegede,idealo",5888.0,Lang (>1500km)
69d400827dca6ba0935a9f63,YVR,FRA,nach DE,FRA,Hub,Richmond,YVR,21,219,8,20,2,"fluegede,idealo",8062.0,Lang (>1500km)
69d400827dca6ba0935a87ec,STR,BCN,ab DE,STR,Hub,Barcelona,BCN,21,153,4,11,2,"fluegede,idealo",995.0,Mittel (500-1500km)
69d400827dca6ba0935a9cc4,MUC,NAP,ab DE,MUC,Hub,Napoli,NAP,21,144,4,15,2,"fluegede,idealo",854.0,Mittel (500-1500km)
69d400827dca6ba0935ae9bd,MAN,FRA,nach DE,FRA,Hub,Manchester,MAN,21,139,5,11,2,"fluegede,idealo",831.0,Mittel (500-1500km)
69d400827dca6ba0935a868f,BCN,STR,nach DE,STR,Hub,Barcelona,BCN,21,137,3,9,2,"fluegede,idealo",995.0,Mittel (500-1500km)
69d400827dca6ba0935a9cd6,NAP,MUC,nach DE,MUC,Hub,Napoli,NAP,21,135,3,13,2,"fluegede,idealo",854.0,Mittel (500-1500km)
69d400827dca6ba0935ae9dd,MUC,GOT,ab DE,MUC,Hub,Gothenburg,GOT,21,135,2,13,2,"fluegede,idealo",1036.0,Mittel (500-1500km)
69d400827dca6ba0935ae982,GOT,MUC,nach DE,MUC,Hub,Gothenburg,GOT,21,135,2,10,2,"fluegede,idealo",1036.0,Mittel (500-1500km)
69d400827dca6ba0935a9bb4,CPH,DUS,nach DE,DUS,Hub,Copenhagen,CPH,21,129,4,10,2,"fluegede,idealo",619.0,Mittel (500-1500km)
69d400827dca6ba0935ae9a7,KRK,MUC,nach DE,MUC,Hub,Kraków,KRK,21,118,3,14,2,"fluegede,idealo",611.0,Mittel (500-1500km)
69d400827dca6ba0935ae8dd,BIO,MUC,nach DE,MUC,Hub,Bilbao,BIO,21,117,2,11,2,"fluegede,idealo",1267.0,Mittel (500-1500km)
69d400827dca6ba0935ae9ea,MUC,KRK,ab DE,MUC,Hub,Kraków,KRK,21,112,3,14,2,"fluegede,idealo",611.0,Mittel (500-1500km)
69d400827dca6ba0935a9c61,HRG,DUS,nach DE,DUS,Hub,Hurghada,HRG,21,106,6,14,2,"fluegede,idealo",3511.0,Lang (>1500km)
69d400827dca6ba0935ae930,FRA,BHX,ab DE,FRA,Hub,Birmingham,BHX,21,85,1,8,2,"fluegede,idealo",765.0,Mittel (500-1500km)
69d400827dca6ba0935ae938,FRA,BSL,ab DE,FRA,Hub,Bale/Mulhouse,BSL,21,80,3,6,2,"fluegede,idealo",281.0,Kurz (0-500km)
69d400827dca6ba0935ae978,FRA,WRO,ab DE,FRA,Hub,Wrocław,WRO,21,74,3,7,2,"fluegede,idealo",601.0,Mittel (500-1500km)
69d400827dca6ba0935ae8d9,BHX,FRA,nach DE,FRA,Hub,Birmingham,BHX,21,73,2,7,2,"fluegede,idealo",765.0,Mittel (500-1500km)
69d400827dca6ba0935aea5d,WRO,FRA,nach DE,FRA,Hub,Wrocław,WRO,21,69,3,7,2,"fluegede,idealo",601.0,Mittel (500-1500km)
69d400827dca6ba0935aea2c,POZ,FRA,nach DE,FRA,Hub,Poznań,POZ,21,65,2,5,2,"fluegede,idealo",635.0,Mittel (500-1500km)
69d400827dca6ba0935a9cc6,MUC,OLB,ab DE,MUC,Hub,Olbia,OLB,21,61,3,13,2,"fluegede,idealo",848.0,Mittel (500-1500km)
69d400827dca6ba0935a9cf2,OLB,MUC,nach DE,MUC,Hub,Olbia,OLB,21,56,4,10,2,"fluegede,idealo",848.0,Mittel (500-1500km)
69d400827dca6ba0935a9c87,LEJ,AYT,ab DE,LEJ,Provinz,Antalya,AYT,21,47,2,5,2,"fluegede,idealo",2179.0,Lang (>1500km)
69d400827dca6ba0935ae8fe,DRS,FRA,Inland,DRS,Provinz,,,21,42,2,3,2,"fluegede,idealo",389.0,Kurz (0-500km)
69d400827dca6ba0935b1d91,BER,STN,ab DE,BER,Hub,London,STN,21,36,1,4,2,"fluegede,idealo",906.0,Mittel (500-1500km)
69d400827dca6ba0935b5040,LGW,FRA,nach DE,FRA,Hub,London,LGW,21,29,1,2,2,"fluegede,idealo",629.0,Mittel (500-1500km)
69d400827dca6ba0935a9186,SKG,FRA,nach DE,FRA,Hub,Thessaloniki,SKG,21,28,2,3,2,"fluegede,idealo",1542.0,Lang (>1500km)
69d400827dca6ba0935b5157,LIS,BER,nach DE,BER,Hub,Lisbon,LIS,21,26,3,3,2,"fluegede,idealo",2303.0,Lang (>1500km)
69d400827dca6ba0935a9bd2,DUS,CPH,ab DE,DUS,Hub,Copenhagen,CPH,21,25,3,3,3,"check24,fluegede,idealo",619.0,Mittel (500-1500km)
69d400827dca6ba0935b1286,FRA,ADB,ab DE,FRA,Hub,Izmir,ADB,21,25,3,3,2,"fluegede,idealo",1967.0,Lang (>1500km)
69d400827dca6ba0935b1276,ADB,FRA,nach DE,FRA,Hub,Izmir,ADB,21,25,3,3,2,"fluegede,idealo",1967.0,Lang (>1500km)
69d400827dca6ba0935ae96e,FRA,SIN,ab DE,FRA,Hub,Singapore,SIN,21,24,3,3,2,"fluegede,idealo",10281.0,Lang (>1500km)
69d400827dca6ba0935ae958,FRA,LAX,ab DE,FRA,Hub,Los Angeles,LAX,21,24,3,3,2,"fluegede,idealo",9321.0,Lang (>1500km)
69d400827dca6ba0935ae94c,FRA,HND,ab DE,FRA,Hub,Tokyo,HND,21,24,2,2,2,"fluegede,idealo",9363.0,Lang (>1500km)
69d400827dca6ba0935ae95d,FRA,MAN,ab DE,FRA,Hub,Manchester,MAN,21,24,2,2,2,"fluegede,idealo",831.0,Mittel (500-1500km)
69d400827dca6ba0935ae969,FRA,POZ,ab DE,FRA,Hub,Poznań,POZ,21,24,2,2,2,"fluegede,idealo",635.0,Mittel (500-1500km)
69d400827dca6ba0935ae995,HND,FRA,nach DE,FRA,Hub,Tokyo,HND,21,24,2,2,2,"fluegede,idealo",9363.0,Lang (>1500km)
69d400827dca6ba0935ac640,MUC,BRI,ab DE,MUC,Hub,Bari,BRI,21,24,2,2,2,"fluegede,idealo",893.0,Mittel (500-1500km)
69d400827dca6ba0935ac63d,BRI,MUC,nach DE,MUC,Hub,Bari,BRI,21,24,2,2,2,"fluegede,idealo",893.0,Mittel (500-1500km)
69d400827dca6ba0935ae8ee,BSL,FRA,nach DE,FRA,Hub,Bale/Mulhouse,BSL,21,24,2,2,2,"fluegede,idealo",281.0,Kurz (0-500km)
69d400827dca6ba0935ae3c3,LJU,FRA,nach DE,FRA,Hub,Ljubljana,LJU,21,24,1,1,2,"fluegede,idealo",609.0,Mittel (500-1500km)
69d400827dca6ba0935ae9f3,MUC,MRS,ab DE,MUC,Hub,Marseille,MRS,21,24,1,1,2,"fluegede,idealo",746.0,Mittel (500-1500km)
69d400827dca6ba0935ac5b1,DXB,FRA,nach DE,FRA,Hub,Dubai,DXB,21,24,1,1,2,"fluegede,idealo",4845.0,Lang (>1500km)
69d400827dca6ba0935ae9c4,MRS,MUC,nach DE,MUC,Hub,Marseille,MRS,21,24,1,1,2,"fluegede,idealo",746.0,Mittel (500-1500km)
69d400827dca6ba0935ae9c9,MUC,BIO,ab DE,MUC,Hub,Bilbao,BIO,21,24,1,1,2,"fluegede,idealo",1267.0,Mittel (500-1500km)
69d400827dca6ba0935b1da1,BER,ATH,ab DE,BER,Hub,Athens,ATH,21,23,3,3,2,"fluegede,idealo",1797.0,Lang (>1500km)
69d400827dca6ba0935a9c19,FRA,AUH,ab DE,FRA,Hub,Abu Dhabi,AUH,20,203,8,20,2,"fluegede,idealo",4864.0,Lang (>1500km)
69d400827dca6ba0935a86b2,CGN,BCN,ab DE,CGN,Hub,Barcelona,BCN,20,189,2,6,2,"fluegede,idealo",1133.0,Mittel (500-1500km)
69d400827dca6ba0935a9be0,DUS,HRG,ab DE,DUS,Hub,Hurghada,HRG,20,157,6,15,2,"fluegede,idealo",3511.0,Lang (>1500km)
69d400827dca6ba0935a9e35,FRA,NAP,ab DE,FRA,Hub,Napoli,NAP,20,145,2,14,2,"fluegede,idealo",1110.0,Mittel (500-1500km)
69d400827dca6ba0935aea3c,SOF,MUC,nach DE,MUC,Hub,Sofia,SOF,20,131,3,17,2,"fluegede,idealo",1101.0,Mittel (500-1500km)
69d400827dca6ba0935ae709,MLA,FRA,nach DE,FRA,Hub,Luqa,MLA,20,130,2,13,2,"fluegede,idealo",1647.0,Lang (>1500km)
69d400827dca6ba0935ae6f8,FRA,MLA,ab DE,FRA,Hub,Luqa,MLA,20,125,4,14,2,"fluegede,idealo",1647.0,Lang (>1500km)
69d400827dca6ba0935a8781,HER,STR,nach DE,STR,Hub,Heraklion,HER,20,118,5,13,2,"fluegede,idealo",1977.0,Lang (>1500km)
69d400827dca6ba0935a868b,BCN,CGN,nach DE,CGN,Hub,Barcelona,BCN,20,114,3,6,2,"fluegede,idealo",1133.0,Mittel (500-1500km)
69d400827dca6ba0935a9e77,MUC,SOF,ab DE,MUC,Hub,Sofia,SOF,20,113,1,14,2,"fluegede,idealo",1101.0,Mittel (500-1500km)
69d400827dca6ba0935ae90f,EDI,FRA,nach DE,FRA,Hub,Edinburgh,EDI,20,102,1,13,2,"fluegede,idealo",1032.0,Mittel (500-1500km)
69d400827dca6ba0935aea0b,MUC,TRN,ab DE,MUC,Hub,Torino,TRN,20,79,3,7,2,"fluegede,idealo",471.0,Kurz (0-500km)
69d400827dca6ba0935ae97b,GDN,FRA,nach DE,FRA,Hub,Gdańsk,GDN,20,75,2,7,2,"fluegede,idealo",830.0,Mittel (500-1500km)
69d400827dca6ba0935a8703,DTM,PMI,ab DE,DTM,Provinz,Palma De Mallorca,PMI,20,64,3,4,2,"fluegede,idealo",1383.0,Mittel (500-1500km)
69d400827dca6ba0935b00b8,IST,STR,nach DE,STR,Hub,Istanbul,IST,20,58,1,3,2,"fluegede,idealo",1736.0,Lang (>1500km)
69d400827dca6ba0935aea4d,TRN,MUC,nach DE,MUC,Hub,Torino,TRN,20,55,3,6,2,"fluegede,idealo",471.0,Kurz (0-500km)
69d400827dca6ba0935b0117,STR,IST,ab DE,STR,Hub,Istanbul,IST,20,55,1,3,2,"fluegede,idealo",1736.0,Lang (>1500km)
69d400827dca6ba0935a87c7,PRN,STR,nach DE,STR,Hub,Lipjan,PRN,20,47,4,8,2,"fluegede,idealo",1141.0,Mittel (500-1500km)
69d400827dca6ba0935a87b9,PMI,DTM,nach DE,DTM,Provinz,Palma De Mallorca,PMI,20,44,2,5,3,"check24,fluegede,idealo",1383.0,Mittel (500-1500km)
69d400827dca6ba0935aacca,BRE,AMS,ab DE,BRE,Provinz,Amsterdam,AMS,20,40,2,4,2,"fluegede,idealo",283.0,Kurz (0-500km)
69d400827dca6ba0935ae93d,FRA,DRS,Inland,FRA,Hub,,,20,36,1,2,2,"fluegede,idealo",389.0,Kurz (0-500km)
69d400827dca6ba0935b1d9a,BER,LGW,ab DE,BER,Hub,London,LGW,20,35,5,6,2,"fluegede,idealo",951.0,Mittel (500-1500km)
69d400827dca6ba0935b5003,LGW,BER,nach DE,BER,Hub,London,LGW,20,35,5,6,2,"fluegede,idealo",951.0,Mittel (500-1500km)
69d400827dca6ba0935aac8c,AMS,BRE,nach DE,BRE,Provinz,Amsterdam,AMS,20,29,1,4,2,"fluegede,idealo",283.0,Kurz (0-500km)
69d400827dca6ba0935b3949,FRA,LGW,ab DE,FRA,Hub,London,LGW,20,29,1,2,2,"fluegede,idealo",629.0,Mittel (500-1500km)
69d400827dca6ba0935b3ea9,HER,BER,nach DE,BER,Hub,Heraklion,HER,20,26,10,10,2,"fluegede,idealo",2106.0,Lang (>1500km)
69d400827dca6ba0935a86e1,CGN,STN,ab DE,CGN,Hub,London,STN,20,24,1,2,2,"fluegede,idealo",492.0,Kurz (0-500km)
69d400827dca6ba0935afc0e,HAM,CPH,ab DE,HAM,Hub,Copenhagen,CPH,20,24,1,1,2,"fluegede,idealo",280.0,Kurz (0-500km)
69d400827dca6ba0935b19e5,ATH,BER,nach DE,BER,Hub,Athens,ATH,20,23,3,3,2,"fluegede,idealo",1797.0,Lang (>1500km)
69d400827dca6ba0935ae946,FRA,GDN,ab DE,FRA,Hub,Gdańsk,GDN,20,23,2,2,2,"fluegede,idealo",830.0,Mittel (500-1500km)
69d400827dca6ba0935a9e7b,NAP,FRA,nach DE,FRA,Hub,Napoli,NAP,20,23,2,2,2,"fluegede,idealo",1110.0,Mittel (500-1500km)
69d400827dca6ba0935b82f3,WAW,BER,nach DE,BER,Hub,Warsaw,WAW,20,23,1,1,2,"fluegede,idealo",508.0,Mittel (500-1500km)
69d400827dca6ba0935ae95a,FRA,LEJ,Inland,FRA,Hub,,,20,23,1,1,2,"fluegede,idealo",304.0,Kurz (0-500km)
69d400827dca6ba0935b0e4f,KTW,DTM,nach DE,DTM,Provinz,Katowice,KTW,20,23,1,1,2,"fluegede,idealo",810.0,Mittel (500-1500km)
69d400827dca6ba0935b0e03,DTM,KTW,ab DE,DTM,Provinz,Katowice,KTW,20,23,1,1,2,"fluegede,idealo",810.0,Mittel (500-1500km)
69d400827dca6ba0935ae9af,LEJ,FRA,Inland,LEJ,Provinz,,,20,23,1,1,2,"fluegede,idealo",304.0,Kurz (0-500km)
69d400827dca6ba0935b1da4,BER,WAW,ab DE,BER,Hub,Warsaw,WAW,20,23,1,1,2,"fluegede,idealo",508.0,Mittel (500-1500km)
69d400827dca6ba0935aea24,ORD,MUC,nach DE,MUC,Hub,Chicago,ORD,19,247,4,23,2,"fluegede,idealo",7270.0,Lang (>1500km)
69d400827dca6ba0935a9125,DUS,ATH,ab DE,DUS,Hub,Athens,ATH,19,235,6,21,2,"fluegede,idealo",2003.0,Lang (>1500km)
69d400827dca6ba0935a90d8,ATH,DUS,nach DE,DUS,Hub,Athens,ATH,19,229,5,20,2,"fluegede,idealo",2003.0,Lang (>1500km)
69d400827dca6ba0935ae92c,FRA,AGP,ab DE,FRA,Hub,Malaga,AGP,19,169,2,21,2,"fluegede,idealo",1815.0,Lang (>1500km)
69d400827dca6ba0935a9eb7,VNO,FRA,nach DE,FRA,Hub,Vilnius,VNO,19,136,1,12,2,"fluegede,idealo",1244.0,Mittel (500-1500km)
69d400827dca6ba0935a9c8d,LEJ,PMI,ab DE,LEJ,Provinz,Palma De Mallorca,PMI,19,131,3,9,2,"fluegede,idealo",1512.0,Lang (>1500km)
69d400827dca6ba0935aa3f6,HAJ,CDG,ab DE,HAJ,Provinz,Paris,CDG,19,130,3,10,2,"fluegede,idealo",631.0,Mittel (500-1500km)
69d400827dca6ba0935a9e37,FRA,VNO,ab DE,FRA,Hub,Vilnius,VNO,19,125,2,13,2,"fluegede,idealo",1244.0,Mittel (500-1500km)
69d400827dca6ba0935a9d2b,RIX,FRA,nach DE,FRA,Hub,Riga,RIX,19,124,6,13,2,"fluegede,idealo",1272.0,Mittel (500-1500km)
69d400827dca6ba0935a87f4,STR,BUD,ab DE,STR,Hub,Budapest,BUD,19,116,3,7,2,"fluegede,idealo",758.0,Mittel (500-1500km)
69d400827dca6ba0935ae93f,FRA,EDI,ab DE,FRA,Hub,Edinburgh,EDI,19,110,3,11,2,"fluegede,idealo",1032.0,Mittel (500-1500km)
69d400827dca6ba0935ae9ba,LYS,MUC,nach DE,MUC,Hub,Lyon,LYS,19,101,1,11,2,"fluegede,idealo",585.0,Mittel (500-1500km)
69d400827dca6ba0935ae8d7,BGO,FRA,nach DE,FRA,Hub,Bergen,BGO,19,96,2,9,2,"fluegede,idealo",1161.0,Mittel (500-1500km)
69d400827dca6ba0935ae92f,FRA,BGO,ab DE,FRA,Hub,Bergen,BGO,19,92,2,11,2,"fluegede,idealo",1161.0,Mittel (500-1500km)
69d400827dca6ba0935a87c4,PRN,DUS,nach DE,DUS,Hub,Lipjan,PRN,19,83,3,9,2,"fluegede,idealo",1449.0,Mittel (500-1500km)
69d400827dca6ba0935ae9d2,MUC,CLJ,ab DE,MUC,Hub,Cluj-Napoca,CLJ,19,33,1,5,2,"fluegede,idealo",909.0,Mittel (500-1500km)
69d400827dca6ba0935ae8cf,AGP,FRA,nach DE,FRA,Hub,Malaga,AGP,19,24,1,2,2,"fluegede,idealo",1815.0,Lang (>1500km)
69d400827dca6ba0935ae8f6,CLJ,MUC,nach DE,MUC,Hub,Cluj-Napoca,CLJ,19,23,1,2,2,"fluegede,idealo",909.0,Mittel (500-1500km)
69d400827dca6ba0935a87ff,STR,HER,ab DE,STR,Hub,Heraklion,HER,19,22,4,4,3,"check24,fluegede,idealo",1977.0,Lang (>1500km)
69d400827dca6ba0935a9c24,FRA,RIX,ab DE,FRA,Hub,Riga,RIX,19,22,2,2,3,"check24,fluegede,idealo",1272.0,Mittel (500-1500km)
69d400827dca6ba0935ae9f8,MUC,ORD,ab DE,MUC,Hub,Chicago,ORD,19,22,2,2,2,"fluegede,idealo",7270.0,Lang (>1500km)
69d400827dca6ba0935a86a6,BUD,STR,nach DE,STR,Hub,Budapest,BUD,19,22,2,2,2,"fluegede,idealo",758.0,Mittel (500-1500km)
69d400827dca6ba0935ae9f0,MUC,LYS,ab DE,MUC,Hub,Lyon,LYS,19,22,1,1,2,"fluegede,idealo",585.0,Mittel (500-1500km)
69d400827dca6ba0935aa6ad,FRA,DEL,ab DE,FRA,Hub,New Delhi,DEL,19,21,2,2,2,"fluegede,idealo",6123.0,Lang (>1500km)
69d400827dca6ba0935aa32d,CDG,HAJ,nach DE,HAJ,Provinz,Paris,CDG,19,21,1,1,2,"fluegede,idealo",631.0,Mittel (500-1500km)
69d400827dca6ba0935a9f38,YUL,FRA,nach DE,FRA,Hub,Dorval,YUL,18,210,5,24,2,"fluegede,idealo",5853.0,Lang (>1500km)
69d400827dca6ba0935a9e39,FRA,YUL,ab DE,FRA,Hub,Dorval,YUL,18,202,4,26,2,"fluegede,idealo",5853.0,Lang (>1500km)
69d400827dca6ba0935a9bdf,DUS,HEL,ab DE,DUS,Hub,Helsinki,HEL,18,185,3,14,2,"fluegede,idealo",1508.0,Lang (>1500km)
69d400827dca6ba0935a9e32,FRA,DOH,ab DE,FRA,Hub,Doha,DOH,18,169,5,14,2,"fluegede,idealo",4591.0,Lang (>1500km)
69d400827dca6ba0935ae993,HAM,WAW,ab DE,HAM,Hub,Warsaw,WAW,18,156,3,12,2,"fluegede,idealo",753.0,Mittel (500-1500km)
69d400827dca6ba0935a912b,FRA,SKG,ab DE,FRA,Hub,Thessaloniki,SKG,18,155,3,13,3,"check24,fluegede,idealo",1542.0,Lang (>1500km)
69d400827dca6ba0935a9eb5,VLC,FRA,nach DE,FRA,Hub,Valencia,VLC,18,155,2,17,2,"fluegede,idealo",1369.0,Mittel (500-1500km)
69d400827dca6ba0935a8714,DUS,DUB,ab DE,DUS,Hub,Dublin,DUB,18,152,2,10,3,"check24,fluegede,idealo",915.0,Mittel (500-1500km)
69d400827dca6ba0935aea5b,WAW,HAM,nach DE,HAM,Hub,Warsaw,WAW,18,143,4,14,2,"fluegede,idealo",753.0,Mittel (500-1500km)
69d400827dca6ba0935a8796,LHR,STR,nach DE,STR,Hub,London,LHR,18,135,1,6,2,"fluegede,idealo",756.0,Mittel (500-1500km)
69d400827dca6ba0935a86ee,CGN,ZRH,ab DE,CGN,Hub,Zurich,ZRH,18,131,2,6,2,"fluegede,idealo",392.0,Kurz (0-500km)
69d400827dca6ba0935a9e36,FRA,VLC,ab DE,FRA,Hub,Valencia,VLC,18,128,4,18,2,"fluegede,idealo",1369.0,Mittel (500-1500km)
69d400827dca6ba0935a8707,DUB,DUS,nach DE,DUS,Hub,Dublin,DUB,18,127,2,7,2,"fluegede,idealo",915.0,Mittel (500-1500km)
69d400827dca6ba0935aea3d,SPU,MUC,nach DE,MUC,Hub,Split,SPU,18,90,2,14,2,"fluegede,idealo",639.0,Mittel (500-1500km)
69d400827dca6ba0935abd81,HRG,FRA,nach DE,FRA,Hub,Hurghada,HRG,18,84,4,10,2,"fluegede,idealo",3325.0,Lang (>1500km)
69d400827dca6ba0935aea4c,TRN,FRA,nach DE,FRA,Hub,Torino,TRN,18,80,3,7,2,"fluegede,idealo",541.0,Mittel (500-1500km)
69d400827dca6ba0935ae974,FRA,TRN,ab DE,FRA,Hub,Torino,TRN,18,75,3,6,2,"fluegede,idealo",541.0,Mittel (500-1500km)
69d400827dca6ba0935a8851,ZRH,CGN,nach DE,CGN,Hub,Zurich,ZRH,18,70,2,5,2,"fluegede,idealo",392.0,Kurz (0-500km)
69d400827dca6ba0935aea05,MUC,SPU,ab DE,MUC,Hub,Split,SPU,18,64,2,7,2,"fluegede,idealo",639.0,Mittel (500-1500km)
69d400827dca6ba0935a87d5,SAW,HAM,nach DE,HAM,Hub,Istanbul,SAW,18,51,2,6,2,"fluegede,idealo",2020.0,Lang (>1500km)
69d400827dca6ba0935a9d11,PMI,LEJ,nach DE,LEJ,Provinz,Palma De Mallorca,PMI,18,42,2,4,2,"fluegede,idealo",1512.0,Lang (>1500km)
69d400827dca6ba0935b1d9d,BER,LCY,ab DE,BER,Hub,London,LCY,18,42,1,4,2,"fluegede,idealo",925.0,Mittel (500-1500km)
69d400827dca6ba0935b4f3c,LCY,BER,nach DE,BER,Hub,London,LCY,18,42,1,4,2,"fluegede,idealo",925.0,Mittel (500-1500km)
69d400827dca6ba0935a880a,STR,PRN,ab DE,STR,Hub,Lipjan,PRN,18,41,4,7,2,"fluegede,idealo",1141.0,Mittel (500-1500km)
69d400827dca6ba0935ae985,GRZ,MUC,nach DE,MUC,Hub,Graz,GRZ,18,40,4,6,2,"fluegede,idealo",313.0,Kurz (0-500km)
69d400827dca6ba0935af45b,ADB,DUS,nach DE,DUS,Hub,Izmir,ADB,18,36,3,3,2,"fluegede,idealo",2149.0,Lang (>1500km)
69d400827dca6ba0935b1b6d,AYT,BER,nach DE,BER,Hub,Antalya,AYT,18,34,7,7,2,"fluegede,idealo",2186.0,Lang (>1500km)
69d400827dca6ba0935b0225,DUS,LIS,ab DE,DUS,Hub,Lisbon,LIS,18,29,2,3,2,"fluegede,idealo",1862.0,Lang (>1500km)
69d400827dca6ba0935a8804,STR,LHR,ab DE,STR,Hub,London,LHR,18,25,1,2,2,"fluegede,idealo",756.0,Mittel (500-1500km)
69d400827dca6ba0935afbe7,CPH,HAM,nach DE,HAM,Hub,Copenhagen,CPH,18,23,1,1,2,"fluegede,idealo",280.0,Kurz (0-500km)
69d400827dca6ba0935b1dd7,BER,NCE,ab DE,BER,Hub,Nice,NCE,18,22,5,5,2,"fluegede,idealo",1074.0,Mittel (500-1500km)
69d400827dca6ba0935ae719,MUC,MLA,ab DE,MUC,Hub,Luqa,MLA,18,22,3,4,2,"fluegede,idealo",1407.0,Mittel (500-1500km)
69d400827dca6ba0935b73f4,SPU,BER,nach DE,BER,Hub,Split,SPU,18,21,6,6,2,"fluegede,idealo",1003.0,Mittel (500-1500km)
69d400827dca6ba0935b1e05,BER,SPU,ab DE,BER,Hub,Split,SPU,18,21,6,6,2,"fluegede,idealo",1003.0,Mittel (500-1500km)
69d400827dca6ba0935a9e21,DOH,FRA,nach DE,FRA,Hub,Doha,DOH,18,21,1,1,2,"fluegede,idealo",4591.0,Lang (>1500km)
69d400827dca6ba0935a876e,HAM,SAW,ab DE,HAM,Hub,Istanbul,SAW,18,20,2,2,3,"check24,fluegede,idealo",2020.0,Lang (>1500km)
69d400827dca6ba0935a9c50,HEL,DUS,nach DE,DUS,Hub,Helsinki,HEL,18,20,1,1,3,"check24,fluegede,idealo",1508.0,Lang (>1500km)
69d400827dca6ba0935a8709,DUS,ARN,ab DE,DUS,Hub,Stockholm,ARN,17,209,2,13,2,"fluegede,idealo",1162.0,Mittel (500-1500km)
69d400827dca6ba0935a9caa,MUC,AGP,ab DE,MUC,Hub,Malaga,AGP,17,180,4,23,2,"fluegede,idealo",1855.0,Lang (>1500km)
69d400827dca6ba0935a9b6a,AGP,MUC,nach DE,MUC,Hub,Malaga,AGP,17,176,5,23,3,"check24,fluegede,idealo",1855.0,Lang (>1500km)
69d400827dca6ba0935a8686,ARN,DUS,nach DE,DUS,Hub,Stockholm,ARN,17,175,1,14,2,"fluegede,idealo",1162.0,Mittel (500-1500km)
69d400827dca6ba0935a87a4,MXP,DUS,nach DE,DUS,Hub,Milan,MXP,17,126,7,9,3,"check24,fluegede,idealo",646.0,Mittel (500-1500km)
69d400827dca6ba0935a9bef,DUS,RHO,ab DE,DUS,Hub,Rodes Island,RHO,17,110,8,15,2,"fluegede,idealo",2363.0,Lang (>1500km)
69d400827dca6ba0935abd61,FRA,SPU,ab DE,FRA,Hub,Split,SPU,17,110,4,13,2,"fluegede,idealo",931.0,Mittel (500-1500km)
69d400827dca6ba0935b0008,CGN,IST,ab DE,CGN,Hub,Istanbul,IST,17,96,1,3,2,"fluegede,idealo",1968.0,Lang (>1500km)
69d400827dca6ba0935b0064,IST,CGN,nach DE,CGN,Hub,Istanbul,IST,17,94,1,3,2,"fluegede,idealo",1968.0,Lang (>1500km)
69d400827dca6ba0935a8725,DUS,PRN,ab DE,DUS,Hub,Lipjan,PRN,17,62,3,9,3,"check24,fluegede,idealo",1449.0,Mittel (500-1500km)
69d400827dca6ba0935ae8ff,DRS,MUC,Inland,DRS,Provinz,,,17,36,1,4,2,"fluegede,idealo",340.0,Kurz (0-500km)
69d400827dca6ba0935ae9d7,MUC,DRS,Inland,MUC,Hub,,,17,35,1,2,2,"fluegede,idealo",340.0,Kurz (0-500km)
69d400827dca6ba0935af491,DUS,ADB,ab DE,DUS,Hub,Izmir,ADB,17,34,3,3,2,"fluegede,idealo",2149.0,Lang (>1500km)
69d400827dca6ba0935ae9de,MUC,GRZ,ab DE,MUC,Hub,Graz,GRZ,17,30,3,5,2,"fluegede,idealo",313.0,Kurz (0-500km)
69d400827dca6ba0935b0239,LIS,DUS,nach DE,DUS,Hub,Lisbon,LIS,17,30,2,3,2,"fluegede,idealo",1862.0,Lang (>1500km)
69d400827dca6ba0935a871e,DUS,MXP,ab DE,DUS,Hub,Milan,MXP,17,28,5,6,2,"fluegede,idealo",646.0,Mittel (500-1500km)
69d400827dca6ba0935aa68c,DEL,FRA,nach DE,FRA,Hub,New Delhi,DEL,17,25,2,2,2,"fluegede,idealo",6123.0,Lang (>1500km)
69d400827dca6ba0935a9c52,HEL,HAM,nach DE,HAM,Hub,Helsinki,HEL,17,22,1,1,2,"fluegede,idealo",1169.0,Mittel (500-1500km)
69d400827dca6ba0935ae60e,FRA,ICN,ab DE,FRA,Hub,Seoul,ICN,17,21,4,4,2,"fluegede,idealo",8545.0,Lang (>1500km)
69d400827dca6ba0935b5c8a,NCE,BER,nach DE,BER,Hub,Nice,NCE,17,20,5,5,2,"fluegede,idealo",1074.0,Mittel (500-1500km)
69d400827dca6ba0935a9d16,PMI,PAD,nach DE,PAD,Provinz,Palma De Mallorca,PMI,17,20,2,2,2,"fluegede,idealo",1416.0,Mittel (500-1500km)
69d400827dca6ba0935a9cfd,PAD,PMI,ab DE,PAD,Provinz,Palma De Mallorca,PMI,17,20,2,2,2,"fluegede,idealo",1416.0,Mittel (500-1500km)
69d400827dca6ba0935abdc7,SPU,FRA,nach DE,FRA,Hub,Split,SPU,17,19,4,4,2,"fluegede,idealo",931.0,Mittel (500-1500km)
69d400827dca6ba0935b1d9f,BER,DOH,ab DE,BER,Hub,Doha,DOH,17,19,2,2,2,"fluegede,idealo",4384.0,Lang (>1500km)
69d400827dca6ba0935aa4cb,NUE,CDG,ab DE,NUE,Provinz,Paris,CDG,17,19,1,1,2,"fluegede,idealo",620.0,Mittel (500-1500km)
69d400827dca6ba0935b3167,DOH,BER,nach DE,BER,Hub,Doha,DOH,17,19,1,1,2,"fluegede,idealo",4384.0,Lang (>1500km)
69d400827dca6ba0935aa35b,CDG,NUE,nach DE,NUE,Provinz,Paris,CDG,17,19,1,1,2,"fluegede,idealo",620.0,Mittel (500-1500km)
69d400827dca6ba0935a8762,HAM,MAD,ab DE,HAM,Hub,Madrid,MAD,16,212,6,20,2,"fluegede,idealo",1779.0,Lang (>1500km)
69d400827dca6ba0935a9b68,AGP,DUS,nach DE,DUS,Hub,Malaga,AGP,16,206,2,23,3,"check24,fluegede,idealo",1853.0,Lang (>1500km)
69d400827dca6ba0935a8750,HAM,ARN,ab DE,HAM,Hub,Stockholm,ARN,16,180,6,13,2,"fluegede,idealo",826.0,Mittel (500-1500km)
69d400827dca6ba0935a879e,MAD,HAM,nach DE,HAM,Hub,Madrid,MAD,16,178,3,17,2,"fluegede,idealo",1779.0,Lang (>1500km)
69d400827dca6ba0935ae9be,MAN,MUC,nach DE,MUC,Hub,Manchester,MAN,16,156,4,16,2,"fluegede,idealo",1130.0,Mittel (500-1500km)
69d400827dca6ba0935a87a6,MXP,HAM,nach DE,HAM,Hub,Milan,MXP,16,141,8,16,3,"check24,fluegede,idealo",894.0,Mittel (500-1500km)
69d400827dca6ba0935a8687,ARN,HAM,nach DE,HAM,Hub,Stockholm,ARN,16,137,6,12,2,"fluegede,idealo",826.0,Mittel (500-1500km)
69d400827dca6ba0935a9c46,HAM,DUS,Inland,HAM,Hub,,,16,122,2,5,2,"fluegede,idealo",340.0,Kurz (0-500km)
69d400827dca6ba0935ae711,MLA,MUC,nach DE,MUC,Hub,Luqa,MLA,16,115,3,17,2,"fluegede,idealo",1407.0,Mittel (500-1500km)
69d400827dca6ba0935a9bde,DUS,HAM,Inland,DUS,Hub,,,16,109,2,3,3,"check24,fluegede,idealo",340.0,Kurz (0-500km)
69d400827dca6ba0935a9d25,RHO,DUS,nach DE,DUS,Hub,Rodes Island,RHO,16,105,6,17,2,"fluegede,idealo",2363.0,Lang (>1500km)
69d400827dca6ba0935abdac,MUC,HRG,ab DE,MUC,Hub,Hurghada,HRG,16,102,4,14,2,"fluegede,idealo",3025.0,Lang (>1500km)
69d400827dca6ba0935abd83,HRG,MUC,nach DE,MUC,Hub,Hurghada,HRG,16,86,4,13,2,"fluegede,idealo",3025.0,Lang (>1500km)
69d400827dca6ba0935ad23b,NRN,PMI,ab DE,NRN,Provinz,Palma De Mallorca,PMI,16,74,1,6,2,"fluegede,idealo",1366.0,Mittel (500-1500km)
69d400827dca6ba0935ad2e3,PMI,NRN,nach DE,NRN,Provinz,Palma De Mallorca,PMI,16,72,1,5,2,"fluegede,idealo",1366.0,Mittel (500-1500km)
69d400827dca6ba0935a87d4,SAW,HAJ,nach DE,HAJ,Provinz,Istanbul,SAW,16,57,3,4,2,"fluegede,idealo",1962.0,Lang (>1500km)
69d400827dca6ba0935a9bcc,DUS,AGP,ab DE,DUS,Hub,Malaga,AGP,16,33,1,2,2,"fluegede,idealo",1853.0,Lang (>1500km)
69d400827dca6ba0935a9bd0,DUS,CFU,ab DE,DUS,Hub,Kerkyra Island,CFU,16,22,6,7,3,"check24,fluegede,idealo",1650.0,Lang (>1500km)
69d400827dca6ba0935a9ba1,CFU,DUS,nach DE,DUS,Hub,Kerkyra Island,CFU,16,22,6,7,2,"fluegede,idealo",1650.0,Lang (>1500km)
69d400827dca6ba0935a8764,HAM,MXP,ab DE,HAM,Hub,Milan,MXP,16,20,5,5,2,"fluegede,idealo",894.0,Mittel (500-1500km)
69d400827dca6ba0935ae9f1,MUC,MAN,ab DE,MUC,Hub,Manchester,MAN,16,20,5,5,2,"fluegede,idealo",1130.0,Mittel (500-1500km)
69d400827dca6ba0935b16ae,AGP,BER,nach DE,BER,Hub,Malaga,AGP,16,19,6,6,2,"fluegede,idealo",2241.0,Lang (>1500km)
69d400827dca6ba0935b1da5,BER,BUD,ab DE,BER,Hub,Budapest,BUD,16,19,2,2,2,"fluegede,idealo",685.0,Mittel (500-1500km)
69d400827dca6ba0935a9b89,AYT,PAD,nach DE,PAD,Provinz,Antalya,AYT,16,19,2,2,2,"fluegede,idealo",2390.0,Lang (>1500km)
69d400827dca6ba0935a9cfb,PAD,AYT,ab DE,PAD,Provinz,Antalya,AYT,16,19,2,2,2,"fluegede,idealo",2390.0,Lang (>1500km)
69d400827dca6ba0935b1da0,BER,AGP,ab DE,BER,Hub,Malaga,AGP,16,18,6,6,2,"fluegede,idealo",2241.0,Lang (>1500km)
69d400827dca6ba0935b7278,SKG,BER,nach DE,BER,Hub,Thessaloniki,SKG,16,17,7,7,2,"fluegede,idealo",1501.0,Lang (>1500km)
69d400827dca6ba0935b3858,FMM,TIA,ab DE,FMM,Provinz,Tirana,TIA,16,17,2,2,2,"fluegede,idealo",1045.0,Mittel (500-1500km)
69d400827dca6ba0935a9b87,AYT,MUC,nach DE,MUC,Hub,Antalya,AYT,15,178,4,12,2,"fluegede,idealo",2001.0,Lang (>1500km)
69d400827dca6ba0935a875f,HAM,HER,ab DE,HAM,Hub,Heraklion,HER,15,170,5,17,2,"fluegede,idealo",2353.0,Lang (>1500km)
69d400827dca6ba0935a8780,HER,HAM,nach DE,HAM,Hub,Heraklion,HER,15,149,3,15,2,"fluegede,idealo",2353.0,Lang (>1500km)
69d400827dca6ba0935ab152,DUS,MAN,ab DE,DUS,Hub,Manchester,MAN,15,136,2,9,2,"fluegede,idealo",655.0,Mittel (500-1500km)
69d400827dca6ba0935abdb9,RHO,FRA,nach DE,FRA,Hub,Rodes Island,RHO,15,124,5,18,2,"fluegede,idealo",2179.0,Lang (>1500km)
69d400827dca6ba0935a9cca,MUC,RHO,ab DE,MUC,Hub,Rodes Island,RHO,15,122,7,14,3,"check24,fluegede,idealo",1879.0,Lang (>1500km)
69d400827dca6ba0935a9d26,RHO,MUC,nach DE,MUC,Hub,Rodes Island,RHO,15,117,6,18,2,"fluegede,idealo",1879.0,Lang (>1500km)
69d400827dca6ba0935abd5b,FRA,RHO,ab DE,FRA,Hub,Rodes Island,RHO,15,116,6,16,2,"fluegede,idealo",2179.0,Lang (>1500km)
69d400827dca6ba0935a9c48,HAM,HEL,ab DE,HAM,Hub,Helsinki,HEL,15,113,3,7,2,"fluegede,idealo",1169.0,Mittel (500-1500km)
69d400827dca6ba0935a9cbd,MUC,IBZ,ab DE,MUC,Hub,Ibiza,IBZ,15,107,3,14,2,"fluegede,idealo",1344.0,Mittel (500-1500km)
69d400827dca6ba0935a880f,STR,SKG,ab DE,STR,Hub,Thessaloniki,SKG,15,102,3,10,2,"fluegede,idealo",1414.0,Mittel (500-1500km)
69d400827dca6ba0935ab1b2,MAN,DUS,nach DE,DUS,Hub,Manchester,MAN,15,94,3,9,2,"fluegede,idealo",655.0,Mittel (500-1500km)
69d400827dca6ba0935a9c6b,IBZ,MUC,nach DE,MUC,Hub,Ibiza,IBZ,15,91,4,15,2,"fluegede,idealo",1344.0,Mittel (500-1500km)
69d400827dca6ba0935ae8f0,BSL,MUC,nach DE,MUC,Hub,Bale/Mulhouse,BSL,15,67,3,8,2,"fluegede,idealo",328.0,Kurz (0-500km)
69d400827dca6ba0935ae965,FRA,OLB,ab DE,FRA,Hub,Olbia,OLB,15,64,3,12,2,"fluegede,idealo",1018.0,Mittel (500-1500km)
69d400827dca6ba0935a9b86,AYT,LEJ,nach DE,LEJ,Provinz,Antalya,AYT,15,52,2,5,2,"fluegede,idealo",2179.0,Lang (>1500km)
69d400827dca6ba0935ae9cf,MUC,BSL,ab DE,MUC,Hub,Bale/Mulhouse,BSL,15,43,3,5,2,"fluegede,idealo",328.0,Kurz (0-500km)
69d400827dca6ba0935aea68,ZRH,STR,nach DE,STR,Hub,Zurich,ZRH,15,26,1,4,2,"fluegede,idealo",145.0,Kurz (0-500km)
69d400827dca6ba0935b1d97,BER,FCO,ab DE,BER,Hub,Rome,FCO,15,18,5,5,2,"fluegede,idealo",1178.0,Mittel (500-1500km)
69d400827dca6ba0935a8747,HAJ,SAW,ab DE,HAJ,Provinz,Istanbul,SAW,15,18,2,2,2,"fluegede,idealo",1962.0,Lang (>1500km)
69d400827dca6ba0935a9b7c,AUH,FRA,nach DE,FRA,Hub,Abu Dhabi,AUH,15,17,3,3,2,"fluegede,idealo",4864.0,Lang (>1500km)
69d400827dca6ba0935aea21,OLB,FRA,nach DE,FRA,Hub,Olbia,OLB,15,17,3,3,2,"fluegede,idealo",1018.0,Mittel (500-1500km)
69d400827dca6ba0935a87df,SKG,STR,nach DE,STR,Hub,Thessaloniki,SKG,15,17,2,2,3,"check24,fluegede,idealo",1414.0,Mittel (500-1500km)
69d400827dca6ba0935aea43,STR,ZRH,ab DE,STR,Hub,Zurich,ZRH,15,17,1,1,2,"fluegede,idealo",145.0,Kurz (0-500km)
69d400827dca6ba0935ac78c,FRA,MRS,ab DE,FRA,Hub,Marseille,MRS,15,17,1,1,2,"fluegede,idealo",775.0,Mittel (500-1500km)
69d400827dca6ba0935ac7db,MRS,FRA,nach DE,FRA,Hub,Marseille,MRS,15,17,1,1,2,"fluegede,idealo",775.0,Mittel (500-1500km)
69d400827dca6ba0935ae9e2,MUC,HND,ab DE,MUC,Hub,Tokyo,HND,14,270,4,32,2,"fluegede,idealo",9359.0,Lang (>1500km)
69d400827dca6ba0935ab935,FRA,HKG,ab DE,FRA,Hub,Hong Kong,HKG,14,244,4,26,2,"fluegede,idealo",9155.0,Lang (>1500km)
69d400827dca6ba0935abd5d,FRA,SEA,ab DE,FRA,Hub,Seattle,SEA,14,239,3,22,2,"fluegede,idealo",8197.0,Lang (>1500km)
69d400827dca6ba0935aea38,SFO,MUC,nach DE,MUC,Hub,San Francisco,SFO,14,239,2,23,2,"fluegede,idealo",9437.0,Lang (>1500km)
69d400827dca6ba0935ae940,FRA,EWR,ab DE,FRA,Hub,Newark,EWR,14,237,6,27,2,"fluegede,idealo",6210.0,Lang (>1500km)
69d400827dca6ba0935ae8fb,DEN,FRA,nach DE,FRA,Hub,Denver,DEN,14,235,5,23,2,"fluegede,idealo",8088.0,Lang (>1500km)
69d400827dca6ba0935aea03,MUC,SFO,ab DE,MUC,Hub,San Francisco,SFO,14,234,2,24,2,"fluegede,idealo",9437.0,Lang (>1500km)
69d400827dca6ba0935ae93b,FRA,DEN,ab DE,FRA,Hub,Denver,DEN,14,233,2,21,2,"fluegede,idealo",8088.0,Lang (>1500km)
69d400827dca6ba0935ae9e3,MUC,IAD,ab DE,MUC,Hub,Washington,IAD,14,232,4,21,2,"fluegede,idealo",6843.0,Lang (>1500km)
69d400827dca6ba0935aa001,YYZ,MUC,nach DE,MUC,Hub,Mississauga,YYZ,14,231,5,27,2,"fluegede,idealo",6641.0,Lang (>1500km)
69d400827dca6ba0935ae9d9,MUC,EWR,ab DE,MUC,Hub,Newark,EWR,14,229,2,23,2,"fluegede,idealo",6503.0,Lang (>1500km)
69d400827dca6ba0935ab94e,HKG,FRA,nach DE,FRA,Hub,Hong Kong,HKG,14,224,3,28,2,"fluegede,idealo",9155.0,Lang (>1500km)
69d400827dca6ba0935aa253,ATL,FRA,nach DE,FRA,Hub,Atlanta,ATL,14,221,6,19,2,"fluegede,idealo",7408.0,Lang (>1500km)
69d400827dca6ba0935a9bd8,DUS,FCO,ab DE,DUS,Hub,Rome,FCO,14,200,2,14,2,"fluegede,idealo",1134.0,Mittel (500-1500km)
69d400827dca6ba0935a9c03,FCO,DUS,nach DE,DUS,Hub,Rome,FCO,14,166,4,15,2,"fluegede,idealo",1134.0,Mittel (500-1500km)
69d400827dca6ba0935ae9d3,MUC,CLT,ab DE,MUC,Hub,Charlotte,CLT,14,144,6,18,2,"fluegede,idealo",7351.0,Lang (>1500km)
69d400827dca6ba0935a86c4,CGN,HER,ab DE,CGN,Hub,Heraklion,HER,14,143,4,12,2,"fluegede,idealo",2251.0,Lang (>1500km)
69d400827dca6ba0935ae972,FRA,TLL,ab DE,FRA,Hub,Tallinn,TLL,14,142,1,12,2,"fluegede,idealo",1470.0,Mittel (500-1500km)
69d400827dca6ba0935a877d,HER,CGN,nach DE,CGN,Hub,Heraklion,HER,14,126,5,13,2,"fluegede,idealo",2251.0,Lang (>1500km)
69d400827dca6ba0935a8784,IBZ,DUS,nach DE,DUS,Hub,Ibiza,IBZ,14,111,2,12,2,"fluegede,idealo",1443.0,Mittel (500-1500km)
69d400827dca6ba0935aea2b,PMO,MUC,nach DE,MUC,Hub,Palermo,PMO,14,110,3,10,2,"fluegede,idealo",1137.0,Mittel (500-1500km)
69d400827dca6ba0935ae8f9,DBV,FRA,nach DE,FRA,Hub,Dubrovnik,DBV,14,107,4,13,2,"fluegede,idealo",1115.0,Mittel (500-1500km)
69d400827dca6ba0935ae9fb,MUC,PMO,ab DE,MUC,Hub,Palermo,PMO,14,100,3,8,2,"fluegede,idealo",1137.0,Mittel (500-1500km)
69d400827dca6ba0935ae98d,HAJ,ZRH,ab DE,HAJ,Provinz,Zurich,ZRH,14,97,2,8,2,"fluegede,idealo",561.0,Mittel (500-1500km)
69d400827dca6ba0935aea64,ZRH,HAJ,nach DE,HAJ,Provinz,Zurich,ZRH,14,97,1,6,2,"fluegede,idealo",561.0,Mittel (500-1500km)
69d400827dca6ba0935abd4f,FRA,HRG,ab DE,FRA,Hub,Hurghada,HRG,14,94,4,12,2,"fluegede,idealo",3325.0,Lang (>1500km)
69d400827dca6ba0935ab136,BHX,DUS,nach DE,DUS,Hub,Birmingham,BHX,14,80,1,7,2,"fluegede,idealo",598.0,Mittel (500-1500km)
69d400827dca6ba0935a9bdb,DUS,FUE,ab DE,DUS,Hub,Fuerteventura Island,FUE,14,73,5,15,2,"fluegede,idealo",3067.0,Lang (>1500km)
69d400827dca6ba0935ae9d5,MUC,DBV,ab DE,MUC,Hub,Dubrovnik,DBV,14,66,2,7,2,"fluegede,idealo",818.0,Mittel (500-1500km)
69d400827dca6ba0935ae8fa,DBV,MUC,nach DE,MUC,Hub,Dubrovnik,DBV,14,65,2,11,2,"fluegede,idealo",818.0,Mittel (500-1500km)
69d400827dca6ba0935ad093,HHN,PMI,ab DE,HHN,Provinz,Palma De Mallorca,PMI,14,50,2,2,2,"fluegede,idealo",1209.0,Mittel (500-1500km)
69d400827dca6ba0935ae9dc,MUC,GOA,ab DE,MUC,Hub,Genova,GOA,14,42,3,7,2,"fluegede,idealo",493.0,Kurz (0-500km)
69d400827dca6ba0935b1273,ADB,CGN,nach DE,CGN,Hub,Izmir,ADB,14,39,3,3,2,"fluegede,idealo",2101.0,Lang (>1500km)
69d400827dca6ba0935b1283,CGN,ADB,ab DE,CGN,Hub,Izmir,ADB,14,39,3,3,2,"fluegede,idealo",2101.0,Lang (>1500km)
69d400827dca6ba0935ac2a7,ALC,CGN,nach DE,CGN,Hub,Alicante,ALC,14,31,2,2,2,"fluegede,idealo",1524.0,Lang (>1500km)
69d400827dca6ba0935ae918,EWR,FRA,nach DE,FRA,Hub,Newark,EWR,14,24,3,4,2,"fluegede,idealo",6210.0,Lang (>1500km)
69d400827dca6ba0935a8718,DUS,IBZ,ab DE,DUS,Hub,Ibiza,IBZ,14,24,2,3,2,"fluegede,idealo",1443.0,Mittel (500-1500km)
69d400827dca6ba0935ae3be,FRA,TIA,ab DE,FRA,Hub,Tirana,TIA,14,22,1,2,2,"fluegede,idealo",1289.0,Mittel (500-1500km)
69d400827dca6ba0935ae3da,TIA,FRA,nach DE,FRA,Hub,Tirana,TIA,14,22,1,2,2,"fluegede,idealo",1289.0,Mittel (500-1500km)
69d400827dca6ba0935aea0d,MUC,TSR,ab DE,MUC,Hub,Timisoara,TSR,14,21,1,3,2,"fluegede,idealo",776.0,Mittel (500-1500km)
69d400827dca6ba0935a9c28,FUE,DUS,nach DE,DUS,Hub,Fuerteventura Island,FUE,14,20,5,7,2,"fluegede,idealo",3067.0,Lang (>1500km)
69d400827dca6ba0935ae97f,GOA,MUC,nach DE,MUC,Hub,Genova,GOA,14,19,3,6,2,"fluegede,idealo",493.0,Kurz (0-500km)
69d400827dca6ba0935af9f6,OPO,MUC,nach DE,MUC,Hub,Porto,OPO,14,18,2,3,2,"fluegede,idealo",1790.0,Lang (>1500km)
69d400827dca6ba0935af9f4,MUC,OPO,ab DE,MUC,Hub,Porto,OPO,14,18,2,3,2,"fluegede,idealo",1790.0,Lang (>1500km)
69d400827dca6ba0935b1e1f,BER,RHO,ab DE,BER,Hub,Rodes Island,RHO,14,17,7,8,2,"fluegede,idealo",2111.0,Lang (>1500km)
69d400827dca6ba0935b1d9e,BER,MAN,ab DE,BER,Hub,Manchester,MAN,14,17,5,6,2,"fluegede,idealo",1063.0,Mittel (500-1500km)
69d400827dca6ba0935a8742,HAJ,HER,ab DE,HAJ,Provinz,Heraklion,HER,14,17,3,3,2,"fluegede,idealo",2262.0,Lang (>1500km)
69d400827dca6ba0935ac643,MUC,VRN,ab DE,MUC,Hub,Verona,VRN,14,17,3,3,2,"fluegede,idealo",336.0,Kurz (0-500km)
69d400827dca6ba0935b7aac,TIA,FMM,nach DE,FMM,Provinz,Tirana,TIA,14,17,2,2,2,"fluegede,idealo",1045.0,Mittel (500-1500km)
69d400827dca6ba0935aea4f,TSR,MUC,nach DE,MUC,Hub,Timisoara,TSR,14,17,1,2,2,"fluegede,idealo",776.0,Mittel (500-1500km)
69d400827dca6ba0935ab150,DUS,BHX,ab DE,DUS,Hub,Birmingham,BHX,14,17,1,1,2,"fluegede,idealo",598.0,Mittel (500-1500km)
69d400827dca6ba0935b1db8,BER,SKG,ab DE,BER,Hub,Thessaloniki,SKG,14,16,7,7,2,"fluegede,idealo",1501.0,Lang (>1500km)
69d400827dca6ba0935aa3b3,DTW,FRA,nach DE,FRA,Hub,Detroit,DTW,14,16,7,7,2,"fluegede,idealo",6678.0,Lang (>1500km)
69d400827dca6ba0935aa3df,FRA,DTW,ab DE,FRA,Hub,Detroit,DTW,14,16,7,7,2,"fluegede,idealo",6678.0,Lang (>1500km)
69d400827dca6ba0935ae8f7,CLT,MUC,nach DE,MUC,Hub,Charlotte,CLT,14,16,6,6,2,"fluegede,idealo",7351.0,Lang (>1500km)
69d400827dca6ba0935aa3dd,FRA,ATL,ab DE,FRA,Hub,Atlanta,ATL,14,16,6,6,2,"fluegede,idealo",7408.0,Lang (>1500km)
69d400827dca6ba0935a955f,FRA,DFW,ab DE,FRA,Hub,Dallas-Fort Worth,DFW,14,16,6,6,2,"fluegede,idealo",8257.0,Lang (>1500km)
69d400827dca6ba0935abdc1,SEA,FRA,nach DE,FRA,Hub,Seattle,SEA,14,16,4,4,2,"fluegede,idealo",8197.0,Lang (>1500km)
69d400827dca6ba0935b3908,FRA,TRS,ab DE,FRA,Hub,Trieste,TRS,14,16,3,3,2,"fluegede,idealo",594.0,Mittel (500-1500km)
69d400827dca6ba0935af50a,STR,ADB,ab DE,STR,Hub,Izmir,ADB,14,16,3,3,2,"fluegede,idealo",1844.0,Lang (>1500km)
69d400827dca6ba0935ac645,VRN,FRA,nach DE,FRA,Hub,Verona,VRN,14,16,3,3,2,"fluegede,idealo",544.0,Mittel (500-1500km)
69d400827dca6ba0935ac63f,FRA,VRN,ab DE,FRA,Hub,Verona,VRN,14,16,3,3,2,"fluegede,idealo",544.0,Mittel (500-1500km)
69d400827dca6ba0935abd48,FRA,DBV,ab DE,FRA,Hub,Dubrovnik,DBV,14,16,3,3,2,"fluegede,idealo",1115.0,Mittel (500-1500km)
69d400827dca6ba0935ac646,VRN,MUC,nach DE,MUC,Hub,Verona,VRN,14,16,3,3,2,"fluegede,idealo",336.0,Kurz (0-500km)
69d400827dca6ba0935b7d76,TRS,FRA,nach DE,FRA,Hub,Trieste,TRS,14,16,3,3,2,"fluegede,idealo",594.0,Mittel (500-1500km)
69d400827dca6ba0935ae996,HND,MUC,nach DE,MUC,Hub,Tokyo,HND,14,16,2,2,2,"fluegede,idealo",9359.0,Lang (>1500km)
69d400827dca6ba0935af8c4,MUC,DOH,ab DE,MUC,Hub,Doha,DOH,14,16,2,2,2,"fluegede,idealo",4303.0,Lang (>1500km)
69d400827dca6ba0935ae99a,IAH,FRA,nach DE,FRA,Hub,Houston,IAH,14,16,2,2,2,"fluegede,idealo",8401.0,Lang (>1500km)
69d400827dca6ba0935ae94e,FRA,IAH,ab DE,FRA,Hub,Houston,IAH,14,16,2,2,2,"fluegede,idealo",8401.0,Lang (>1500km)
69d400827dca6ba0935ae2eb,GRU,FRA,nach DE,FRA,Hub,Sao Paulo,GRU,14,16,2,2,2,"fluegede,idealo",9796.0,Lang (>1500km)
69d400827dca6ba0935b6811,PSA,FRA,nach DE,FRA,Hub,Pisa,PSA,14,16,2,2,2,"fluegede,idealo",719.0,Mittel (500-1500km)
69d400827dca6ba0935b3605,EVN,FRA,nach DE,FRA,Hub,Yerevan,EVN,14,16,2,2,2,"fluegede,idealo",2987.0,Lang (>1500km)
69d400827dca6ba0935a9e7a,MUC,YYZ,ab DE,MUC,Hub,Mississauga,YYZ,14,16,2,2,2,"fluegede,idealo",6641.0,Lang (>1500km)
69d400827dca6ba0935ae999,IAD,MUC,nach DE,MUC,Hub,Washington,IAD,14,16,2,2,2,"fluegede,idealo",6843.0,Lang (>1500km)
69d400827dca6ba0935b394c,FRA,PSA,ab DE,FRA,Hub,Pisa,PSA,14,16,2,2,2,"fluegede,idealo",719.0,Mittel (500-1500km)
69d400827dca6ba0935aa599,ALG,FRA,nach DE,FRA,Hub,Algiers,ALG,14,16,2,2,2,"fluegede,idealo",1543.0,Lang (>1500km)
69d400827dca6ba0935ae91d,EWR,MUC,nach DE,MUC,Hub,Newark,EWR,14,16,2,2,2,"fluegede,idealo",6503.0,Lang (>1500km)
69d400827dca6ba0935ae2e7,FRA,GRU,ab DE,FRA,Hub,Sao Paulo,GRU,14,16,2,2,2,"fluegede,idealo",9796.0,Lang (>1500km)
69d400827dca6ba0935b390c,FRA,EVN,ab DE,FRA,Hub,Yerevan,EVN,14,16,2,2,2,"fluegede,idealo",2987.0,Lang (>1500km)
69d400827dca6ba0935aea49,TLL,FRA,nach DE,FRA,Hub,Tallinn,TLL,14,16,1,1,2,"fluegede,idealo",1470.0,Mittel (500-1500km)
69d400827dca6ba0935b390d,FRA,SJJ,ab DE,FRA,Hub,Sarajevo,SJJ,14,16,1,1,2,"fluegede,idealo",1012.0,Mittel (500-1500km)
69d400827dca6ba0935af88e,DOH,MUC,nach DE,MUC,Hub,Doha,DOH,14,16,1,1,2,"fluegede,idealo",4303.0,Lang (>1500km)
69d400827dca6ba0935b71de,SJJ,FRA,nach DE,FRA,Hub,Sarajevo,SJJ,14,16,1,1,2,"fluegede,idealo",1012.0,Mittel (500-1500km)
69d400827dca6ba0935b5a46,MUC,DEN,ab DE,MUC,Hub,Denver,DEN,14,15,3,3,2,"fluegede,idealo",8387.0,Lang (>1500km)
69d400827dca6ba0935b2f9d,DEN,MUC,nach DE,MUC,Hub,Denver,DEN,14,15,3,3,2,"fluegede,idealo",8387.0,Lang (>1500km)
69d400827dca6ba0935ad059,GRO,NRN,nach DE,NRN,Provinz,Girona,GRO,14,14,1,1,2,"fluegede,idealo",1109.0,Mittel (500-1500km)
69d400827dca6ba0935ae992,HAM,LIS,ab DE,HAM,Hub,Lisbon,LIS,13,253,5,19,2,"fluegede,idealo",2198.0,Lang (>1500km)
69d400827dca6ba0935ae9ca,MUC,BKK,ab DE,MUC,Hub,Bangkok,BKK,13,227,2,28,2,"fluegede,idealo",8800.0,Lang (>1500km)
69d400827dca6ba0935ae8df,BKK,MUC,nach DE,MUC,Hub,Bangkok,BKK,13,218,2,22,2,"fluegede,idealo",8800.0,Lang (>1500km)
69d400827dca6ba0935ae9b3,LIS,HAM,nach DE,HAM,Hub,Lisbon,LIS,13,199,4,18,2,"fluegede,idealo",2198.0,Lang (>1500km)
69d400827dca6ba0935a875b,HAM,FCO,ab DE,HAM,Hub,Rome,FCO,13,197,10,26,2,"fluegede,idealo",1326.0,Mittel (500-1500km)
69d400827dca6ba0935a8734,FCO,HAM,nach DE,HAM,Hub,Rome,FCO,13,193,7,21,2,"fluegede,idealo",1326.0,Mittel (500-1500km)
69d400827dca6ba0935ab62a,PEK,MUC,nach DE,MUC,Hub,Beijing,PEK,13,170,3,17,2,"fluegede,idealo",7721.0,Lang (>1500km)
69d400827dca6ba0935ab5a9,MUC,PEK,ab DE,MUC,Hub,Beijing,PEK,13,160,2,18,2,"fluegede,idealo",7721.0,Lang (>1500km)
69d400827dca6ba0935a8724,DUS,PRG,ab DE,DUS,Hub,Prague,PRG,13,148,4,8,2,"fluegede,idealo",544.0,Mittel (500-1500km)
69d400827dca6ba0935ac5d5,DXB,MUC,nach DE,MUC,Hub,Dubai,DXB,13,143,2,21,2,"fluegede,idealo",4564.0,Lang (>1500km)
69d400827dca6ba0935af4a0,ESB,DUS,nach DE,DUS,Hub,Ankara,ESB,13,140,3,5,2,"fluegede,idealo",2366.0,Lang (>1500km)
69d400827dca6ba0935a87c2,PRG,DUS,nach DE,DUS,Hub,Prague,PRG,13,140,2,9,3,"check24,fluegede,idealo",544.0,Mittel (500-1500km)
69d400827dca6ba0935a9e34,FRA,LCA,ab DE,FRA,Hub,Larnarca,LCA,13,136,4,18,2,"fluegede,idealo",2637.0,Lang (>1500km)
69d400827dca6ba0935a9be2,DUS,KGS,ab DE,DUS,Hub,Kos Island,KGS,13,132,4,12,2,"fluegede,idealo",2274.0,Lang (>1500km)
69d400827dca6ba0935ac9ea,MUC,KEF,ab DE,MUC,Hub,Reykjavik,KEF,13,126,3,17,2,"fluegede,idealo",2692.0,Lang (>1500km)
69d400827dca6ba0935ac9e1,KEF,MUC,nach DE,MUC,Hub,Reykjavik,KEF,13,117,3,17,2,"fluegede,idealo",2692.0,Lang (>1500km)
69d400827dca6ba0935a9cbe,MUC,KGS,ab DE,MUC,Hub,Kos Island,KGS,13,95,5,13,2,"fluegede,idealo",1789.0,Lang (>1500km)
69d400827dca6ba0935a9c94,LPA,DUS,nach DE,DUS,Hub,Gran Canaria Island,LPA,13,91,7,15,2,"fluegede,idealo",3190.0,Lang (>1500km)
69d400827dca6ba0935aea09,MUC,TIA,ab DE,MUC,Hub,Tirana,TIA,13,91,1,13,2,"fluegede,idealo",992.0,Mittel (500-1500km)
69d400827dca6ba0935a9c78,KGS,DUS,nach DE,DUS,Hub,Kos Island,KGS,13,89,4,12,2,"fluegede,idealo",2274.0,Lang (>1500km)
69d400827dca6ba0935a9c68,IBZ,FRA,nach DE,FRA,Hub,Ibiza,IBZ,13,86,3,16,2,"fluegede,idealo",1363.0,Mittel (500-1500km)
69d400827dca6ba0935a9c20,FRA,IBZ,ab DE,FRA,Hub,Ibiza,IBZ,13,80,4,15,2,"fluegede,idealo",1363.0,Mittel (500-1500km)
69d400827dca6ba0935a877f,HER,HAJ,nach DE,HAJ,Provinz,Heraklion,HER,13,74,5,9,2,"fluegede,idealo",2262.0,Lang (>1500km)
69d400827dca6ba0935aea5e,WRO,MUC,nach DE,MUC,Hub,Wrocław,WRO,13,57,2,7,2,"fluegede,idealo",477.0,Kurz (0-500km)
69d400827dca6ba0935ad2dc,PMI,HHN,nach DE,HHN,Provinz,Palma De Mallorca,PMI,13,54,1,5,2,"fluegede,idealo",1209.0,Mittel (500-1500km)
69d400827dca6ba0935aea10,MUC,WRO,ab DE,MUC,Hub,Wrocław,WRO,13,52,2,5,2,"fluegede,idealo",477.0,Kurz (0-500km)
69d400827dca6ba0935b046c,LGW,CGN,nach DE,CGN,Hub,London,LGW,13,28,1,4,2,"fluegede,idealo",514.0,Mittel (500-1500km)
69d400827dca6ba0935b03ea,CGN,LGW,ab DE,CGN,Hub,London,LGW,13,27,1,4,2,"fluegede,idealo",514.0,Mittel (500-1500km)
69d400827dca6ba0935b00ac,IST,NUE,nach DE,NUE,Provinz,Istanbul,IST,13,24,1,2,2,"fluegede,idealo",1650.0,Lang (>1500km)
69d400827dca6ba0935aea48,TIA,MUC,nach DE,MUC,Hub,Tirana,TIA,13,22,1,3,2,"fluegede,idealo",992.0,Mittel (500-1500km)
69d400827dca6ba0935b3715,FCO,BER,nach DE,BER,Hub,Rome,FCO,13,21,5,6,2,"fluegede,idealo",1178.0,Mittel (500-1500km)
69d400827dca6ba0935abd93,LPA,FRA,nach DE,FRA,Hub,Gran Canaria Island,LPA,13,16,4,4,2,"fluegede,idealo",3183.0,Lang (>1500km)
69d400827dca6ba0935ac618,MUC,DXB,ab DE,MUC,Hub,Dubai,DXB,13,16,1,1,2,"fluegede,idealo",4564.0,Lang (>1500km)
69d400827dca6ba0935b1da9,BER,EDI,ab DE,BER,Hub,Edinburgh,EDI,13,15,6,6,2,"fluegede,idealo",1165.0,Mittel (500-1500km)
69d400827dca6ba0935a9e60,LCA,FRA,nach DE,FRA,Hub,Larnarca,LCA,13,15,3,3,2,"fluegede,idealo",2637.0,Lang (>1500km)
69d400827dca6ba0935b1589,ADB,BER,nach DE,BER,Hub,Izmir,ADB,13,15,3,3,2,"fluegede,idealo",1887.0,Lang (>1500km)
69d400827dca6ba0935af464,ADB,STR,nach DE,STR,Hub,Izmir,ADB,13,15,3,3,2,"fluegede,idealo",1844.0,Lang (>1500km)
69d400827dca6ba0935afcb2,SIN,MUC,nach DE,MUC,Hub,Singapore,SIN,13,15,2,2,2,"fluegede,idealo",10058.0,Lang (>1500km)
69d400827dca6ba0935b1dba,BER,ADB,ab DE,BER,Hub,Izmir,ADB,13,15,2,2,2,"fluegede,idealo",1887.0,Lang (>1500km)
69d400827dca6ba0935aaa7b,CMN,FRA,nach DE,FRA,Hub,Casablanca,CMN,13,15,2,2,2,"fluegede,idealo",2275.0,Lang (>1500km)
69d400827dca6ba0935afcaa,MUC,SIN,ab DE,MUC,Hub,Singapore,SIN,13,15,2,2,2,"fluegede,idealo",10058.0,Lang (>1500km)
69d400827dca6ba0935b621d,OSL,BER,nach DE,BER,Hub,Oslo,OSL,13,15,1,1,2,"fluegede,idealo",883.0,Mittel (500-1500km)
69d400827dca6ba0935b1da2,BER,OSL,ab DE,BER,Hub,Oslo,OSL,13,15,1,1,2,"fluegede,idealo",883.0,Mittel (500-1500km)
69d400827dca6ba0935a9ba5,CFU,MUC,nach DE,MUC,Hub,Kerkyra Island,CFU,13,14,5,5,3,"check24,fluegede,idealo",1169.0,Mittel (500-1500km)
69d400827dca6ba0935a9cb2,MUC,CFU,ab DE,MUC,Hub,Kerkyra Island,CFU,13,14,5,5,3,"check24,fluegede,idealo",1169.0,Mittel (500-1500km)
69d400827dca6ba0935ab5fe,PEK,FRA,nach DE,FRA,Hub,Beijing,PEK,12,207,4,26,2,"fluegede,idealo",7789.0,Lang (>1500km)
69d400827dca6ba0935a9be4,DUS,LPA,ab DE,DUS,Hub,Gran Canaria Island,LPA,12,171,6,17,2,"fluegede,idealo",3190.0,Lang (>1500km)
69d400827dca6ba0935a9ccb,MUC,RIX,ab DE,MUC,Hub,Riga,RIX,12,140,2,17,2,"fluegede,idealo",1255.0,Mittel (500-1500km)
69d400827dca6ba0935a9d2d,RIX,MUC,nach DE,MUC,Hub,Riga,RIX,12,139,3,16,2,"fluegede,idealo",1255.0,Mittel (500-1500km)
69d400827dca6ba0935abd52,FRA,LPA,ab DE,FRA,Hub,Gran Canaria Island,LPA,12,136,5,20,2,"fluegede,idealo",3183.0,Lang (>1500km)
69d400827dca6ba0935ae98e,HAM,BRU,ab DE,HAM,Hub,Brussels,BRU,12,131,1,10,2,"fluegede,idealo",519.0,Mittel (500-1500km)
69d400827dca6ba0935ac51a,HAM,DUB,ab DE,HAM,Hub,Dublin,DUB,12,128,3,11,2,"fluegede,idealo",1073.0,Mittel (500-1500km)
69d400827dca6ba0935a959d,HAJ,LHR,ab DE,HAJ,Provinz,London,LHR,12,112,1,6,2,"fluegede,idealo",703.0,Mittel (500-1500km)
69d400827dca6ba0935abd50,FRA,KGS,ab DE,FRA,Hub,Kos Island,KGS,12,103,7,10,2,"fluegede,idealo",2089.0,Lang (>1500km)
69d400827dca6ba0935a96e7,LHR,HAJ,nach DE,HAJ,Provinz,London,LHR,12,103,1,7,2,"fluegede,idealo",703.0,Mittel (500-1500km)
69d400827dca6ba0935abde0,TFS,FRA,nach DE,FRA,Hub,Tenerife Island,TFS,12,88,4,20,2,"fluegede,idealo",3237.0,Lang (>1500km)
69d400827dca6ba0935abd85,KGS,FRA,nach DE,FRA,Hub,Kos Island,KGS,12,83,6,13,2,"fluegede,idealo",2089.0,Lang (>1500km)
69d400827dca6ba0935a8721,DUS,OLB,ab DE,DUS,Hub,Olbia,OLB,12,82,3,9,2,"fluegede,idealo",1174.0,Mittel (500-1500km)
69d400827dca6ba0935ae9b6,LNZ,FRA,nach DE,FRA,Hub,Linz,LNZ,12,80,1,3,2,"fluegede,idealo",456.0,Kurz (0-500km)
69d400827dca6ba0935a9c5b,HER,NUE,nach DE,NUE,Provinz,Heraklion,HER,12,67,3,9,3,"check24,fluegede,idealo",1948.0,Lang (>1500km)
69d400827dca6ba0935abd4c,FRA,FUE,ab DE,FRA,Hub,Fuerteventura Island,FUE,12,64,5,13,2,"fluegede,idealo",3054.0,Lang (>1500km)
69d400827dca6ba0935a9c5f,HRG,CGN,nach DE,CGN,Hub,Hurghada,HRG,12,34,3,6,2,"fluegede,idealo",3461.0,Lang (>1500km)
69d400827dca6ba0935b0075,IST,HAJ,nach DE,HAJ,Provinz,Istanbul,IST,12,33,1,3,2,"fluegede,idealo",1900.0,Lang (>1500km)
69d400827dca6ba0935b0041,HAJ,IST,ab DE,HAJ,Provinz,Istanbul,IST,12,32,1,3,2,"fluegede,idealo",1900.0,Lang (>1500km)
69d400827dca6ba0935ad234,NRN,GRO,ab DE,NRN,Provinz,Girona,GRO,12,24,1,2,2,"fluegede,idealo",1109.0,Mittel (500-1500km)
69d400827dca6ba0935ae3bc,FRA,LJU,ab DE,FRA,Hub,Ljubljana,LJU,12,24,1,1,2,"fluegede,idealo",609.0,Mittel (500-1500km)
69d400827dca6ba0935b0104,NUE,IST,ab DE,NUE,Provinz,Istanbul,IST,12,22,1,2,2,"fluegede,idealo",1650.0,Lang (>1500km)
69d400827dca6ba0935ad2d8,PMI,FMM,nach DE,FMM,Provinz,Palma De Mallorca,PMI,12,19,1,3,2,"fluegede,idealo",1114.0,Mittel (500-1500km)
69d400827dca6ba0935b512a,LIN,BER,nach DE,BER,Hub,Milan,LIN,12,18,4,5,2,"fluegede,idealo",828.0,Mittel (500-1500km)
69d400827dca6ba0935b1da6,BER,LIN,ab DE,BER,Hub,Milan,LIN,12,17,5,5,2,"fluegede,idealo",828.0,Mittel (500-1500km)
69d400827dca6ba0935ad00c,FMM,PMI,ab DE,FMM,Provinz,Palma De Mallorca,PMI,12,17,2,2,2,"fluegede,idealo",1114.0,Mittel (500-1500km)
69d400827dca6ba0935b1df3,BER,CFU,ab DE,BER,Hub,Kerkyra Island,CFU,12,16,7,7,2,"fluegede,idealo",1501.0,Lang (>1500km)
69d400827dca6ba0935ae3d5,PRN,MUC,nach DE,MUC,Hub,Lipjan,PRN,12,16,5,5,2,"fluegede,idealo",965.0,Mittel (500-1500km)
69d400827dca6ba0935b6baf,RHO,BER,nach DE,BER,Hub,Rodes Island,RHO,12,15,7,7,2,"fluegede,idealo",2111.0,Lang (>1500km)
69d400827dca6ba0935a9ce4,NUE,HER,ab DE,NUE,Provinz,Heraklion,HER,12,15,4,4,2,"fluegede,idealo",1948.0,Lang (>1500km)
69d400827dca6ba0935b4160,HRG,STR,nach DE,STR,Hub,Hurghada,HRG,12,15,3,3,2,"fluegede,idealo",3191.0,Lang (>1500km)
69d400827dca6ba0935b6035,OLB,BER,nach DE,BER,Hub,Olbia,OLB,12,14,5,5,2,"fluegede,idealo",1310.0,Mittel (500-1500km)
69d400827dca6ba0935b1de6,BER,OLB,ab DE,BER,Hub,Olbia,OLB,12,14,5,5,2,"fluegede,idealo",1310.0,Mittel (500-1500km)
69d400827dca6ba0935b807b,VCE,BER,nach DE,BER,Hub,Venezia,VCE,12,14,5,5,2,"fluegede,idealo",767.0,Mittel (500-1500km)
69d400827dca6ba0935b04de,MUC,EDI,ab DE,MUC,Hub,Edinburgh,EDI,12,14,4,4,2,"fluegede,idealo",1330.0,Mittel (500-1500km)
69d400827dca6ba0935b0406,EDI,MUC,nach DE,MUC,Hub,Edinburgh,EDI,12,14,4,4,2,"fluegede,idealo",1330.0,Mittel (500-1500km)
69d400827dca6ba0935aa6ac,FRA,BOM,ab DE,FRA,Hub,Mumbai,BOM,12,14,2,2,2,"fluegede,idealo",6571.0,Lang (>1500km)
69d400827dca6ba0935ab4c4,FRA,PEK,ab DE,FRA,Hub,Beijing,PEK,12,14,2,2,2,"fluegede,idealo",7789.0,Lang (>1500km)
69d400827dca6ba0935b7aad,TIA,DTM,nach DE,DTM,Provinz,Tirana,TIA,12,14,1,1,2,"fluegede,idealo",1453.0,Mittel (500-1500km)
69d400827dca6ba0935b3265,DTM,TIA,ab DE,DTM,Provinz,Tirana,TIA,12,14,1,1,2,"fluegede,idealo",1453.0,Mittel (500-1500km)
69d400827dca6ba0935afc42,STR,CPH,ab DE,STR,Hub,Copenhagen,CPH,12,14,1,1,2,"fluegede,idealo",805.0,Mittel (500-1500km)
69d400827dca6ba0935ae8ea,BRU,HAM,nach DE,HAM,Hub,Brussels,BRU,12,14,1,1,2,"fluegede,idealo",519.0,Mittel (500-1500km)
69d400827dca6ba0935ae95b,FRA,LNZ,ab DE,FRA,Hub,Linz,LNZ,12,14,1,1,2,"fluegede,idealo",456.0,Kurz (0-500km)
69d400827dca6ba0935b1dce,BER,VCE,ab DE,BER,Hub,Venezia,VCE,12,13,5,5,2,"fluegede,idealo",767.0,Mittel (500-1500km)
69d400827dca6ba0935ae9c5,MUC,ADB,ab DE,MUC,Hub,Izmir,ADB,12,13,2,2,2,"fluegede,idealo",1667.0,Lang (>1500km)
69d400827dca6ba0935b1db6,BER,OTP,ab DE,BER,Hub,Bucharest,OTP,12,13,2,2,2,"fluegede,idealo",1267.0,Mittel (500-1500km)
69d400827dca6ba0935ae8ce,ADB,MUC,nach DE,MUC,Hub,Izmir,ADB,12,13,2,2,2,"fluegede,idealo",1667.0,Lang (>1500km)
69d400827dca6ba0935aa66c,BOM,FRA,nach DE,FRA,Hub,Mumbai,BOM,11,235,5,28,2,"fluegede,idealo",6571.0,Lang (>1500km)
69d400827dca6ba0935a9fa0,YYC,FRA,nach DE,FRA,Hub,Calgary,YYC,11,212,6,16,2,"fluegede,idealo",7528.0,Lang (>1500km)
69d400827dca6ba0935ae9d1,MUC,CAI,ab DE,MUC,Hub,Cairo,CAI,11,212,3,28,2,"fluegede,idealo",2623.0,Lang (>1500km)
69d400827dca6ba0935a9e3b,FRA,YYC,ab DE,FRA,Hub,Calgary,YYC,11,195,8,19,2,"fluegede,idealo",7528.0,Lang (>1500km)
69d400827dca6ba0935a9bb9,CTA,FRA,nach DE,FRA,Hub,Catania,CTA,11,132,2,13,2,"fluegede,idealo",1490.0,Mittel (500-1500km)
69d400827dca6ba0935a9c1c,FRA,CTA,ab DE,FRA,Hub,Catania,CTA,11,130,3,19,2,"fluegede,idealo",1490.0,Mittel (500-1500km)
69d400827dca6ba0935a9b67,AGP,CGN,nach DE,CGN,Hub,Malaga,AGP,11,122,2,13,2,"fluegede,idealo",1829.0,Lang (>1500km)
69d400827dca6ba0935ac4e8,DUB,HAM,nach DE,HAM,Hub,Dublin,DUB,11,111,2,11,2,"fluegede,idealo",1073.0,Mittel (500-1500km)
69d400827dca6ba0935abd4b,FRA,FNC,ab DE,FRA,Hub,Funchal,FNC,11,103,4,12,2,"fluegede,idealo",2834.0,Lang (>1500km)
69d400827dca6ba0935a9c21,FRA,LCY,ab DE,FRA,Hub,London,LCY,11,93,2,9,2,"fluegede,idealo",619.0,Mittel (500-1500km)
69d400827dca6ba0935ac31d,CGN,ALC,ab DE,CGN,Hub,Alicante,ALC,11,79,2,5,2,"fluegede,idealo",1524.0,Lang (>1500km)
69d400827dca6ba0935a9c82,LCY,FRA,nach DE,FRA,Hub,London,LCY,11,42,2,4,2,"fluegede,idealo",619.0,Mittel (500-1500km)
69d400827dca6ba0935b32ef,DUS,LIN,ab DE,DUS,Hub,Milan,LIN,11,22,2,4,2,"fluegede,idealo",676.0,Mittel (500-1500km)
69d400827dca6ba0935b512e,LIN,DUS,nach DE,DUS,Hub,Milan,LIN,11,21,2,4,2,"fluegede,idealo",676.0,Mittel (500-1500km)
69d400827dca6ba0935a87b4,OLB,DUS,nach DE,DUS,Hub,Olbia,OLB,11,17,2,2,2,"fluegede,idealo",1174.0,Mittel (500-1500km)
69d400827dca6ba0935b02fe,TUN,DUS,nach DE,DUS,Hub,Tunis,TUN,11,16,4,4,2,"fluegede,idealo",1629.0,Lang (>1500km)
69d400827dca6ba0935af493,DUS,ESB,ab DE,DUS,Hub,Ankara,ESB,11,16,3,3,2,"fluegede,idealo",2366.0,Lang (>1500km)
69d400827dca6ba0935ae3d1,MUC,PRN,ab DE,MUC,Hub,Lipjan,PRN,11,15,4,5,2,"fluegede,idealo",965.0,Mittel (500-1500km)
69d400827dca6ba0935b02d1,DUS,TUN,ab DE,DUS,Hub,Tunis,TUN,11,15,4,4,2,"fluegede,idealo",1629.0,Lang (>1500km)
69d400827dca6ba0935b3458,EDI,BER,nach DE,BER,Hub,Edinburgh,EDI,11,14,6,6,2,"fluegede,idealo",1165.0,Mittel (500-1500km)
69d400827dca6ba0935a9c7b,KGS,MUC,nach DE,MUC,Hub,Kos Island,KGS,11,14,5,5,3,"check24,fluegede,idealo",1789.0,Lang (>1500km)
69d400827dca6ba0935b7beb,TLV,BER,nach DE,BER,Hub,Tel Aviv,TLV,11,14,4,4,2,"fluegede,idealo",2845.0,Lang (>1500km)
69d400827dca6ba0935b1dac,BER,BEG,ab DE,BER,Hub,Belgrad,BEG,11,14,2,2,2,"fluegede,idealo",976.0,Mittel (500-1500km)
69d400827dca6ba0935b5e8f,NQZ,FRA,nach DE,FRA,Hub,Astana,NQZ,11,14,2,2,2,"fluegede,idealo",4311.0,Lang (>1500km)
69d400827dca6ba0935aa5f2,FRA,ALG,ab DE,FRA,Hub,Algiers,ALG,11,14,2,2,2,"fluegede,idealo",1543.0,Lang (>1500km)
69d400827dca6ba0935afbfc,CPH,STR,nach DE,STR,Hub,Copenhagen,CPH,11,14,1,1,2,"fluegede,idealo",805.0,Mittel (500-1500km)
69d400827dca6ba0935a9ba3,CFU,FRA,nach DE,FRA,Hub,Kerkyra Island,CFU,11,13,5,5,2,"fluegede,idealo",1462.0,Mittel (500-1500km)
69d400827dca6ba0935abd64,FRA,TFS,ab DE,FRA,Hub,Tenerife Island,TFS,11,13,4,5,2,"fluegede,idealo",3237.0,Lang (>1500km)
69d400827dca6ba0935b0026,ESB,FRA,nach DE,FRA,Hub,Ankara,ESB,11,13,4,4,2,"fluegede,idealo",2198.0,Lang (>1500km)
69d400827dca6ba0935abd68,FUE,FRA,nach DE,FRA,Hub,Fuerteventura Island,FUE,11,13,4,4,2,"fluegede,idealo",3054.0,Lang (>1500km)
69d400827dca6ba0935b0039,FRA,ESB,ab DE,FRA,Hub,Ankara,ESB,11,13,3,3,2,"fluegede,idealo",2198.0,Lang (>1500km)
69d400827dca6ba0935b1d2b,BEG,BER,nach DE,BER,Hub,Belgrad,BEG,11,13,2,2,2,"fluegede,idealo",976.0,Mittel (500-1500km)
69d400827dca6ba0935b3915,FRA,NQZ,ab DE,FRA,Hub,Astana,NQZ,11,13,2,2,2,"fluegede,idealo",4311.0,Lang (>1500km)
69d400827dca6ba0935afcde,ERF,AYT,ab DE,ERF,Provinz,Antalya,AYT,11,13,2,2,2,"fluegede,idealo",2217.0,Lang (>1500km)
69d400827dca6ba0935b1db2,BER,LUX,ab DE,BER,Hub,Luxembourg,LUX,11,13,1,1,2,"fluegede,idealo",615.0,Mittel (500-1500km)
69d400827dca6ba0935ac5b6,DXB,HAM,nach DE,HAM,Hub,Dubai,DXB,11,13,1,1,2,"fluegede,idealo",4884.0,Lang (>1500km)
69d400827dca6ba0935abd40,FNC,FRA,nach DE,FRA,Hub,Funchal,FNC,11,12,4,4,2,"fluegede,idealo",2834.0,Lang (>1500km)
69d400827dca6ba0935b3d11,HAJ,HRG,ab DE,HAJ,Provinz,Hurghada,HRG,11,12,4,4,2,"fluegede,idealo",3450.0,Lang (>1500km)
69d400827dca6ba0935b415e,HRG,HAJ,nach DE,HAJ,Provinz,Hurghada,HRG,11,12,4,4,2,"fluegede,idealo",3450.0,Lang (>1500km)
69d400827dca6ba0935ae8f4,CAI,MUC,nach DE,MUC,Hub,Cairo,CAI,11,12,3,3,2,"fluegede,idealo",2623.0,Lang (>1500km)
69d400827dca6ba0935afcc5,AYT,ERF,nach DE,ERF,Provinz,Antalya,AYT,11,12,2,2,2,"fluegede,idealo",2217.0,Lang (>1500km)
69d400827dca6ba0935b6f1e,SCN,BER,Inland,SCN,Provinz,,,11,12,1,1,2,"fluegede,idealo",569.0,Mittel (500-1500km)
69d400827dca6ba0935acfff,FKB,STN,ab DE,FKB,Provinz,London,STN,11,12,1,1,2,"fluegede,idealo",655.0,Mittel (500-1500km)
69d400827dca6ba0935ae3d0,MUC,LJU,ab DE,MUC,Hub,Ljubljana,LJU,11,12,1,1,2,"fluegede,idealo",311.0,Kurz (0-500km)
69d400827dca6ba0935ae3c5,LJU,MUC,nach DE,MUC,Hub,Ljubljana,LJU,11,12,1,1,2,"fluegede,idealo",311.0,Kurz (0-500km)
69d400827dca6ba0935ae909,DUS,OSL,ab DE,DUS,Hub,Oslo,OSL,10,162,2,11,2,"fluegede,idealo",1026.0,Mittel (500-1500km)
69d400827dca6ba0935a9ccf,MUC,TLV,ab DE,MUC,Hub,Tel Aviv,TLV,10,125,2,16,2,"fluegede,idealo",2655.0,Lang (>1500km)
69d400827dca6ba0935a9bd7,DUS,FAO,ab DE,DUS,Hub,Faro,FAO,10,117,2,12,2,"fluegede,idealo",1967.0,Lang (>1500km)
69d400827dca6ba0935ae942,FRA,FAO,ab DE,FRA,Hub,Faro,FAO,10,96,2,14,2,"fluegede,idealo",1957.0,Lang (>1500km)
69d400827dca6ba0935abdaa,MUC,CHQ,ab DE,MUC,Hub,Souda,CHQ,10,86,4,12,2,"fluegede,idealo",1750.0,Lang (>1500km)
69d400827dca6ba0935ae923,FAO,FRA,nach DE,FRA,Hub,Faro,FAO,10,80,2,15,2,"fluegede,idealo",1957.0,Lang (>1500km)
69d400827dca6ba0935a9bf7,DUS,SZG,ab DE,DUS,Hub,Salzburg,SZG,10,76,1,3,2,"fluegede,idealo",594.0,Mittel (500-1500km)
69d400827dca6ba0935a9c1b,FRA,CFU,ab DE,FRA,Hub,Kerkyra Island,CFU,10,67,6,13,3,"check24,fluegede,idealo",1462.0,Mittel (500-1500km)
69d400827dca6ba0935a9d4e,SZG,DUS,nach DE,DUS,Hub,Salzburg,SZG,10,65,1,2,2,"fluegede,idealo",594.0,Mittel (500-1500km)
69d400827dca6ba0935a9bc4,DRS,AYT,ab DE,DRS,Provinz,Antalya,AYT,10,44,2,5,3,"check24,fluegede,idealo",2078.0,Lang (>1500km)
69d400827dca6ba0935ad09d,HHN,STN,ab DE,HHN,Provinz,London,STN,10,38,1,2,2,"fluegede,idealo",537.0,Mittel (500-1500km)
69d400827dca6ba0935a9bab,CGN,HRG,ab DE,CGN,Hub,Hurghada,HRG,10,30,3,6,2,"fluegede,idealo",3461.0,Lang (>1500km)
69d400827dca6ba0935a9ba9,CGN,AGP,ab DE,CGN,Hub,Malaga,AGP,10,29,2,2,2,"fluegede,idealo",1829.0,Lang (>1500km)
69d400827dca6ba0935a9bff,FAO,DUS,nach DE,DUS,Hub,Faro,FAO,10,22,2,3,2,"fluegede,idealo",1967.0,Lang (>1500km)
69d400827dca6ba0935accd3,ALC,NRN,nach DE,NRN,Provinz,Alicante,ALC,10,21,1,2,2,"fluegede,idealo",1571.0,Lang (>1500km)
69d400827dca6ba0935b24d3,BUD,BER,nach DE,BER,Hub,Budapest,BUD,10,17,2,2,2,"fluegede,idealo",685.0,Mittel (500-1500km)
69d400827dca6ba0935a9d34,SCN,PMI,ab DE,SCN,Provinz,Palma De Mallorca,PMI,10,14,1,3,2,"fluegede,idealo",1129.0,Mittel (500-1500km)
69d400827dca6ba0935b005e,IST,BRE,nach DE,BRE,Provinz,Istanbul,IST,10,14,1,2,2,"fluegede,idealo",1986.0,Lang (>1500km)
69d400827dca6ba0935b27fb,CFU,BER,nach DE,BER,Hub,Kerkyra Island,CFU,10,13,6,6,2,"fluegede,idealo",1501.0,Lang (>1500km)
69d400827dca6ba0935a9cae,MUC,AUH,ab DE,MUC,Hub,Abu Dhabi,AUH,10,13,2,2,2,"fluegede,idealo",4580.0,Lang (>1500km)
69d400827dca6ba0935affff,BRE,IST,ab DE,BRE,Provinz,Istanbul,IST,10,13,1,2,2,"fluegede,idealo",1986.0,Lang (>1500km)
69d400827dca6ba0935b2942,CHQ,MUC,nach DE,MUC,Hub,Souda,CHQ,10,12,4,5,2,"fluegede,idealo",1750.0,Lang (>1500km)
69d400827dca6ba0935b0361,ATH,HAM,nach DE,HAM,Hub,Athens,ATH,10,12,3,3,2,"fluegede,idealo",2045.0,Lang (>1500km)
69d400827dca6ba0935b043b,HAM,ATH,ab DE,HAM,Hub,Athens,ATH,10,12,3,3,2,"fluegede,idealo",2045.0,Lang (>1500km)
69d400827dca6ba0935ae951,FRA,JNB,ab DE,FRA,Hub,Johannesburg,JNB,10,12,3,3,2,"fluegede,idealo",8689.0,Lang (>1500km)
69d400827dca6ba0935a9d17,PMI,SCN,nach DE,SCN,Provinz,Palma De Mallorca,PMI,10,12,2,3,2,"fluegede,idealo",1129.0,Mittel (500-1500km)
69d400827dca6ba0935b3d9b,HAM,GDN,ab DE,HAM,Hub,Gdańsk,GDN,10,12,2,2,2,"fluegede,idealo",560.0,Mittel (500-1500km)
69d400827dca6ba0935ad24d,NUE,STN,ab DE,NUE,Provinz,London,STN,10,12,1,3,2,"fluegede,idealo",807.0,Mittel (500-1500km)
69d400827dca6ba0935acc95,AGP,NRN,nach DE,NRN,Provinz,Malaga,AGP,10,12,1,1,2,"fluegede,idealo",1860.0,Lang (>1500km)
69d400827dca6ba0935b6bdb,RIX,BER,nach DE,BER,Hub,Riga,RIX,10,12,1,1,2,"fluegede,idealo",842.0,Mittel (500-1500km)
69d400827dca6ba0935b7aaf,TIA,BER,nach DE,BER,Hub,Tirana,TIA,10,12,1,1,2,"fluegede,idealo",1305.0,Mittel (500-1500km)
69d400827dca6ba0935b1dcd,BER,TIA,ab DE,BER,Hub,Tirana,TIA,10,12,1,1,2,"fluegede,idealo",1305.0,Mittel (500-1500km)
69d400827dca6ba0935b1b82,AYT,SCN,nach DE,SCN,Provinz,Antalya,AYT,10,12,1,1,2,"fluegede,idealo",2346.0,Lang (>1500km)
69d400827dca6ba0935b1daf,BER,RIX,ab DE,BER,Hub,Riga,RIX,10,12,1,1,2,"fluegede,idealo",842.0,Mittel (500-1500km)
69d400827dca6ba0935b8051,VAR,BER,nach DE,BER,Hub,Varna,VAR,10,11,4,4,2,"fluegede,idealo",1470.0,Mittel (500-1500km)
69d400827dca6ba0935b1ded,BER,VAR,ab DE,BER,Hub,Varna,VAR,10,11,4,4,2,"fluegede,idealo",1470.0,Mittel (500-1500km)
69d400827dca6ba0935b02e2,MUC,TUN,ab DE,MUC,Hub,Tunis,TUN,10,11,4,4,2,"fluegede,idealo",1285.0,Mittel (500-1500km)
69d400827dca6ba0935ae9a0,JNB,FRA,nach DE,FRA,Hub,Johannesburg,JNB,10,11,3,3,2,"fluegede,idealo",8689.0,Lang (>1500km)
69d400827dca6ba0935afccb,BRE,AYT,ab DE,BRE,Provinz,Antalya,AYT,10,11,2,2,2,"fluegede,idealo",2475.0,Lang (>1500km)
69d400827dca6ba0935b3856,FMM,BBU,ab DE,FMM,Provinz,Bucharest,BBU,10,11,2,2,2,"fluegede,idealo",1277.0,Mittel (500-1500km)
69d400827dca6ba0935afcc4,AYT,BRE,nach DE,BRE,Provinz,Antalya,AYT,10,11,2,2,2,"fluegede,idealo",2475.0,Lang (>1500km)
69d400827dca6ba0935b0e04,DTM,OTP,ab DE,DTM,Provinz,Bucharest,OTP,10,11,1,1,2,"fluegede,idealo",1570.0,Lang (>1500km)
69d400827dca6ba0935b0e9e,OTP,DTM,nach DE,DTM,Provinz,Bucharest,OTP,10,11,1,1,2,"fluegede,idealo",1570.0,Lang (>1500km)
69d400827dca6ba0935b6f1f,SCN,AYT,ab DE,SCN,Provinz,Antalya,AYT,10,11,1,1,2,"fluegede,idealo",2346.0,Lang (>1500km)
69d400827dca6ba0935a9bea,DUS,NCE,ab DE,DUS,Hub,Nice,NCE,9,179,1,12,3,"check24,fluegede,idealo",849.0,Mittel (500-1500km)
69d400827dca6ba0935ae901,DUS,BUD,ab DE,DUS,Hub,Budapest,BUD,9,157,3,10,2,"fluegede,idealo",999.0,Mittel (500-1500km)
69d400827dca6ba0935ae8f1,BUD,DUS,nach DE,DUS,Hub,Budapest,BUD,9,144,1,12,2,"fluegede,idealo",999.0,Mittel (500-1500km)
69d400827dca6ba0935aea0e,MUC,VLC,ab DE,MUC,Hub,Valencia,VLC,9,139,3,15,2,"fluegede,idealo",1388.0,Mittel (500-1500km)
69d400827dca6ba0935a8727,DUS,SPU,ab DE,DUS,Hub,Split,SPU,9,120,3,13,2,"fluegede,idealo",1119.0,Mittel (500-1500km)
69d400827dca6ba0935aea5a,VLC,MUC,nach DE,MUC,Hub,Valencia,VLC,9,120,1,13,2,"fluegede,idealo",1388.0,Mittel (500-1500km)
69d400827dca6ba0935ae9df,MUC,GVA,ab DE,MUC,Hub,Geneva,GVA,9,118,3,9,2,"fluegede,idealo",488.0,Kurz (0-500km)
69d400827dca6ba0935ab998,LCA,MUC,nach DE,MUC,Hub,Larnarca,LCA,9,114,2,16,2,"fluegede,idealo",2340.0,Lang (>1500km)
69d400827dca6ba0935ae987,GVA,MUC,nach DE,MUC,Hub,Geneva,GVA,9,111,3,11,2,"fluegede,idealo",488.0,Kurz (0-500km)
69d400827dca6ba0935a9b6d,ALC,DUS,nach DE,DUS,Hub,Alicante,ALC,9,111,1,13,2,"fluegede,idealo",1556.0,Lang (>1500km)
69d400827dca6ba0935a8710,DUS,CTA,ab DE,DUS,Hub,Catania,CTA,9,109,2,15,3,"check24,fluegede,idealo",1670.0,Lang (>1500km)
69d400827dca6ba0935a9bf8,DUS,TFS,ab DE,DUS,Hub,Tenerife Island,TFS,9,90,6,15,2,"fluegede,idealo",3237.0,Lang (>1500km)
69d400827dca6ba0935a8799,LIS,CGN,nach DE,CGN,Hub,Lisbon,LIS,9,90,2,12,2,"fluegede,idealo",1850.0,Lang (>1500km)
69d400827dca6ba0935a9d5a,TFS,DUS,nach DE,DUS,Hub,Tenerife Island,TFS,9,79,4,14,2,"fluegede,idealo",3237.0,Lang (>1500km)
69d400827dca6ba0935a9c8b,LEJ,HRG,ab DE,LEJ,Provinz,Hurghada,HRG,9,41,4,8,2,"fluegede,idealo",3247.0,Lang (>1500km)
69d400827dca6ba0935abde6,XRY,DUS,nach DE,DUS,Hub,Jerez de la Forntera,XRY,9,40,3,7,2,"fluegede,idealo",1909.0,Lang (>1500km)
69d400827dca6ba0935a9b82,AYT,DRS,nach DE,DRS,Provinz,Antalya,AYT,9,37,2,4,2,"fluegede,idealo",2078.0,Lang (>1500km)
69d400827dca6ba0935a9c59,HER,LEJ,nach DE,LEJ,Provinz,Heraklion,HER,9,34,2,6,2,"fluegede,idealo",2066.0,Lang (>1500km)
69d400827dca6ba0935b7502,STN,BER,nach DE,BER,Hub,London,STN,9,33,1,4,2,"fluegede,idealo",906.0,Mittel (500-1500km)
69d400827dca6ba0935a9bcd,DUS,ALC,ab DE,DUS,Hub,Alicante,ALC,9,31,1,2,2,"fluegede,idealo",1556.0,Lang (>1500km)
69d400827dca6ba0935ad226,NRN,ALC,ab DE,NRN,Provinz,Alicante,ALC,9,21,1,2,2,"fluegede,idealo",1571.0,Lang (>1500km)
69d400827dca6ba0935ad224,NRN,AGP,ab DE,NRN,Provinz,Malaga,AGP,9,21,1,2,2,"fluegede,idealo",1860.0,Lang (>1500km)
69d400827dca6ba0935a86cd,CGN,LIS,ab DE,CGN,Hub,Lisbon,LIS,9,18,2,2,2,"fluegede,idealo",1850.0,Lang (>1500km)
69d400827dca6ba0935b5ad1,MXP,BER,nach DE,BER,Hub,Milan,MXP,9,16,5,5,2,"fluegede,idealo",825.0,Mittel (500-1500km)
69d400827dca6ba0935b5510,MAN,BER,nach DE,BER,Hub,Manchester,MAN,9,16,5,5,2,"fluegede,idealo",1063.0,Mittel (500-1500km)
69d400827dca6ba0935a87e2,SPU,DUS,nach DE,DUS,Hub,Split,SPU,9,16,3,3,2,"fluegede,idealo",1119.0,Mittel (500-1500km)
69d400827dca6ba0935b1db5,BER,MXP,ab DE,BER,Hub,Milan,MXP,9,15,5,5,2,"fluegede,idealo",825.0,Mittel (500-1500km)
69d400827dca6ba0935a9b7e,AUH,MUC,nach DE,MUC,Hub,Abu Dhabi,AUH,9,15,2,2,2,"fluegede,idealo",4580.0,Lang (>1500km)
69d400827dca6ba0935a9bc8,DRS,PMI,ab DE,DRS,Provinz,Palma De Mallorca,PMI,9,14,2,3,2,"fluegede,idealo",1546.0,Lang (>1500km)
69d400827dca6ba0935ad566,ZAD,NRN,nach DE,NRN,Provinz,Zadar,ZAD,9,14,1,2,2,"fluegede,idealo",1078.0,Mittel (500-1500km)
69d400827dca6ba0935b6286,OTP,BER,nach DE,BER,Hub,Bucharest,OTP,9,13,2,2,2,"fluegede,idealo",1267.0,Mittel (500-1500km)
69d400827dca6ba0935ad248,NRN,ZAD,ab DE,NRN,Provinz,Zadar,ZAD,9,13,1,2,2,"fluegede,idealo",1078.0,Mittel (500-1500km)
69d400827dca6ba0935b2932,CHQ,FRA,nach DE,FRA,Hub,Souda,CHQ,9,12,4,5,2,"fluegede,idealo",2046.0,Lang (>1500km)
69d400827dca6ba0935abd46,FRA,CHQ,ab DE,FRA,Hub,Souda,CHQ,9,12,4,5,2,"fluegede,idealo",2046.0,Lang (>1500km)
69d400827dca6ba0935b0305,TUN,MUC,nach DE,MUC,Hub,Tunis,TUN,9,12,4,4,2,"fluegede,idealo",1285.0,Mittel (500-1500km)
69d400827dca6ba0935abd3f,DUS,XRY,ab DE,DUS,Hub,Jerez de la Forntera,XRY,9,12,3,4,2,"fluegede,idealo",1909.0,Lang (>1500km)
69d400827dca6ba0935b5337,LUX,BER,nach DE,BER,Hub,Luxembourg,LUX,9,12,1,1,2,"fluegede,idealo",615.0,Mittel (500-1500km)
69d400827dca6ba0935b1dc2,BER,CTA,ab DE,BER,Hub,Catania,CTA,9,11,5,5,2,"fluegede,idealo",1661.0,Lang (>1500km)
69d400827dca6ba0935a9ce5,NUE,HRG,ab DE,NUE,Provinz,Hurghada,HRG,9,11,4,4,2,"fluegede,idealo",3151.0,Lang (>1500km)
69d400827dca6ba0935b3a29,GDN,HAM,nach DE,HAM,Hub,Gdańsk,GDN,9,11,2,2,2,"fluegede,idealo",560.0,Mittel (500-1500km)
69d400827dca6ba0935b1de4,BER,KGS,ab DE,BER,Hub,Kos Island,KGS,9,10,6,6,2,"fluegede,idealo",2031.0,Lang (>1500km)
69d400827dca6ba0935b1dbf,BER,NAP,ab DE,BER,Hub,Napoli,NAP,9,10,5,5,2,"fluegede,idealo",1277.0,Mittel (500-1500km)
69d400827dca6ba0935b5bbd,NAP,BER,nach DE,BER,Hub,Napoli,NAP,9,10,5,5,2,"fluegede,idealo",1277.0,Mittel (500-1500km)
69d400827dca6ba0935a9c63,HRG,NUE,nach DE,NUE,Provinz,Hurghada,HRG,9,10,3,3,2,"fluegede,idealo",3151.0,Lang (>1500km)
69d400827dca6ba0935ab99e,MUC,LCA,ab DE,MUC,Hub,Larnarca,LCA,9,10,2,2,2,"fluegede,idealo",2340.0,Lang (>1500km)
69d400827dca6ba0935ab672,PVG,MUC,nach DE,MUC,Hub,Shanghai,PVG,9,10,2,2,2,"fluegede,idealo",8778.0,Lang (>1500km)
69d400827dca6ba0935acdc1,BRE,STN,ab DE,BRE,Provinz,London,STN,9,10,1,1,2,"fluegede,idealo",593.0,Mittel (500-1500km)
69d400827dca6ba0935b2230,BOJ,BER,nach DE,BER,Hub,Burgas,BOJ,9,9,6,6,2,"fluegede,idealo",1510.0,Lang (>1500km)
69d400827dca6ba0935ab5aa,MUC,PVG,ab DE,MUC,Hub,Shanghai,PVG,8,216,2,27,2,"fluegede,idealo",8778.0,Lang (>1500km)
69d400827dca6ba0935a9c42,HAM,AGP,ab DE,HAM,Hub,Malaga,AGP,8,196,4,21,2,"fluegede,idealo",2192.0,Lang (>1500km)
69d400827dca6ba0935ae92d,FRA,ALA,ab DE,FRA,Hub,Almaty,ALA,8,166,3,25,2,"fluegede,idealo",5091.0,Lang (>1500km)
69d400827dca6ba0935a9b69,AGP,HAM,nach DE,HAM,Hub,Malaga,AGP,8,145,1,19,2,"fluegede,idealo",2192.0,Lang (>1500km)
69d400827dca6ba0935a870c,DUS,BIO,ab DE,DUS,Hub,Bilbao,BIO,8,143,2,11,2,"fluegede,idealo",1148.0,Mittel (500-1500km)
69d400827dca6ba0935a869a,BIO,DUS,nach DE,DUS,Hub,Bilbao,BIO,8,130,1,9,2,"fluegede,idealo",1148.0,Mittel (500-1500km)
69d400827dca6ba0935aebf8,VNO,MUC,nach DE,MUC,Hub,Vilnius,VNO,8,120,2,15,2,"fluegede,idealo",1163.0,Mittel (500-1500km)
69d400827dca6ba0935a87ea,STR,AGP,ab DE,STR,Hub,Malaga,AGP,8,115,4,11,2,"fluegede,idealo",1739.0,Lang (>1500km)
69d400827dca6ba0935a9c8a,LEJ,HER,ab DE,LEJ,Provinz,Heraklion,HER,8,111,3,12,2,"fluegede,idealo",2066.0,Lang (>1500km)
69d400827dca6ba0935a8810,STR,SPU,ab DE,STR,Hub,Split,SPU,8,64,1,11,2,"fluegede,idealo",790.0,Mittel (500-1500km)
69d400827dca6ba0935a87e5,SPU,STR,nach DE,STR,Hub,Split,SPU,8,62,1,11,2,"fluegede,idealo",790.0,Mittel (500-1500km)
69d400827dca6ba0935a9c11,FNC,DUS,nach DE,DUS,Hub,Funchal,FNC,8,61,3,11,2,"fluegede,idealo",2814.0,Lang (>1500km)
69d400827dca6ba0935abdbd,RHO,STR,nach DE,STR,Hub,Rodes Island,RHO,8,47,2,10,2,"fluegede,idealo",2052.0,Lang (>1500km)
69d400827dca6ba0935a9d32,SAW,NUE,nach DE,NUE,Provinz,Istanbul,SAW,8,47,1,6,2,"fluegede,idealo",1713.0,Lang (>1500km)
69d400827dca6ba0935a9d4f,SZG,HAM,nach DE,HAM,Hub,Salzburg,SZG,8,36,3,3,2,"fluegede,idealo",683.0,Mittel (500-1500km)
69d400827dca6ba0935abdba,RHO,HAJ,nach DE,HAJ,Provinz,Rodes Island,RHO,8,34,3,6,2,"fluegede,idealo",2293.0,Lang (>1500km)
69d400827dca6ba0935a87e7,STN,CGN,nach DE,CGN,Hub,London,STN,8,21,1,2,2,"fluegede,idealo",492.0,Kurz (0-500km)
69d400827dca6ba0935a9cdf,NCE,DUS,nach DE,DUS,Hub,Nice,NCE,8,16,1,1,2,"fluegede,idealo",849.0,Mittel (500-1500km)
69d400827dca6ba0935b2882,CGN,BGY,ab DE,CGN,Hub,Bergamo,BGY,8,15,1,2,2,"fluegede,idealo",608.0,Mittel (500-1500km)
69d400827dca6ba0935b1efa,BGY,CGN,nach DE,CGN,Hub,Bergamo,BGY,8,14,2,2,2,"fluegede,idealo",608.0,Mittel (500-1500km)
69d400827dca6ba0935b1da8,BER,BGY,ab DE,BER,Hub,Bergamo,BGY,8,14,1,2,2,"fluegede,idealo",793.0,Mittel (500-1500km)
69d400827dca6ba0935a86f1,CTA,DUS,nach DE,DUS,Hub,Catania,CTA,8,13,1,1,2,"fluegede,idealo",1670.0,Lang (>1500km)
69d400827dca6ba0935b1db3,BER,TLV,ab DE,BER,Hub,Tel Aviv,TLV,8,12,4,4,2,"fluegede,idealo",2845.0,Lang (>1500km)
69d400827dca6ba0935abd3c,DUS,CHQ,ab DE,DUS,Hub,Souda,CHQ,8,12,3,4,2,"fluegede,idealo",2234.0,Lang (>1500km)
69d400827dca6ba0935a9c62,HRG,LEJ,nach DE,LEJ,Provinz,Hurghada,HRG,8,12,3,4,2,"fluegede,idealo",3247.0,Lang (>1500km)
69d400827dca6ba0935b2d1d,CTA,BER,nach DE,BER,Hub,Catania,CTA,8,11,5,6,2,"fluegede,idealo",1661.0,Lang (>1500km)
69d400827dca6ba0935b1c59,BBU,FMM,nach DE,FMM,Provinz,Bucharest,BBU,8,11,2,2,2,"fluegede,idealo",1277.0,Mittel (500-1500km)
69d400827dca6ba0935a867f,AGP,STR,nach DE,STR,Hub,Malaga,AGP,8,11,1,2,2,"fluegede,idealo",1739.0,Lang (>1500km)
69d400827dca6ba0935abd77,HAJ,RHO,ab DE,HAJ,Provinz,Rodes Island,RHO,8,10,3,3,2,"fluegede,idealo",2293.0,Lang (>1500km)
69d400827dca6ba0935b3daa,HAM,VAR,ab DE,HAM,Hub,Varna,VAR,8,10,2,2,2,"fluegede,idealo",1743.0,Lang (>1500km)
69d400827dca6ba0935aebf3,MUC,VNO,ab DE,MUC,Hub,Vilnius,VNO,8,10,2,2,2,"fluegede,idealo",1163.0,Mittel (500-1500km)
69d400827dca6ba0935b8053,VAR,HAM,nach DE,HAM,Hub,Varna,VAR,8,10,2,2,2,"fluegede,idealo",1743.0,Lang (>1500km)
69d400827dca6ba0935ae8d0,ALA,FRA,nach DE,FRA,Hub,Almaty,ALA,8,10,2,2,2,"fluegede,idealo",5091.0,Lang (>1500km)
69d400827dca6ba0935a9c4e,HAM,SZG,ab DE,HAM,Hub,Salzburg,SZG,8,10,1,1,2,"fluegede,idealo",683.0,Mittel (500-1500km)
69d400827dca6ba0935b1dd8,BER,OPO,ab DE,BER,Hub,Porto,OPO,8,9,6,6,2,"fluegede,idealo",2078.0,Lang (>1500km)
69d400827dca6ba0935b1dad,BER,BSL,ab DE,BER,Hub,Bale/Mulhouse,BSL,8,9,6,6,2,"fluegede,idealo",681.0,Mittel (500-1500km)
69d400827dca6ba0935b60c9,OPO,BER,nach DE,BER,Hub,Porto,OPO,8,9,6,6,2,"fluegede,idealo",2078.0,Lang (>1500km)
69d400827dca6ba0935b241b,BSL,BER,nach DE,BER,Hub,Bale/Mulhouse,BSL,8,9,6,6,2,"fluegede,idealo",681.0,Mittel (500-1500km)
69d400827dca6ba0935b1e47,BEY,BER,nach DE,BER,Hub,Beirut,BEY,8,9,3,3,2,"fluegede,idealo",2705.0,Lang (>1500km)
69d400827dca6ba0935b5a48,MUC,BGO,ab DE,MUC,Hub,Bergen,BGO,8,9,2,2,2,"fluegede,idealo",1393.0,Mittel (500-1500km)
69d400827dca6ba0935b1dc3,BER,FAO,ab DE,BER,Hub,Faro,FAO,8,9,2,2,2,"fluegede,idealo",2389.0,Lang (>1500km)
69d400827dca6ba0935abdcf,STR,RHO,ab DE,STR,Hub,Rodes Island,RHO,8,9,2,2,2,"fluegede,idealo",2052.0,Lang (>1500km)
69d400827dca6ba0935b0ec2,SKP,FMM,nach DE,FMM,Provinz,Skopje,SKP,8,9,2,2,2,"fluegede,idealo",1116.0,Mittel (500-1500km)
69d400827dca6ba0935b0e1b,FMM,SKP,ab DE,FMM,Provinz,Skopje,SKP,8,9,2,2,2,"fluegede,idealo",1116.0,Mittel (500-1500km)
69d400827dca6ba0935b7b70,TLL,BER,nach DE,BER,Hub,Tallinn,TLL,8,9,2,2,2,"fluegede,idealo",1053.0,Mittel (500-1500km)
69d400827dca6ba0935b37c6,FKB,TIA,ab DE,FKB,Provinz,Tirana,TIA,8,9,2,2,2,"fluegede,idealo",1224.0,Mittel (500-1500km)
69d400827dca6ba0935b3859,FMM,ZAD,ab DE,FMM,Provinz,Zadar,ZAD,8,9,1,1,2,"fluegede,idealo",584.0,Mittel (500-1500km)
69d400827dca6ba0935b1dd0,BER,BOJ,ab DE,BER,Hub,Burgas,BOJ,8,8,6,6,2,"fluegede,idealo",1510.0,Lang (>1500km)
69d400827dca6ba0935ae9ac,LAX,MUC,nach DE,MUC,Hub,Los Angeles,LAX,7,264,2,27,2,"fluegede,idealo",9616.0,Lang (>1500km)
69d400827dca6ba0935ae9eb,MUC,LAX,ab DE,MUC,Hub,Los Angeles,LAX,7,255,2,26,2,"fluegede,idealo",9616.0,Lang (>1500km)
69d400827dca6ba0935ae9e6,MUC,JFK,ab DE,MUC,Hub,New York,JFK,7,252,4,30,2,"fluegede,idealo",6481.0,Lang (>1500km)
69d400827dca6ba0935abd89,LAS,FRA,nach DE,FRA,Hub,Las Vegas,LAS,7,249,5,21,2,"fluegede,idealo",8963.0,Lang (>1500km)
69d400827dca6ba0935abd51,FRA,LAS,ab DE,FRA,Hub,Las Vegas,LAS,7,233,4,23,2,"fluegede,idealo",8963.0,Lang (>1500km)
69d400827dca6ba0935ae8e4,BOS,MUC,nach DE,MUC,Hub,Boston,BOS,7,231,3,24,2,"fluegede,idealo",6181.0,Lang (>1500km)
69d400827dca6ba0935a9f69,YVR,MUC,nach DE,MUC,Hub,Richmond,YVR,7,223,3,17,2,"fluegede,idealo",8340.0,Lang (>1500km)
69d400827dca6ba0935ae9cc,MUC,BOS,ab DE,MUC,Hub,Boston,BOS,7,222,2,25,2,"fluegede,idealo",6181.0,Lang (>1500km)
69d400827dca6ba0935ab82b,FRA,TPE,ab DE,FRA,Hub,Taipei,TPE,7,216,1,25,2,"fluegede,idealo",9367.0,Lang (>1500km)
69d400827dca6ba0935aa27d,ATL,MUC,nach DE,MUC,Hub,Atlanta,ATL,7,215,4,16,2,"fluegede,idealo",7702.0,Lang (>1500km)
69d400827dca6ba0935a9e79,MUC,YVR,ab DE,MUC,Hub,Richmond,YVR,7,214,3,19,2,"fluegede,idealo",8340.0,Lang (>1500km)
69d400827dca6ba0935ac58e,DUS,DXB,ab DE,DUS,Hub,Dubai,DXB,7,205,4,20,2,"fluegede,idealo",5005.0,Lang (>1500km)
69d400827dca6ba0935ae9bf,MCO,FRA,nach DE,FRA,Hub,Orlando,MCO,7,203,3,21,2,"fluegede,idealo",7618.0,Lang (>1500km)
69d400827dca6ba0935ae9e4,MUC,ICN,ab DE,MUC,Hub,Seoul,ICN,7,203,1,29,2,"fluegede,idealo",8500.0,Lang (>1500km)
69d400827dca6ba0935aa6e7,MUC,DEL,ab DE,MUC,Hub,New Delhi,DEL,7,200,3,28,2,"fluegede,idealo",5899.0,Lang (>1500km)
69d400827dca6ba0935a9f41,YUL,MUC,nach DE,MUC,Hub,Dorval,YUL,7,199,2,18,2,"fluegede,idealo",6151.0,Lang (>1500km)
69d400827dca6ba0935abded,ZNZ,FRA,nach DE,FRA,Hub,Kiembi Samaki,ZNZ,7,196,6,20,2,"fluegede,idealo",6918.0,Lang (>1500km)
69d400827dca6ba0935ab858,TPE,FRA,nach DE,FRA,Hub,Taipei,TPE,7,193,1,25,2,"fluegede,idealo",9367.0,Lang (>1500km)
69d400827dca6ba0935aa69a,DEL,MUC,nach DE,MUC,Hub,New Delhi,DEL,7,188,2,21,2,"fluegede,idealo",5899.0,Lang (>1500km)
69d400827dca6ba0935aa667,BLR,FRA,nach DE,FRA,Hub,Bangalore,BLR,7,186,3,21,2,"fluegede,idealo",7403.0,Lang (>1500km)
69d400827dca6ba0935a9e78,MUC,YUL,ab DE,MUC,Hub,Dorval,YUL,7,185,4,22,2,"fluegede,idealo",6151.0,Lang (>1500km)
69d400827dca6ba0935aa6e6,MUC,BOM,ab DE,MUC,Hub,Mumbai,BOM,7,176,2,25,2,"fluegede,idealo",6312.0,Lang (>1500km)
69d400827dca6ba0935aa672,BOM,MUC,nach DE,MUC,Hub,Mumbai,BOM,7,171,2,18,2,"fluegede,idealo",6312.0,Lang (>1500km)
69d400827dca6ba0935a87eb,STR,ATH,ab DE,STR,Hub,Athens,ATH,7,166,3,17,2,"fluegede,idealo",1682.0,Lang (>1500km)
69d400827dca6ba0935ae90c,DUS,VLC,ab DE,DUS,Hub,Valencia,VLC,7,158,1,14,2,"fluegede,idealo",1427.0,Mittel (500-1500km)
69d400827dca6ba0935aea59,VLC,DUS,nach DE,DUS,Hub,Valencia,VLC,7,158,1,14,2,"fluegede,idealo",1427.0,Mittel (500-1500km)
69d400827dca6ba0935a8689,ATH,STR,nach DE,STR,Hub,Athens,ATH,7,157,3,14,3,"check24,fluegede,idealo",1682.0,Lang (>1500km)
69d400827dca6ba0935ae941,FRA,EZE,ab DE,FRA,Hub,Ezeiza,EZE,7,153,1,20,2,"fluegede,idealo",11501.0,Lang (>1500km)
69d400827dca6ba0935ae922,EZE,FRA,nach DE,FRA,Hub,Ezeiza,EZE,7,151,2,19,2,"fluegede,idealo",11501.0,Lang (>1500km)
69d400827dca6ba0935a9cd5,NAP,DUS,nach DE,DUS,Hub,Napoli,NAP,7,149,1,14,3,"check24,fluegede,idealo",1293.0,Mittel (500-1500km)
69d400827dca6ba0935aea25,OSL,DUS,nach DE,DUS,Hub,Oslo,OSL,7,143,3,13,2,"fluegede,idealo",1026.0,Mittel (500-1500km)
69d400827dca6ba0935a9be8,DUS,NAP,ab DE,DUS,Hub,Napoli,NAP,7,143,2,15,2,"fluegede,idealo",1293.0,Mittel (500-1500km)
69d400827dca6ba0935a872a,DUS,VCE,ab DE,DUS,Hub,Venezia,VCE,7,141,1,8,2,"fluegede,idealo",763.0,Mittel (500-1500km)
69d400827dca6ba0935a86af,CGN,ARN,ab DE,CGN,Hub,Stockholm,ARN,7,140,4,6,3,"check24,fluegede,idealo",1189.0,Mittel (500-1500km)
69d400827dca6ba0935a883c,VCE,DUS,nach DE,DUS,Hub,Venezia,VCE,7,139,1,10,2,"fluegede,idealo",763.0,Mittel (500-1500km)
69d400827dca6ba0935ac781,FRA,ADD,ab DE,FRA,Hub,Addis Ababa,ADD,7,134,4,20,2,"fluegede,idealo",5349.0,Lang (>1500km)
69d400827dca6ba0935a9b90,BEG,DUS,nach DE,DUS,Hub,Belgrad,BEG,7,129,1,12,3,"check24,fluegede,idealo",1234.0,Mittel (500-1500km)
69d400827dca6ba0935abd8b,LCA,DUS,nach DE,DUS,Hub,Larnarca,LCA,7,119,4,20,2,"fluegede,idealo",2816.0,Lang (>1500km)
69d400827dca6ba0935ada2d,BAH,FRA,nach DE,FRA,Hub,Manama,BAH,7,116,1,14,2,"fluegede,idealo",4441.0,Lang (>1500km)
69d400827dca6ba0935a9d2c,RIX,HAM,nach DE,HAM,Hub,Riga,RIX,7,113,2,13,2,"fluegede,idealo",956.0,Mittel (500-1500km)
69d400827dca6ba0935a9c18,FRA,AMM,ab DE,FRA,Hub,Amman,AMM,7,113,1,15,2,"fluegede,idealo",3046.0,Lang (>1500km)
69d400827dca6ba0935ae8da,BHX,MUC,nach DE,MUC,Hub,Birmingham,BHX,7,113,1,10,2,"fluegede,idealo",1060.0,Mittel (500-1500km)
69d400827dca6ba0935a875a,HAM,FAO,ab DE,HAM,Hub,Faro,FAO,7,111,1,13,2,"fluegede,idealo",2306.0,Lang (>1500km)
69d400827dca6ba0935aea08,MUC,TBS,ab DE,MUC,Hub,Tbilisi,TBS,7,104,1,17,2,"fluegede,idealo",2688.0,Lang (>1500km)
69d400827dca6ba0935ae92e,FRA,BEY,ab DE,FRA,Hub,Beirut,BEY,7,102,1,14,2,"fluegede,idealo",2839.0,Lang (>1500km)
69d400827dca6ba0935ae8d5,BEY,FRA,nach DE,FRA,Hub,Beirut,BEY,7,98,2,15,2,"fluegede,idealo",2839.0,Lang (>1500km)
69d400827dca6ba0935ae910,ESB,MUC,nach DE,MUC,Hub,Ankara,ESB,7,95,1,6,2,"fluegede,idealo",1912.0,Lang (>1500km)
69d400827dca6ba0935ae98f,HAM,BSL,ab DE,HAM,Hub,Bale/Mulhouse,BSL,7,93,4,13,2,"fluegede,idealo",694.0,Mittel (500-1500km)
69d400827dca6ba0935a9bda,DUS,FNC,ab DE,DUS,Hub,Funchal,FNC,7,93,3,12,2,"fluegede,idealo",2814.0,Lang (>1500km)
69d400827dca6ba0935a9b6e,ALC,FRA,nach DE,FRA,Hub,Alicante,ALC,7,90,1,10,2,"fluegede,idealo",1492.0,Mittel (500-1500km)
69d400827dca6ba0935a9c17,FRA,ALC,ab DE,FRA,Hub,Alicante,ALC,7,84,1,13,2,"fluegede,idealo",1492.0,Mittel (500-1500km)
69d400827dca6ba0935ae9d8,MUC,ESB,ab DE,MUC,Hub,Ankara,ESB,7,82,1,5,2,"fluegede,idealo",1912.0,Lang (>1500km)
69d400827dca6ba0935a87cc,RHO,CGN,nach DE,CGN,Hub,Rodes Island,RHO,7,80,3,14,2,"fluegede,idealo",2314.0,Lang (>1500km)
69d400827dca6ba0935a87f7,STR,CTA,ab DE,STR,Hub,Catania,CTA,7,79,2,11,2,"fluegede,idealo",1334.0,Mittel (500-1500km)
69d400827dca6ba0935a9c4a,HAM,KGS,ab DE,HAM,Hub,Kos Island,KGS,7,77,5,11,2,"fluegede,idealo",2289.0,Lang (>1500km)
69d400827dca6ba0935a86da,CGN,RHO,ab DE,CGN,Hub,Rodes Island,RHO,7,72,2,11,2,"fluegede,idealo",2314.0,Lang (>1500km)
69d400827dca6ba0935a9c79,KGS,HAM,nach DE,HAM,Hub,Kos Island,KGS,7,70,5,11,2,"fluegede,idealo",2289.0,Lang (>1500km)
69d400827dca6ba0935abd2f,CHQ,DUS,nach DE,DUS,Hub,Souda,CHQ,7,70,3,13,2,"fluegede,idealo",2234.0,Lang (>1500km)
69d400827dca6ba0935abd7a,HAM,HRG,ab DE,HAM,Hub,Hurghada,HRG,7,67,2,10,2,"fluegede,idealo",3530.0,Lang (>1500km)
69d400827dca6ba0935a87fa,STR,FAO,ab DE,STR,Hub,Faro,FAO,7,65,2,8,2,"fluegede,idealo",1902.0,Lang (>1500km)
69d400827dca6ba0935a86bf,CGN,FAO,ab DE,CGN,Hub,Faro,FAO,7,65,2,7,2,"fluegede,idealo",1951.0,Lang (>1500km)
69d400827dca6ba0935a918c,SKG,NUE,nach DE,NUE,Provinz,Thessaloniki,SKG,7,64,1,9,2,"fluegede,idealo",1365.0,Mittel (500-1500km)
69d400827dca6ba0935a8730,FAO,HAM,nach DE,HAM,Hub,Faro,FAO,7,61,1,9,2,"fluegede,idealo",2306.0,Lang (>1500km)
69d400827dca6ba0935a8785,IBZ,STR,nach DE,STR,Hub,Ibiza,IBZ,7,55,1,6,3,"check24,fluegede,idealo",1259.0,Mittel (500-1500km)
69d400827dca6ba0935a9d07,PMI,DRS,nach DE,DRS,Provinz,Palma De Mallorca,PMI,7,52,2,6,2,"fluegede,idealo",1546.0,Lang (>1500km)
69d400827dca6ba0935a9ced,NUE,SAW,ab DE,NUE,Provinz,Istanbul,SAW,7,48,1,6,3,"check24,fluegede,idealo",1713.0,Lang (>1500km)
69d400827dca6ba0935abd82,HRG,HAM,nach DE,HAM,Hub,Hurghada,HRG,7,46,2,12,2,"fluegede,idealo",3530.0,Lang (>1500km)
69d400827dca6ba0935a8731,FAO,STR,nach DE,STR,Hub,Faro,FAO,7,46,1,9,2,"fluegede,idealo",1902.0,Lang (>1500km)
69d400827dca6ba0935a872f,FAO,CGN,nach DE,CGN,Hub,Faro,FAO,7,45,2,8,2,"fluegede,idealo",1951.0,Lang (>1500km)
69d400827dca6ba0935abde7,XRY,FRA,nach DE,FRA,Hub,Jerez de la Forntera,XRY,7,41,4,11,2,"fluegede,idealo",1883.0,Lang (>1500km)
69d400827dca6ba0935abda3,MBA,FRA,nach DE,FRA,Hub,Mombasa,MBA,7,40,3,9,2,"fluegede,idealo",6708.0,Lang (>1500km)
69d400827dca6ba0935a8808,STR,OLB,ab DE,STR,Hub,Olbia,OLB,7,38,1,6,2,"fluegede,idealo",867.0,Mittel (500-1500km)
69d400827dca6ba0935abd32,DJE,FRA,nach DE,FRA,Hub,Djerba,DJE,7,37,5,8,2,"fluegede,idealo",1805.0,Lang (>1500km)
69d400827dca6ba0935a9bbe,DJE,DUS,nach DE,DUS,Hub,Djerba,DJE,7,37,3,7,2,"fluegede,idealo",1963.0,Lang (>1500km)
69d400827dca6ba0935abd49,FRA,DJE,ab DE,FRA,Hub,Djerba,DJE,7,34,6,11,2,"fluegede,idealo",1805.0,Lang (>1500km)
69d400827dca6ba0935abd53,FRA,MBA,ab DE,FRA,Hub,Mombasa,MBA,7,34,3,10,2,"fluegede,idealo",6708.0,Lang (>1500km)
69d400827dca6ba0935aac96,AMS,HAJ,nach DE,HAJ,Provinz,Amsterdam,AMS,7,29,1,1,2,"fluegede,idealo",334.0,Kurz (0-500km)
69d400827dca6ba0935b390a,FRA,RMO,ab DE,FRA,Hub,Chișinău,RMO,7,20,3,6,2,"fluegede,idealo",1537.0,Lang (>1500km)
69d400827dca6ba0935b32f3,DUS,EDI,ab DE,DUS,Hub,Edinburgh,EDI,7,20,1,2,2,"fluegede,idealo",845.0,Mittel (500-1500km)
69d400827dca6ba0935b6c8e,RMO,FRA,nach DE,FRA,Hub,Chișinău,RMO,7,18,3,5,2,"fluegede,idealo",1537.0,Lang (>1500km)
69d400827dca6ba0935b32f4,DUS,OPO,ab DE,DUS,Hub,Porto,OPO,7,18,1,2,2,"fluegede,idealo",1624.0,Lang (>1500km)
69d400827dca6ba0935b2888,CGN,OPO,ab DE,CGN,Hub,Porto,OPO,7,17,2,2,2,"fluegede,idealo",1617.0,Lang (>1500km)
69d400827dca6ba0935acff7,FKB,ALC,ab DE,FKB,Provinz,Alicante,ALC,7,17,1,3,2,"fluegede,idealo",1357.0,Mittel (500-1500km)
69d400827dca6ba0935b60ca,OPO,DUS,nach DE,DUS,Hub,Porto,OPO,7,17,1,2,2,"fluegede,idealo",1624.0,Lang (>1500km)
69d400827dca6ba0935b2883,CGN,VLC,ab DE,CGN,Hub,Valencia,VLC,7,16,2,2,2,"fluegede,idealo",1397.0,Mittel (500-1500km)
69d400827dca6ba0935b8197,VLC,CGN,nach DE,CGN,Hub,Valencia,VLC,7,16,2,2,2,"fluegede,idealo",1397.0,Mittel (500-1500km)
69d400827dca6ba0935b3462,EDI,DUS,nach DE,DUS,Hub,Edinburgh,EDI,7,16,1,2,2,"fluegede,idealo",845.0,Mittel (500-1500km)
69d400827dca6ba0935b1ef4,BGY,BER,nach DE,BER,Hub,Bergamo,BGY,7,15,1,2,2,"fluegede,idealo",793.0,Mittel (500-1500km)
69d400827dca6ba0935abd3d,DUS,DLM,ab DE,DUS,Hub,Dalaman,DLM,7,12,2,2,2,"fluegede,idealo",2377.0,Lang (>1500km)
69d400827dca6ba0935b3d9d,HAM,LIN,ab DE,HAM,Hub,Milan,LIN,7,12,1,2,2,"fluegede,idealo",912.0,Mittel (500-1500km)
69d400827dca6ba0935b1dae,BER,SCN,Inland,BER,Hub,,,7,12,1,1,2,"fluegede,idealo",569.0,Mittel (500-1500km)
69d400827dca6ba0935b3649,EWR,BER,nach DE,BER,Hub,Newark,EWR,7,11,3,4,2,"fluegede,idealo",6410.0,Lang (>1500km)
69d400827dca6ba0935b3d9c,HAM,STN,ab DE,HAM,Hub,London,STN,7,11,1,2,2,"fluegede,idealo",684.0,Mittel (500-1500km)
69d400827dca6ba0935b1dbb,BER,BEY,ab DE,BER,Hub,Beirut,BEY,7,10,3,3,2,"fluegede,idealo",2705.0,Lang (>1500km)
69d400827dca6ba0935a9cb7,MUC,FAO,ab DE,MUC,Hub,Faro,FAO,7,10,2,3,3,"check24,fluegede,idealo",2038.0,Lang (>1500km)
69d400827dca6ba0935a9c00,FAO,MUC,nach DE,MUC,Hub,Faro,FAO,7,10,2,3,2,"fluegede,idealo",2038.0,Lang (>1500km)
69d400827dca6ba0935b1db0,BER,SOF,ab DE,BER,Hub,Sofia,SOF,7,10,2,2,2,"fluegede,idealo",1305.0,Mittel (500-1500km)
69d400827dca6ba0935b49be,KGS,BER,nach DE,BER,Hub,Kos Island,KGS,7,9,5,5,2,"fluegede,idealo",2031.0,Lang (>1500km)
69d400827dca6ba0935abd66,FRA,XRY,ab DE,FRA,Hub,Jerez de la Forntera,XRY,7,9,4,4,2,"fluegede,idealo",1883.0,Lang (>1500km)
69d400827dca6ba0935adec2,TAS,FRA,nach DE,FRA,Hub,Tashkent,TAS,7,9,3,3,2,"fluegede,idealo",4686.0,Lang (>1500km)
69d400827dca6ba0935b391e,FRA,JTR,ab DE,FRA,Hub,Santorini Island,JTR,7,9,3,3,2,"fluegede,idealo",2035.0,Lang (>1500km)
69d400827dca6ba0935ade85,FRA,TAS,ab DE,FRA,Hub,Tashkent,TAS,7,9,3,3,2,"fluegede,idealo",4686.0,Lang (>1500km)
69d400827dca6ba0935a9bd5,DUS,DJE,ab DE,DUS,Hub,Djerba,DJE,7,9,3,3,2,"fluegede,idealo",1963.0,Lang (>1500km)
69d400827dca6ba0935b1277,ADB,HAJ,nach DE,HAJ,Provinz,Izmir,ADB,7,9,2,2,2,"fluegede,idealo",2073.0,Lang (>1500km)
69d400827dca6ba0935b3857,FMM,SOF,ab DE,FMM,Provinz,Sofia,SOF,7,9,2,2,2,"fluegede,idealo",1183.0,Mittel (500-1500km)
69d400827dca6ba0935b5ead,NRN,TNG,ab DE,NRN,Provinz,Tangier,TNG,7,9,1,1,2,"fluegede,idealo",2008.0,Lang (>1500km)
69d400827dca6ba0935b89e6,ZAD,FMM,nach DE,FMM,Provinz,Zadar,ZAD,7,9,1,1,2,"fluegede,idealo",584.0,Mittel (500-1500km)
69d400827dca6ba0935a9482,DFW,FRA,nach DE,FRA,Hub,Dallas-Fort Worth,DFW,7,8,6,6,2,"fluegede,idealo",8257.0,Lang (>1500km)
69d400827dca6ba0935b5a50,MUC,DTW,ab DE,MUC,Hub,Detroit,DTW,7,8,5,5,2,"fluegede,idealo",6977.0,Lang (>1500km)
69d400827dca6ba0935b1de8,BER,PSA,ab DE,BER,Hub,Pisa,PSA,7,8,5,5,2,"fluegede,idealo",992.0,Mittel (500-1500km)
69d400827dca6ba0935b328c,DTW,MUC,nach DE,MUC,Hub,Detroit,DTW,7,8,5,5,2,"fluegede,idealo",6977.0,Lang (>1500km)
69d400827dca6ba0935b1dbe,BER,JFK,ab DE,BER,Hub,New York,JFK,7,8,4,4,2,"fluegede,idealo",6390.0,Lang (>1500km)
69d400827dca6ba0935aa49c,MUC,ATL,ab DE,MUC,Hub,Atlanta,ATL,7,8,4,4,2,"fluegede,idealo",7702.0,Lang (>1500km)
69d400827dca6ba0935a936d,CLT,FRA,nach DE,FRA,Hub,Charlotte,CLT,7,8,4,4,2,"fluegede,idealo",7059.0,Lang (>1500km)
69d400827dca6ba0935b4716,JFK,BER,nach DE,BER,Hub,New York,JFK,7,8,4,4,2,"fluegede,idealo",6390.0,Lang (>1500km)
69d400827dca6ba0935ae8ef,BSL,HAM,nach DE,HAM,Hub,Bale/Mulhouse,BSL,7,8,4,4,2,"fluegede,idealo",694.0,Mittel (500-1500km)
69d400827dca6ba0935a955e,FRA,CLT,ab DE,FRA,Hub,Charlotte,CLT,7,8,4,4,2,"fluegede,idealo",7059.0,Lang (>1500km)
69d400827dca6ba0935ae391,NRT,FRA,nach DE,FRA,Hub,Tokyo,NRT,7,8,3,3,2,"fluegede,idealo",9368.0,Lang (>1500km)
69d400827dca6ba0935b7550,STR,HRG,ab DE,STR,Hub,Hurghada,HRG,7,8,3,3,2,"fluegede,idealo",3191.0,Lang (>1500km)
69d400827dca6ba0935b3914,FRA,TPA,ab DE,FRA,Hub,Tampa,TPA,7,8,3,3,2,"fluegede,idealo",7737.0,Lang (>1500km)
69d400827dca6ba0935b7cd3,TPA,FRA,nach DE,FRA,Hub,Tampa,TPA,7,8,3,3,2,"fluegede,idealo",7737.0,Lang (>1500km)
69d400827dca6ba0935ae95e,FRA,MCO,ab DE,FRA,Hub,Orlando,MCO,7,8,3,3,2,"fluegede,idealo",7618.0,Lang (>1500km)
69d400827dca6ba0935ae322,FRA,NRT,ab DE,FRA,Hub,Tokyo,NRT,7,8,3,3,2,"fluegede,idealo",9368.0,Lang (>1500km)
69d400827dca6ba0935b1dbd,BER,EWR,ab DE,BER,Hub,Newark,EWR,7,8,3,3,2,"fluegede,idealo",6410.0,Lang (>1500km)
69d400827dca6ba0935a9b9f,CAG,MUC,nach DE,MUC,Hub,Cagliari,CAG,7,8,2,2,3,"check24,fluegede,idealo",1035.0,Mittel (500-1500km)
69d400827dca6ba0935b1e0b,BER,TLL,ab DE,BER,Hub,Tallinn,TLL,7,8,2,2,2,"fluegede,idealo",1053.0,Mittel (500-1500km)
69d400827dca6ba0935b6e4c,SAN,MUC,nach DE,MUC,Hub,San Diego,SAN,7,8,2,2,2,"fluegede,idealo",9673.0,Lang (>1500km)
69d400827dca6ba0935ae21d,GYD,FRA,nach DE,FRA,Hub,Baku,GYD,7,8,2,2,2,"fluegede,idealo",3369.0,Lang (>1500km)
69d400827dca6ba0935b6afc,RDU,FRA,nach DE,FRA,Hub,Raleigh/Durham,RDU,7,8,2,2,2,"fluegede,idealo",6866.0,Lang (>1500km)
69d400827dca6ba0935b08bd,MUC,IAH,ab DE,MUC,Hub,Houston,IAH,7,8,2,2,2,"fluegede,idealo",8699.0,Lang (>1500km)
69d400827dca6ba0935ae9c2,MIA,FRA,nach DE,FRA,Hub,Miami,MIA,7,8,2,2,2,"fluegede,idealo",7762.0,Lang (>1500km)
69d400827dca6ba0935b5a52,MUC,SAN,ab DE,MUC,Hub,San Diego,SAN,7,8,2,2,2,"fluegede,idealo",9673.0,Lang (>1500km)
69d400827dca6ba0935ae99f,JFK,MUC,nach DE,MUC,Hub,New York,JFK,7,8,2,2,2,"fluegede,idealo",6481.0,Lang (>1500km)
69d400827dca6ba0935afeff,WDH,FRA,nach DE,FRA,Hub,Windhoek,WDH,7,8,2,2,2,"fluegede,idealo",8110.0,Lang (>1500km)
69d400827dca6ba0935ac726,ADD,FRA,nach DE,FRA,Hub,Addis Ababa,ADD,7,8,2,2,2,"fluegede,idealo",5349.0,Lang (>1500km)
69d400827dca6ba0935ae960,FRA,MIA,ab DE,FRA,Hub,Miami,MIA,7,8,2,2,2,"fluegede,idealo",7762.0,Lang (>1500km)
69d400827dca6ba0935afef1,FRA,WDH,ab DE,FRA,Hub,Windhoek,WDH,7,8,2,2,2,"fluegede,idealo",8110.0,Lang (>1500km)
69d400827dca6ba0935b5a4c,MUC,SVQ,ab DE,MUC,Hub,Sevilla,SVQ,7,8,2,2,2,"fluegede,idealo",1877.0,Lang (>1500km)
69d400827dca6ba0935aa6ab,FRA,BLR,ab DE,FRA,Hub,Bangalore,BLR,7,8,2,2,2,"fluegede,idealo",7403.0,Lang (>1500km)
69d400827dca6ba0935b32f0,DUS,DOH,ab DE,DUS,Hub,Doha,DOH,7,8,2,2,2,"fluegede,idealo",4757.0,Lang (>1500km)
69d400827dca6ba0935ae219,FRA,GYD,ab DE,FRA,Hub,Baku,GYD,7,8,2,2,2,"fluegede,idealo",3369.0,Lang (>1500km)
69d400827dca6ba0935a9cb1,MUC,CAG,ab DE,MUC,Hub,Cagliari,CAG,7,8,2,2,2,"fluegede,idealo",1035.0,Mittel (500-1500km)
69d400827dca6ba0935b7659,SVQ,MUC,nach DE,MUC,Hub,Sevilla,SVQ,7,8,2,2,2,"fluegede,idealo",1877.0,Lang (>1500km)
69d400827dca6ba0935b3923,FRA,RDU,ab DE,FRA,Hub,Raleigh/Durham,RDU,7,8,2,2,2,"fluegede,idealo",6866.0,Lang (>1500km)
69d400827dca6ba0935b1eac,BGO,MUC,nach DE,MUC,Hub,Bergen,BGO,7,8,2,2,2,"fluegede,idealo",1393.0,Mittel (500-1500km)
69d400827dca6ba0935b0811,IAH,MUC,nach DE,MUC,Hub,Houston,IAH,7,8,2,2,2,"fluegede,idealo",8699.0,Lang (>1500km)
69d400827dca6ba0935a8769,HAM,OSL,ab DE,HAM,Hub,Oslo,OSL,7,8,1,1,3,"check24,fluegede,idealo",733.0,Mittel (500-1500km)
69d400827dca6ba0935a87b7,OSL,HAM,nach DE,HAM,Hub,Oslo,OSL,7,8,1,1,3,"check24,fluegede,idealo",733.0,Mittel (500-1500km)
69d400827dca6ba0935a8766,HAM,NCE,ab DE,HAM,Hub,Nice,NCE,7,8,1,1,2,"fluegede,idealo",1127.0,Mittel (500-1500km)
69d400827dca6ba0935b3d9e,HAM,TIA,ab DE,HAM,Hub,Tirana,TIA,7,8,1,1,2,"fluegede,idealo",1539.0,Lang (>1500km)
69d400827dca6ba0935b0e23,GDN,DTM,nach DE,DTM,Provinz,Gdańsk,GDN,7,8,1,1,2,"fluegede,idealo",793.0,Mittel (500-1500km)
69d400827dca6ba0935a86f4,CTA,STR,nach DE,STR,Hub,Catania,CTA,7,8,1,1,2,"fluegede,idealo",1334.0,Mittel (500-1500km)
69d400827dca6ba0935b3912,FRA,NTE,ab DE,FRA,Hub,Nantes,NTE,7,8,1,1,2,"fluegede,idealo",811.0,Mittel (500-1500km)
69d400827dca6ba0935b3266,DTM,AYT,ab DE,DTM,Provinz,Antalya,AYT,7,8,1,1,2,"fluegede,idealo",2442.0,Lang (>1500km)
69d400827dca6ba0935b0e1a,FMM,BEG,ab DE,FMM,Provinz,Belgrad,BEG,7,8,1,1,2,"fluegede,idealo",848.0,Mittel (500-1500km)
69d400827dca6ba0935a8800,STR,IBZ,ab DE,STR,Hub,Ibiza,IBZ,7,8,1,1,2,"fluegede,idealo",1259.0,Mittel (500-1500km)
69d400827dca6ba0935b7ab7,TIA,HAM,nach DE,HAM,Hub,Tirana,TIA,7,8,1,1,2,"fluegede,idealo",1539.0,Lang (>1500km)
69d400827dca6ba0935b1b7e,AYT,DTM,nach DE,DTM,Provinz,Antalya,AYT,7,8,1,1,2,"fluegede,idealo",2442.0,Lang (>1500km)
69d400827dca6ba0935b385c,FMM,SBZ,ab DE,FMM,Provinz,Sibiu,SBZ,7,8,1,1,2,"fluegede,idealo",1079.0,Mittel (500-1500km)
69d400827dca6ba0935b0dff,DTM,BEG,ab DE,DTM,Provinz,Belgrad,BEG,7,8,1,1,2,"fluegede,idealo",1198.0,Mittel (500-1500km)
69d400827dca6ba0935b4941,KEF,BER,nach DE,BER,Hub,Reykjavik,KEF,7,8,1,1,2,"fluegede,idealo",2432.0,Lang (>1500km)
69d400827dca6ba0935ae95f,FRA,MEX,ab DE,FRA,Hub,Mexico City,MEX,7,8,1,1,2,"fluegede,idealo",9551.0,Lang (>1500km)
69d400827dca6ba0935b3855,FMM,PRN,ab DE,FMM,Provinz,Lipjan,PRN,7,8,1,1,2,"fluegede,idealo",1036.0,Mittel (500-1500km)
69d400827dca6ba0935a9b75,AMM,FRA,nach DE,FRA,Hub,Amman,AMM,7,8,1,1,2,"fluegede,idealo",3046.0,Lang (>1500km)
69d400827dca6ba0935b765e,SVQ,FRA,nach DE,FRA,Hub,Sevilla,SVQ,7,8,1,1,2,"fluegede,idealo",1813.0,Lang (>1500km)
69d400827dca6ba0935b5efc,NTE,FRA,nach DE,FRA,Hub,Nantes,NTE,7,8,1,1,2,"fluegede,idealo",811.0,Mittel (500-1500km)
69d400827dca6ba0935b0bac,MUC,BOD,ab DE,MUC,Hub,Bordeaux/Merignac,BOD,7,8,1,1,2,"fluegede,idealo",1031.0,Mittel (500-1500km)
69d400827dca6ba0935ae9c0,MEX,FRA,nach DE,FRA,Hub,Mexico City,MEX,7,8,1,1,2,"fluegede,idealo",9551.0,Lang (>1500km)
69d400827dca6ba0935a9c4d,HAM,RIX,ab DE,HAM,Hub,Riga,RIX,7,8,1,1,2,"fluegede,idealo",956.0,Mittel (500-1500km)
69d400827dca6ba0935b385b,FMM,TZL,ab DE,FMM,Provinz,Tuzla,TZL,7,8,1,1,2,"fluegede,idealo",761.0,Mittel (500-1500km)
69d400827dca6ba0935b0e06,DTM,SOF,ab DE,DTM,Provinz,Sofia,SOF,7,8,1,1,2,"fluegede,idealo",1541.0,Lang (>1500km)
69d400827dca6ba0935b0b96,BOD,MUC,nach DE,MUC,Hub,Bordeaux/Merignac,BOD,7,8,1,1,2,"fluegede,idealo",1031.0,Mittel (500-1500km)
69d400827dca6ba0935a9171,NUE,SKG,ab DE,NUE,Provinz,Thessaloniki,SKG,7,8,1,1,2,"fluegede,idealo",1365.0,Mittel (500-1500km)
69d400827dca6ba0935b67fb,PRN,FMM,nach DE,FMM,Provinz,Lipjan,PRN,7,8,1,1,2,"fluegede,idealo",1036.0,Mittel (500-1500km)
69d400827dca6ba0935b6ef7,SBZ,FMM,nach DE,FMM,Provinz,Sibiu,SBZ,7,8,1,1,2,"fluegede,idealo",1079.0,Mittel (500-1500km)
69d400827dca6ba0935b0d99,BEG,DTM,nach DE,DTM,Provinz,Belgrad,BEG,7,8,1,1,2,"fluegede,idealo",1198.0,Mittel (500-1500km)
69d400827dca6ba0935b0e02,DTM,GDN,ab DE,DTM,Provinz,Gdańsk,GDN,7,8,1,1,2,"fluegede,idealo",793.0,Mittel (500-1500km)
69d400827dca6ba0935b0d9b,BEG,FMM,nach DE,FMM,Provinz,Belgrad,BEG,7,8,1,1,2,"fluegede,idealo",848.0,Mittel (500-1500km)
69d400827dca6ba0935b1dc5,BER,KEF,ab DE,BER,Hub,Reykjavik,KEF,7,8,1,1,2,"fluegede,idealo",2432.0,Lang (>1500km)
69d400827dca6ba0935b0e05,DTM,SKP,ab DE,DTM,Provinz,Skopje,SKP,7,8,1,1,2,"fluegede,idealo",1501.0,Lang (>1500km)
69d400827dca6ba0935b26f4,CAN,FRA,nach DE,FRA,Hub,Guangzhou,CAN,7,8,1,1,2,"fluegede,idealo",9022.0,Lang (>1500km)
69d400827dca6ba0935aea47,TBS,MUC,nach DE,MUC,Hub,Tbilisi,TBS,7,8,1,1,2,"fluegede,idealo",2688.0,Lang (>1500km)
69d400827dca6ba0935a87b6,OLB,STR,nach DE,STR,Hub,Olbia,OLB,7,8,1,1,2,"fluegede,idealo",867.0,Mittel (500-1500km)
69d400827dca6ba0935a9bcf,DUS,BEG,ab DE,DUS,Hub,Belgrad,BEG,7,8,1,1,2,"fluegede,idealo",1234.0,Mittel (500-1500km)
69d400827dca6ba0935b0ece,SOF,DTM,nach DE,DTM,Provinz,Sofia,SOF,7,8,1,1,2,"fluegede,idealo",1541.0,Lang (>1500km)
69d400827dca6ba0935b7ed8,TZL,FMM,nach DE,FMM,Provinz,Tuzla,TZL,7,8,1,1,2,"fluegede,idealo",761.0,Mittel (500-1500km)
69d400827dca6ba0935accc5,ALC,FKB,nach DE,FKB,Provinz,Alicante,ALC,7,8,1,1,2,"fluegede,idealo",1357.0,Mittel (500-1500km)
69d400827dca6ba0935ae9c8,MUC,BHX,ab DE,MUC,Hub,Birmingham,BHX,7,8,1,1,2,"fluegede,idealo",1060.0,Mittel (500-1500km)
69d400827dca6ba0935b0ec0,SKP,DTM,nach DE,DTM,Provinz,Skopje,SKP,7,8,1,1,2,"fluegede,idealo",1501.0,Lang (>1500km)
69d400827dca6ba0935b3918,FRA,SVQ,ab DE,FRA,Hub,Sevilla,SVQ,7,8,1,1,2,"fluegede,idealo",1813.0,Lang (>1500km)
69d400827dca6ba0935ada49,FRA,BAH,ab DE,FRA,Hub,Manama,BAH,7,8,1,1,2,"fluegede,idealo",4441.0,Lang (>1500km)
69d400827dca6ba0935b32f2,DUS,CAI,ab DE,DUS,Hub,Cairo,CAI,7,7,3,3,2,"fluegede,idealo",3109.0,Lang (>1500km)
69d400827dca6ba0935b392a,FRA,ZNZ,ab DE,FRA,Hub,Kiembi Samaki,ZNZ,7,7,3,3,2,"fluegede,idealo",6918.0,Lang (>1500km)
69d400827dca6ba0935b266d,CAI,DUS,nach DE,DUS,Hub,Cairo,CAI,7,7,3,3,2,"fluegede,idealo",3109.0,Lang (>1500km)
69d400827dca6ba0935b3919,FRA,TOS,ab DE,FRA,Hub,Tromsø,TOS,7,7,1,1,2,"fluegede,idealo",2254.0,Lang (>1500km)
69d400827dca6ba0935b7cad,TOS,FRA,nach DE,FRA,Hub,Tromsø,TOS,7,7,1,1,2,"fluegede,idealo",2254.0,Lang (>1500km)
69d400827dca6ba0935ac5ef,FRA,DXB,ab DE,FRA,Hub,Dubai,DXB,6,200,1,27,2,"fluegede,idealo",4845.0,Lang (>1500km)
69d400827dca6ba0935a9cb8,MUC,FNC,ab DE,MUC,Hub,Funchal,FNC,6,157,4,16,2,"fluegede,idealo",2948.0,Lang (>1500km)
69d400827dca6ba0935a87ad,NCE,HAM,nach DE,HAM,Hub,Nice,NCE,6,148,1,12,3,"check24,fluegede,idealo",1127.0,Mittel (500-1500km)
69d400827dca6ba0935ae904,DUS,GOT,ab DE,DUS,Hub,Gothenburg,GOT,6,142,1,8,2,"fluegede,idealo",793.0,Mittel (500-1500km)
69d400827dca6ba0935aa6da,MAA,FRA,nach DE,FRA,Hub,Chennai,MAA,6,133,4,16,2,"fluegede,idealo",7596.0,Lang (>1500km)
69d400827dca6ba0935a9d2a,RIX,DUS,nach DE,DUS,Hub,Riga,RIX,6,129,2,13,2,"fluegede,idealo",1280.0,Mittel (500-1500km)
69d400827dca6ba0935a876f,HAM,SKG,ab DE,HAM,Hub,Thessaloniki,SKG,6,129,2,12,3,"check24,fluegede,idealo",1752.0,Lang (>1500km)
69d400827dca6ba0935abd57,FRA,NBO,ab DE,FRA,Hub,Nairobi,NBO,6,129,1,18,2,"fluegede,idealo",6317.0,Lang (>1500km)
69d400827dca6ba0935a9bf0,DUS,RIX,ab DE,DUS,Hub,Riga,RIX,6,127,1,11,2,"fluegede,idealo",1280.0,Mittel (500-1500km)
69d400827dca6ba0935abdec,YHZ,FRA,nach DE,FRA,Hub,Halifax,YHZ,6,125,4,18,2,"fluegede,idealo",5235.0,Lang (>1500km)
69d400827dca6ba0935aea2a,PMO,FRA,nach DE,FRA,Hub,Palermo,PMO,6,125,1,10,2,"fluegede,idealo",1366.0,Mittel (500-1500km)
69d400827dca6ba0935ae981,GOT,DUS,nach DE,DUS,Hub,Gothenburg,GOT,6,123,1,10,2,"fluegede,idealo",793.0,Mittel (500-1500km)
69d400827dca6ba0935abd59,FRA,PUJ,ab DE,FRA,Hub,Punta Cana,PUJ,6,118,3,17,2,"fluegede,idealo",7511.0,Lang (>1500km)
69d400827dca6ba0935a9c49,HAM,IBZ,ab DE,HAM,Hub,Ibiza,IBZ,6,115,2,13,2,"fluegede,idealo",1767.0,Lang (>1500km)
69d400827dca6ba0935a879a,LIS,STR,nach DE,STR,Hub,Lisbon,LIS,6,113,1,10,2,"fluegede,idealo",1833.0,Lang (>1500km)
69d400827dca6ba0935a9cce,MUC,TFS,ab DE,MUC,Hub,Tenerife Island,TFS,6,111,4,22,2,"fluegede,idealo",3318.0,Lang (>1500km)
69d400827dca6ba0935af46d,ASR,DUS,nach DE,DUS,Hub,Kayseri,ASR,6,111,2,5,2,"fluegede,idealo",2627.0,Lang (>1500km)
69d400827dca6ba0935a8770,HAM,SPU,ab DE,HAM,Hub,Split,SPU,6,109,1,15,2,"fluegede,idealo",1213.0,Mittel (500-1500km)
69d400827dca6ba0935a9c6a,IBZ,HAM,nach DE,HAM,Hub,Ibiza,IBZ,6,108,1,11,2,"fluegede,idealo",1767.0,Lang (>1500km)
69d400827dca6ba0935a87fb,STR,FCO,ab DE,STR,Hub,Rome,FCO,6,105,3,10,2,"fluegede,idealo",801.0,Mittel (500-1500km)
69d400827dca6ba0935a8735,FCO,STR,nach DE,STR,Hub,Rome,FCO,6,103,4,10,3,"check24,fluegede,idealo",801.0,Mittel (500-1500km)
69d400827dca6ba0935a87e4,SPU,HAM,nach DE,HAM,Hub,Split,SPU,6,101,1,11,2,"fluegede,idealo",1213.0,Mittel (500-1500km)
69d400827dca6ba0935abdb7,PUJ,FRA,nach DE,FRA,Hub,Punta Cana,PUJ,6,99,3,16,2,"fluegede,idealo",7511.0,Lang (>1500km)
69d400827dca6ba0935a9d5e,TFS,MUC,nach DE,MUC,Hub,Tenerife Island,TFS,6,87,4,20,2,"fluegede,idealo",3318.0,Lang (>1500km)
69d400827dca6ba0935af4a3,ESB,STR,nach DE,STR,Hub,Ankara,ESB,6,87,3,5,2,"fluegede,idealo",2103.0,Lang (>1500km)
69d400827dca6ba0935a8807,STR,NAP,ab DE,STR,Hub,Napoli,NAP,6,84,1,10,2,"fluegede,idealo",955.0,Mittel (500-1500km)
69d400827dca6ba0935a9c13,FNC,MUC,nach DE,MUC,Hub,Funchal,FNC,6,82,4,13,3,"check24,fluegede,idealo",2948.0,Lang (>1500km)
69d400827dca6ba0935abd56,FRA,MRU,ab DE,FRA,Hub,Port Louis,MRU,6,80,3,11,2,"fluegede,idealo",9200.0,Lang (>1500km)
69d400827dca6ba0935a87ab,NAP,STR,nach DE,STR,Hub,Napoli,NAP,6,77,1,10,2,"fluegede,idealo",955.0,Mittel (500-1500km)
69d400827dca6ba0935a86e0,CGN,SPU,ab DE,CGN,Hub,Split,SPU,6,70,1,7,2,"fluegede,idealo",1067.0,Mittel (500-1500km)
69d400827dca6ba0935a9cec,NUE,RHO,ab DE,NUE,Provinz,Rodes Island,RHO,6,65,3,11,2,"fluegede,idealo",2000.0,Lang (>1500km)
69d400827dca6ba0935a87ac,NCE,CGN,nach DE,CGN,Hub,Nice,NCE,6,60,1,5,2,"fluegede,idealo",801.0,Mittel (500-1500km)
69d400827dca6ba0935ae929,FRA,ABV,ab DE,FRA,Hub,Abuja,ABV,6,53,1,9,2,"fluegede,idealo",4563.0,Lang (>1500km)
69d400827dca6ba0935a9c47,HAM,FUE,ab DE,HAM,Hub,Fuerteventura Island,FUE,6,50,2,10,2,"fluegede,idealo",3406.0,Lang (>1500km)
69d400827dca6ba0935aea07,MUC,SUF,ab DE,MUC,Hub,Lamezia Terme,SUF,6,48,2,5,2,"fluegede,idealo",1110.0,Mittel (500-1500km)
69d400827dca6ba0935a835d,DRS,ZRH,ab DE,DRS,Provinz,Zurich,ZRH,6,45,1,5,2,"fluegede,idealo",556.0,Mittel (500-1500km)
69d400827dca6ba0935abd1d,ACE,FRA,nach DE,FRA,Hub,Lanzarote Island,ACE,6,40,4,14,2,"fluegede,idealo",2994.0,Lang (>1500km)
69d400827dca6ba0935a86ad,CFU,STR,nach DE,STR,Hub,Kerkyra Island,CFU,6,39,2,11,2,"fluegede,idealo",1320.0,Mittel (500-1500km)
69d400827dca6ba0935abd87,KGS,STR,nach DE,STR,Hub,Kos Island,KGS,6,38,3,9,2,"fluegede,idealo",1961.0,Lang (>1500km)
69d400827dca6ba0935ad242,NRN,SKG,ab DE,NRN,Provinz,Thessaloniki,SKG,6,38,1,3,2,"fluegede,idealo",1782.0,Lang (>1500km)
69d400827dca6ba0935a8372,ZRH,DRS,nach DE,DRS,Provinz,Zurich,ZRH,6,37,1,4,2,"fluegede,idealo",556.0,Mittel (500-1500km)
69d400827dca6ba0935a86ec,CGN,ZAD,ab DE,CGN,Hub,Zadar,ZAD,6,31,1,4,2,"fluegede,idealo",971.0,Mittel (500-1500km)
69d400827dca6ba0935a87a7,MXP,STR,nach DE,STR,Hub,Milan,MXP,6,30,2,6,2,"fluegede,idealo",342.0,Kurz (0-500km)
69d400827dca6ba0935ae9b1,LEJ,VIE,ab DE,LEJ,Provinz,Vienna,VIE,6,28,2,3,2,"fluegede,idealo",483.0,Kurz (0-500km)
69d400827dca6ba0935ad3c0,SKG,NRN,nach DE,NRN,Provinz,Thessaloniki,SKG,6,28,1,3,2,"fluegede,idealo",1782.0,Lang (>1500km)
69d400827dca6ba0935a87f6,STR,CFU,ab DE,STR,Hub,Kerkyra Island,CFU,6,27,2,7,2,"fluegede,idealo",1320.0,Mittel (500-1500km)
69d400827dca6ba0935a8806,STR,MXP,ab DE,STR,Hub,Milan,MXP,6,27,2,6,3,"check24,fluegede,idealo",342.0,Kurz (0-500km)
69d400827dca6ba0935aea55,VIE,LEJ,nach DE,LEJ,Provinz,Vienna,VIE,6,24,2,3,2,"fluegede,idealo",483.0,Kurz (0-500km)
69d400827dca6ba0935abd86,KGS,HAJ,nach DE,HAJ,Provinz,Kos Island,KGS,6,22,3,7,2,"fluegede,idealo",2209.0,Lang (>1500km)
69d400827dca6ba0935a86cf,CGN,MAN,ab DE,CGN,Hub,Manchester,MAN,6,22,2,3,2,"fluegede,idealo",699.0,Mittel (500-1500km)
69d400827dca6ba0935a9baa,CGN,FUE,ab DE,CGN,Hub,Fuerteventura Island,FUE,6,21,3,6,2,"fluegede,idealo",3050.0,Lang (>1500km)
69d400827dca6ba0935a884b,ZAD,CGN,nach DE,CGN,Hub,Zadar,ZAD,6,20,1,6,2,"fluegede,idealo",971.0,Mittel (500-1500km)
69d400827dca6ba0935a9c27,FUE,CGN,nach DE,CGN,Hub,Fuerteventura Island,FUE,6,18,3,6,2,"fluegede,idealo",3050.0,Lang (>1500km)
69d400827dca6ba0935b60d2,OPO,CGN,nach DE,CGN,Hub,Porto,OPO,6,18,2,2,2,"fluegede,idealo",1617.0,Lang (>1500km)
69d400827dca6ba0935a9cba,MUC,GWT,Inland,MUC,Hub,,,6,17,1,3,2,"fluegede,idealo",767.0,Mittel (500-1500km)
69d400827dca6ba0935a9c3b,GWT,MUC,Inland,GWT,Provinz,,,6,16,1,2,3,"check24,fluegede,idealo",767.0,Mittel (500-1500km)
69d400827dca6ba0935a86d2,CGN,NCE,ab DE,CGN,Hub,Nice,NCE,6,16,1,1,3,"check24,fluegede,idealo",801.0,Mittel (500-1500km)
69d400827dca6ba0935b6c8f,RMO,BER,nach DE,BER,Hub,Chișinău,RMO,6,15,2,4,2,"fluegede,idealo",1261.0,Mittel (500-1500km)
69d400827dca6ba0935a87e0,SPU,CGN,nach DE,CGN,Hub,Split,SPU,6,15,1,1,2,"fluegede,idealo",1067.0,Mittel (500-1500km)
69d400827dca6ba0935b1db7,BER,RMO,ab DE,BER,Hub,Chișinău,RMO,6,14,2,4,2,"fluegede,idealo",1261.0,Mittel (500-1500km)
69d400827dca6ba0935abd34,DLM,DUS,nach DE,DUS,Hub,Dalaman,DLM,6,12,2,2,2,"fluegede,idealo",2377.0,Lang (>1500km)
69d400827dca6ba0935b20c9,BLQ,DUS,nach DE,DUS,Hub,Bologna,BLQ,6,12,1,2,2,"fluegede,idealo",823.0,Mittel (500-1500km)
69d400827dca6ba0935b3308,DUS,BLQ,ab DE,DUS,Hub,Bologna,BLQ,6,12,1,2,2,"fluegede,idealo",823.0,Mittel (500-1500km)
69d400827dca6ba0935abd8f,LEJ,CFU,ab DE,LEJ,Provinz,Kerkyra Island,CFU,6,11,2,4,2,"fluegede,idealo",1443.0,Mittel (500-1500km)
69d400827dca6ba0935b2804,CFU,LEJ,nach DE,LEJ,Provinz,Kerkyra Island,CFU,6,11,1,3,2,"fluegede,idealo",1443.0,Mittel (500-1500km)
69d400827dca6ba0935b504c,LGW,STR,nach DE,STR,Hub,London,LGW,6,11,1,2,2,"fluegede,idealo",727.0,Mittel (500-1500km)
69d400827dca6ba0935ae968,FRA,PMO,ab DE,FRA,Hub,Palermo,PMO,6,11,1,2,2,"fluegede,idealo",1366.0,Mittel (500-1500km)
69d400827dca6ba0935b7586,STR,LGW,ab DE,STR,Hub,London,LGW,6,11,1,2,2,"fluegede,idealo",727.0,Mittel (500-1500km)
69d400827dca6ba0935ae8d1,AOI,MUC,nach DE,MUC,Hub,Ancona,AOI,6,10,3,5,2,"fluegede,idealo",541.0,Mittel (500-1500km)
69d400827dca6ba0935b04df,MUC,LGW,ab DE,MUC,Hub,London,LGW,6,10,3,4,2,"fluegede,idealo",914.0,Mittel (500-1500km)
69d400827dca6ba0935b0480,LGW,MUC,nach DE,MUC,Hub,London,LGW,6,10,2,3,2,"fluegede,idealo",914.0,Mittel (500-1500km)
69d400827dca6ba0935b1287,HAJ,ADB,ab DE,HAJ,Provinz,Izmir,ADB,6,10,2,2,2,"fluegede,idealo",2073.0,Lang (>1500km)
69d400827dca6ba0935b36d9,FAO,BER,nach DE,BER,Hub,Faro,FAO,6,10,2,2,2,"fluegede,idealo",2389.0,Lang (>1500km)
69d400827dca6ba0935b3172,DOH,DUS,nach DE,DUS,Hub,Doha,DOH,6,10,1,1,2,"fluegede,idealo",4757.0,Lang (>1500km)
69d400827dca6ba0935b1e15,BER,CHQ,ab DE,BER,Hub,Souda,CHQ,6,9,4,5,2,"fluegede,idealo",2051.0,Lang (>1500km)
69d400827dca6ba0935b1dbc,BER,BHX,ab DE,BER,Hub,Birmingham,BHX,6,9,4,4,2,"fluegede,idealo",1032.0,Mittel (500-1500km)
69d400827dca6ba0935b7abf,TIA,FKB,nach DE,FKB,Provinz,Tirana,TIA,6,9,2,2,2,"fluegede,idealo",1224.0,Mittel (500-1500km)
69d400827dca6ba0935b6812,PSA,BER,nach DE,BER,Hub,Pisa,PSA,6,8,5,5,2,"fluegede,idealo",992.0,Mittel (500-1500km)
69d400827dca6ba0935a9c57,HER,DRS,nach DE,DRS,Provinz,Heraklion,HER,6,8,3,3,2,"fluegede,idealo",1979.0,Lang (>1500km)
69d400827dca6ba0935abd3e,DUS,LCA,ab DE,DUS,Hub,Larnarca,LCA,6,8,3,3,2,"fluegede,idealo",2816.0,Lang (>1500km)
69d400827dca6ba0935a9cab,MUC,ALC,ab DE,MUC,Hub,Alicante,ALC,6,8,2,3,2,"fluegede,idealo",1497.0,Mittel (500-1500km)
69d400827dca6ba0935aea44,SUF,MUC,nach DE,MUC,Hub,Lamezia Terme,SUF,6,8,2,3,2,"fluegede,idealo",1110.0,Mittel (500-1500km)
69d400827dca6ba0935a9b70,ALC,MUC,nach DE,MUC,Hub,Alicante,ALC,6,8,2,3,2,"fluegede,idealo",1497.0,Mittel (500-1500km)
69d400827dca6ba0935b73a0,SOF,FMM,nach DE,FMM,Provinz,Sofia,SOF,6,8,2,2,2,"fluegede,idealo",1183.0,Mittel (500-1500km)
69d400827dca6ba0935b266c,CAI,BER,nach DE,BER,Hub,Cairo,CAI,6,8,2,2,2,"fluegede,idealo",2873.0,Lang (>1500km)
69d400827dca6ba0935b1db4,BER,CAI,ab DE,BER,Hub,Cairo,CAI,6,8,2,2,2,"fluegede,idealo",2873.0,Lang (>1500km)
69d400827dca6ba0935b437e,IBZ,BER,nach DE,BER,Hub,Ibiza,IBZ,6,8,2,2,2,"fluegede,idealo",1767.0,Lang (>1500km)
69d400827dca6ba0935b81d3,VNO,BER,nach DE,BER,Hub,Vilnius,VNO,6,8,2,2,2,"fluegede,idealo",818.0,Mittel (500-1500km)
69d400827dca6ba0935b819c,VLC,STR,nach DE,STR,Hub,Valencia,VLC,6,8,1,2,2,"fluegede,idealo",1281.0,Mittel (500-1500km)
69d400827dca6ba0935b7555,STR,OPO,ab DE,STR,Hub,Porto,OPO,6,8,1,2,2,"fluegede,idealo",1628.0,Lang (>1500km)
69d400827dca6ba0935b60cf,OPO,STR,nach DE,STR,Hub,Porto,OPO,6,8,1,2,2,"fluegede,idealo",1628.0,Lang (>1500km)
69d400827dca6ba0935b7557,STR,VLC,ab DE,STR,Hub,Valencia,VLC,6,8,1,2,2,"fluegede,idealo",1281.0,Mittel (500-1500km)
69d400827dca6ba0935ac5ad,DXB,DUS,nach DE,DUS,Hub,Dubai,DXB,6,8,1,1,2,"fluegede,idealo",5005.0,Lang (>1500km)
69d400827dca6ba0935b392f,FRA,CAN,ab DE,FRA,Hub,Guangzhou,CAN,6,8,1,1,2,"fluegede,idealo",9022.0,Lang (>1500km)
69d400827dca6ba0935b1d99,BER,HRG,ab DE,BER,Hub,Hurghada,HRG,6,7,6,6,2,"fluegede,idealo",3269.0,Lang (>1500km)
69d400827dca6ba0935b1dda,BER,PRN,ab DE,BER,Hub,Lipjan,PRN,6,7,5,5,2,"fluegede,idealo",1226.0,Mittel (500-1500km)
69d400827dca6ba0935b1dd2,BER,BRS,ab DE,BER,Hub,Bristol,BRS,6,7,5,5,2,"fluegede,idealo",1116.0,Mittel (500-1500km)
69d400827dca6ba0935b415d,HRG,BER,nach DE,BER,Hub,Hurghada,HRG,6,7,5,5,2,"fluegede,idealo",3269.0,Lang (>1500km)
69d400827dca6ba0935b2390,BRS,BER,nach DE,BER,Hub,Bristol,BRS,6,7,5,5,2,"fluegede,idealo",1116.0,Mittel (500-1500km)
69d400827dca6ba0935b67fc,PRN,BER,nach DE,BER,Hub,Lipjan,PRN,6,7,5,5,2,"fluegede,idealo",1226.0,Mittel (500-1500km)
69d400827dca6ba0935b3c6b,GVA,BER,nach DE,BER,Hub,Geneva,GVA,6,7,4,4,2,"fluegede,idealo",866.0,Mittel (500-1500km)
69d400827dca6ba0935b1daa,BER,GVA,ab DE,BER,Hub,Geneva,GVA,6,7,4,4,2,"fluegede,idealo",866.0,Mittel (500-1500km)
69d400827dca6ba0935b2933,CHQ,BER,nach DE,BER,Hub,Souda,CHQ,6,7,4,4,2,"fluegede,idealo",2051.0,Lang (>1500km)
69d400827dca6ba0935b124b,HAJ,LPA,ab DE,HAJ,Provinz,Gran Canaria Island,LPA,6,7,3,3,2,"fluegede,idealo",3424.0,Lang (>1500km)
69d400827dca6ba0935abdcd,STR,KGS,ab DE,STR,Hub,Kos Island,KGS,6,7,3,3,2,"fluegede,idealo",1961.0,Lang (>1500km)
69d400827dca6ba0935abd75,HAJ,KGS,ab DE,HAJ,Provinz,Kos Island,KGS,6,7,3,3,2,"fluegede,idealo",2209.0,Lang (>1500km)
69d400827dca6ba0935a9562,FRA,PHL,ab DE,FRA,Hub,Philadelphia,PHL,6,7,3,3,2,"fluegede,idealo",6338.0,Lang (>1500km)
69d400827dca6ba0935ae9c6,MUC,AOI,ab DE,MUC,Hub,Ancona,AOI,6,7,3,3,2,"fluegede,idealo",541.0,Mittel (500-1500km)
69d400827dca6ba0935a9932,PHL,FRA,nach DE,FRA,Hub,Philadelphia,PHL,6,7,3,3,2,"fluegede,idealo",6338.0,Lang (>1500km)
69d400827dca6ba0935af50b,STR,ESB,ab DE,STR,Hub,Ankara,ESB,6,7,2,3,2,"fluegede,idealo",2103.0,Lang (>1500km)
69d400827dca6ba0935b1dfa,BER,IBZ,ab DE,BER,Hub,Ibiza,IBZ,6,7,2,2,2,"fluegede,idealo",1767.0,Lang (>1500km)
69d400827dca6ba0935b5a4f,MUC,BLR,ab DE,MUC,Hub,Bangalore,BLR,6,7,2,2,2,"fluegede,idealo",7143.0,Lang (>1500km)
69d400827dca6ba0935b3d9f,HAM,BEG,ab DE,HAM,Hub,Belgrad,BEG,6,7,2,2,2,"fluegede,idealo",1231.0,Mittel (500-1500km)
69d5517350bd478097d59704,FRA,PKX,ab DE,FRA,Hub,Beijing,PKX,6,7,2,2,2,"fluegede,idealo",7828.0,Lang (>1500km)
69d5517550bd478097d5f030,PKX,FRA,nach DE,FRA,Hub,Beijing,PKX,6,7,2,2,2,"fluegede,idealo",7828.0,Lang (>1500km)
69d400827dca6ba0935abd35,DLM,FRA,nach DE,FRA,Hub,Dalaman,DLM,6,7,2,2,2,"fluegede,idealo",2194.0,Lang (>1500km)
69d400827dca6ba0935b1dee,BER,VNO,ab DE,BER,Hub,Vilnius,VNO,6,7,2,2,2,"fluegede,idealo",818.0,Mittel (500-1500km)
69d400827dca6ba0935aa6ae,FRA,MAA,ab DE,FRA,Hub,Chennai,MAA,6,7,2,2,2,"fluegede,idealo",7596.0,Lang (>1500km)
69d400827dca6ba0935b1d33,BEG,HAM,nach DE,HAM,Hub,Belgrad,BEG,6,7,2,2,2,"fluegede,idealo",1231.0,Mittel (500-1500km)
69d400827dca6ba0935b42a8,HYD,FRA,nach DE,FRA,Hub,Hyderabad,HYD,6,7,2,2,2,"fluegede,idealo",7119.0,Lang (>1500km)
69d400827dca6ba0935a9c29,FUE,HAM,nach DE,HAM,Hub,Fuerteventura Island,FUE,6,7,2,2,2,"fluegede,idealo",3406.0,Lang (>1500km)
69d400827dca6ba0935a87de,SKG,HAM,nach DE,HAM,Hub,Thessaloniki,SKG,6,7,2,2,2,"fluegede,idealo",1752.0,Lang (>1500km)
69d400827dca6ba0935b3910,FRA,HYD,ab DE,FRA,Hub,Hyderabad,HYD,6,7,2,2,2,"fluegede,idealo",7119.0,Lang (>1500km)
69d400827dca6ba0935b212b,BLR,MUC,nach DE,MUC,Hub,Bangalore,BLR,6,7,2,2,2,"fluegede,idealo",7143.0,Lang (>1500km)
69d400827dca6ba0935a8805,STR,LIS,ab DE,STR,Hub,Lisbon,LIS,6,7,1,1,3,"check24,fluegede,idealo",1833.0,Lang (>1500km)
69d400827dca6ba0935affe3,ADB,HAM,nach DE,HAM,Hub,Izmir,ADB,6,7,1,1,2,"fluegede,idealo",2149.0,Lang (>1500km)
69d400827dca6ba0935b7553,STR,WAW,ab DE,STR,Hub,Warsaw,WAW,6,7,1,1,2,"fluegede,idealo",916.0,Mittel (500-1500km)
69d400827dca6ba0935ae2e6,FRA,GIG,ab DE,FRA,Hub,Rio De Janeiro,GIG,6,7,1,1,2,"fluegede,idealo",9566.0,Lang (>1500km)
69d400827dca6ba0935b66a2,PMO,FMM,nach DE,FMM,Provinz,Palermo,PMO,6,7,1,1,2,"fluegede,idealo",1115.0,Mittel (500-1500km)
69d400827dca6ba0935b7b73,TLL,MUC,nach DE,MUC,Hub,Tallinn,TLL,6,7,1,1,2,"fluegede,idealo",1492.0,Mittel (500-1500km)
69d400827dca6ba0935afce2,ERF,PMI,ab DE,ERF,Provinz,Palma De Mallorca,PMI,6,7,1,1,2,"fluegede,idealo",1422.0,Mittel (500-1500km)
69d400827dca6ba0935ae99b,ICN,MUC,nach DE,MUC,Hub,Seoul,ICN,6,7,1,1,2,"fluegede,idealo",8500.0,Lang (>1500km)
69d400827dca6ba0935ae2e8,GIG,FRA,nach DE,FRA,Hub,Rio De Janeiro,GIG,6,7,1,1,2,"fluegede,idealo",9566.0,Lang (>1500km)
69d400827dca6ba0935b0042,HAM,ADB,ab DE,HAM,Hub,Izmir,ADB,6,7,1,1,2,"fluegede,idealo",2149.0,Lang (>1500km)
69d400827dca6ba0935b5a4e,MUC,TLL,ab DE,MUC,Hub,Tallinn,TLL,6,7,1,1,2,"fluegede,idealo",1492.0,Mittel (500-1500km)
69d400827dca6ba0935afcf9,PMI,ERF,nach DE,ERF,Provinz,Palma De Mallorca,PMI,6,7,1,1,2,"fluegede,idealo",1422.0,Mittel (500-1500km)
69d400827dca6ba0935b3861,FMM,PMO,ab DE,FMM,Provinz,Palermo,PMO,6,7,1,1,2,"fluegede,idealo",1115.0,Mittel (500-1500km)
69d400827dca6ba0935b830f,WAW,STR,nach DE,STR,Hub,Warsaw,WAW,6,7,1,1,2,"fluegede,idealo",916.0,Mittel (500-1500km)
69d400827dca6ba0935ae8ca,ABV,FRA,nach DE,FRA,Hub,Abuja,ABV,6,7,1,1,2,"fluegede,idealo",4563.0,Lang (>1500km)
69d400827dca6ba0935b1e46,BEY,DUS,nach DE,DUS,Hub,Beirut,BEY,6,6,4,4,2,"fluegede,idealo",3017.0,Lang (>1500km)
69d400827dca6ba0935abd43,FRA,ACE,ab DE,FRA,Hub,Lanzarote Island,ACE,6,6,4,4,2,"fluegede,idealo",2994.0,Lang (>1500km)
69d400827dca6ba0935abd67,FRA,YHZ,ab DE,FRA,Hub,Halifax,YHZ,6,6,3,3,2,"fluegede,idealo",5235.0,Lang (>1500km)
69d400827dca6ba0935b3324,DUS,JMK,ab DE,DUS,Hub,Mykonos Island,JMK,6,6,2,2,2,"fluegede,idealo",2122.0,Lang (>1500km)
69d400827dca6ba0935b3268,DTM,VAR,ab DE,DTM,Provinz,Varna,VAR,6,6,1,1,2,"fluegede,idealo",1770.0,Lang (>1500km)
69d400827dca6ba0935b8050,VAR,DTM,nach DE,DTM,Provinz,Varna,VAR,6,6,1,1,2,"fluegede,idealo",1770.0,Lang (>1500km)
69d400827dca6ba0935b5c6c,NBO,FRA,nach DE,FRA,Hub,Nairobi,NBO,6,6,1,1,2,"fluegede,idealo",6317.0,Lang (>1500km)
69d400827dca6ba0935a9523,DUS,AUH,ab DE,DUS,Hub,Abu Dhabi,AUH,5,232,1,19,2,"fluegede,idealo",5026.0,Lang (>1500km)
69d400827dca6ba0935aab32,BOG,FRA,nach DE,FRA,Hub,Bogota,BOG,5,189,1,11,2,"fluegede,idealo",9085.0,Lang (>1500km)
69d400827dca6ba0935a928f,AUH,DUS,nach DE,DUS,Hub,Abu Dhabi,AUH,5,171,2,12,2,"fluegede,idealo",5026.0,Lang (>1500km)
69d400827dca6ba0935aab6a,FRA,BOG,ab DE,FRA,Hub,Bogota,BOG,5,170,1,16,2,"fluegede,idealo",9085.0,Lang (>1500km)
69d400827dca6ba0935aadc4,SGN,FRA,nach DE,FRA,Hub,Ho Chi Minh City,SGN,5,165,1,20,2,"fluegede,idealo",9658.0,Lang (>1500km)
69d400827dca6ba0935abd30,CUN,FRA,nach DE,FRA,Hub,Cancun,CUN,5,157,2,19,2,"fluegede,idealo",8604.0,Lang (>1500km)
69d400827dca6ba0935a86c0,CGN,FCO,ab DE,CGN,Hub,Rome,FCO,5,156,2,10,2,"fluegede,idealo",1081.0,Mittel (500-1500km)
69d400827dca6ba0935a9cc0,MUC,LPA,ab DE,MUC,Hub,Gran Canaria Island,LPA,5,148,3,22,2,"fluegede,idealo",3254.0,Lang (>1500km)
69d400827dca6ba0935a86df,CGN,SKG,ab DE,CGN,Hub,Thessaloniki,SKG,5,146,2,9,2,"fluegede,idealo",1677.0,Lang (>1500km)
69d400827dca6ba0935ae905,DUS,GRZ,ab DE,DUS,Hub,Graz,GRZ,5,134,2,6,2,"fluegede,idealo",791.0,Mittel (500-1500km)
69d400827dca6ba0935a8763,HAM,MAN,ab DE,HAM,Hub,Manchester,MAN,5,118,4,13,2,"fluegede,idealo",811.0,Mittel (500-1500km)
69d400827dca6ba0935ae983,GRZ,DUS,nach DE,DUS,Hub,Graz,GRZ,5,115,2,5,2,"fluegede,idealo",791.0,Mittel (500-1500km)
69d400827dca6ba0935a8732,FCO,CGN,nach DE,CGN,Hub,Rome,FCO,5,112,2,10,2,"fluegede,idealo",1081.0,Mittel (500-1500km)
69d400827dca6ba0935a9c96,LPA,MUC,nach DE,MUC,Hub,Gran Canaria Island,LPA,5,106,2,15,2,"fluegede,idealo",3254.0,Lang (>1500km)
69d400827dca6ba0935a86b4,CGN,BLQ,ab DE,CGN,Hub,Bologna,BLQ,5,105,3,7,2,"fluegede,idealo",769.0,Mittel (500-1500km)
69d400827dca6ba0935a9d65,TLV,MUC,nach DE,MUC,Hub,Tel Aviv,TLV,5,104,2,12,2,"fluegede,idealo",2655.0,Lang (>1500km)
69d400827dca6ba0935abd7b,HAM,RHO,ab DE,HAM,Hub,Rodes Island,RHO,5,102,3,12,2,"fluegede,idealo",2371.0,Lang (>1500km)
69d400827dca6ba0935a87f0,STR,BIO,ab DE,STR,Hub,Bilbao,BIO,5,96,1,8,2,"fluegede,idealo",1110.0,Mittel (500-1500km)
69d400827dca6ba0935ae9b7,LOS,FRA,nach DE,FRA,Hub,Lagos,LOS,5,95,1,12,2,"fluegede,idealo",4856.0,Lang (>1500km)
69d400827dca6ba0935a87a0,MAN,HAM,nach DE,HAM,Hub,Manchester,MAN,5,92,4,12,2,"fluegede,idealo",811.0,Mittel (500-1500km)
69d400827dca6ba0935abdbb,RHO,HAM,nach DE,HAM,Hub,Rodes Island,RHO,5,92,2,13,2,"fluegede,idealo",2371.0,Lang (>1500km)
69d400827dca6ba0935a87ee,STR,BEG,ab DE,STR,Hub,Belgrad,BEG,5,87,1,9,2,"fluegede,idealo",947.0,Mittel (500-1500km)
69d400827dca6ba0935a86c8,CGN,KGS,ab DE,CGN,Hub,Kos Island,KGS,5,84,2,9,2,"fluegede,idealo",2224.0,Lang (>1500km)
69d400827dca6ba0935a86c5,CGN,IBZ,ab DE,CGN,Hub,Ibiza,IBZ,5,82,1,9,2,"fluegede,idealo",1408.0,Mittel (500-1500km)
69d400827dca6ba0935a8691,BEG,STR,nach DE,STR,Hub,Belgrad,BEG,5,81,1,9,3,"check24,fluegede,idealo",947.0,Mittel (500-1500km)
69d400827dca6ba0935a869b,BIO,STR,nach DE,STR,Hub,Bilbao,BIO,5,80,1,9,3,"check24,fluegede,idealo",1110.0,Mittel (500-1500km)
69d400827dca6ba0935ac561,STR,DUB,ab DE,STR,Hub,Dublin,DUB,5,79,1,5,2,"fluegede,idealo",1200.0,Mittel (500-1500km)
69d400827dca6ba0935a8685,ARN,CGN,nach DE,CGN,Hub,Stockholm,ARN,5,76,2,8,2,"fluegede,idealo",1189.0,Mittel (500-1500km)
69d400827dca6ba0935abda8,MRU,FRA,nach DE,FRA,Hub,Port Louis,MRU,5,74,1,12,2,"fluegede,idealo",9200.0,Lang (>1500km)
69d400827dca6ba0935a9c45,HAM,CFU,ab DE,HAM,Hub,Kerkyra Island,CFU,5,72,4,10,3,"check24,fluegede,idealo",1730.0,Lang (>1500km)
69d400827dca6ba0935abd4a,FRA,DLM,ab DE,FRA,Hub,Dalaman,DLM,5,71,3,6,2,"fluegede,idealo",2194.0,Lang (>1500km)
69d400827dca6ba0935a86be,CGN,EDI,ab DE,CGN,Hub,Edinburgh,EDI,5,66,1,4,3,"check24,fluegede,idealo",896.0,Mittel (500-1500km)
69d400827dca6ba0935a8783,IBZ,CGN,nach DE,CGN,Hub,Ibiza,IBZ,5,58,1,7,2,"fluegede,idealo",1408.0,Mittel (500-1500km)
69d400827dca6ba0935a869c,BLQ,CGN,nach DE,CGN,Hub,Bologna,BLQ,5,55,3,9,2,"fluegede,idealo",769.0,Mittel (500-1500km)
69d400827dca6ba0935a879b,LPA,CGN,nach DE,CGN,Hub,Gran Canaria Island,LPA,5,53,2,7,2,"fluegede,idealo",3175.0,Lang (>1500km)
69d400827dca6ba0935a87f1,STR,BRE,Inland,STR,Hub,,,5,53,1,3,2,"fluegede,idealo",486.0,Kurz (0-500km)
69d400827dca6ba0935a86ff,DRS,DUS,Inland,DRS,Provinz,,,5,50,1,2,3,"check24,fluegede,idealo",488.0,Kurz (0-500km)
69d400827dca6ba0935a86d5,CGN,PMO,ab DE,CGN,Hub,Palermo,PMO,5,49,2,9,2,"fluegede,idealo",1487.0,Mittel (500-1500km)
69d400827dca6ba0935a8713,DUS,DRS,Inland,DUS,Hub,,,5,45,1,2,2,"fluegede,idealo",488.0,Kurz (0-500km)
69d400827dca6ba0935a869e,BRE,STR,Inland,BRE,Provinz,,,5,44,1,3,3,"check24,fluegede,idealo",486.0,Kurz (0-500km)
69d400827dca6ba0935a87bf,PMO,CGN,nach DE,CGN,Hub,Palermo,PMO,5,40,2,7,2,"fluegede,idealo",1487.0,Mittel (500-1500km)
69d400827dca6ba0935a872e,EDI,CGN,nach DE,CGN,Hub,Edinburgh,EDI,5,37,1,6,2,"fluegede,idealo",896.0,Mittel (500-1500km)
69d400827dca6ba0935ad402,STN,HHN,nach DE,HHN,Provinz,London,STN,5,36,1,2,2,"fluegede,idealo",537.0,Mittel (500-1500km)
69d400827dca6ba0935a87db,SKG,CGN,nach DE,CGN,Hub,Thessaloniki,SKG,5,33,2,4,2,"fluegede,idealo",1677.0,Lang (>1500km)
69d400827dca6ba0935aea60,ZAD,MUC,nach DE,MUC,Hub,Zadar,ZAD,5,29,2,4,2,"fluegede,idealo",546.0,Mittel (500-1500km)
69d400827dca6ba0935a9d27,RHO,NUE,nach DE,NUE,Provinz,Rodes Island,RHO,5,24,3,7,2,"fluegede,idealo",2000.0,Lang (>1500km)
69d400827dca6ba0935aea11,MUC,ZAD,ab DE,MUC,Hub,Zadar,ZAD,5,24,2,3,2,"fluegede,idealo",546.0,Mittel (500-1500km)
69d400827dca6ba0935a87d3,SAW,DTM,nach DE,DTM,Provinz,Istanbul,SAW,5,21,1,4,2,"fluegede,idealo",2032.0,Lang (>1500km)
69d400827dca6ba0935a8789,KGS,CGN,nach DE,CGN,Hub,Kos Island,KGS,5,20,2,5,2,"fluegede,idealo",2224.0,Lang (>1500km)
69d400827dca6ba0935abdbc,RHO,LEJ,nach DE,LEJ,Provinz,Rodes Island,RHO,5,17,2,6,2,"fluegede,idealo",2089.0,Lang (>1500km)
69d400827dca6ba0935a86ce,CGN,LPA,ab DE,CGN,Hub,Gran Canaria Island,LPA,5,16,2,5,2,"fluegede,idealo",3175.0,Lang (>1500km)
69d400827dca6ba0935ad231,NRN,FAO,ab DE,NRN,Provinz,Faro,FAO,5,15,1,2,2,"fluegede,idealo",1965.0,Lang (>1500km)
69d400827dca6ba0935b5a79,MUC,JMK,ab DE,MUC,Hub,Mykonos Island,JMK,5,10,3,3,2,"fluegede,idealo",1637.0,Lang (>1500km)
69d400827dca6ba0935af492,DUS,ASR,ab DE,DUS,Hub,Kayseri,ASR,5,10,2,2,2,"fluegede,idealo",2627.0,Lang (>1500km)
69d400827dca6ba0935b5135,LIN,HAM,nach DE,HAM,Hub,Milan,LIN,5,10,1,2,2,"fluegede,idealo",912.0,Mittel (500-1500km)
69d400827dca6ba0935a9bdd,DUS,GWT,Inland,DUS,Hub,,,5,10,1,2,2,"fluegede,idealo",416.0,Kurz (0-500km)
69d400827dca6ba0935ad41a,STN,NUE,nach DE,NUE,Provinz,London,STN,5,10,1,1,2,"fluegede,idealo",807.0,Mittel (500-1500km)
69d400827dca6ba0935b8069,VAR,FRA,nach DE,FRA,Hub,Varna,VAR,5,9,2,3,2,"fluegede,idealo",1648.0,Lang (>1500km)
69d400827dca6ba0935b392e,FRA,CAG,ab DE,FRA,Hub,Cagliari,CAG,5,9,2,3,2,"fluegede,idealo",1199.0,Mittel (500-1500km)
69d400827dca6ba0935b3957,FRA,VAR,ab DE,FRA,Hub,Varna,VAR,5,9,2,3,2,"fluegede,idealo",1648.0,Lang (>1500km)
69d400827dca6ba0935b2649,CAG,FRA,nach DE,FRA,Hub,Cagliari,CAG,5,9,2,3,2,"fluegede,idealo",1199.0,Mittel (500-1500km)
69d400827dca6ba0935ad00e,FMM,STN,ab DE,FMM,Provinz,London,STN,5,9,1,2,2,"fluegede,idealo",836.0,Mittel (500-1500km)
69d400827dca6ba0935b1f6f,BHX,BER,nach DE,BER,Hub,Birmingham,BHX,5,8,4,4,2,"fluegede,idealo",1032.0,Mittel (500-1500km)
69d400827dca6ba0935b2884,CGN,TIA,ab DE,CGN,Hub,Tirana,TIA,5,8,2,3,2,"fluegede,idealo",1426.0,Mittel (500-1500km)
69d400827dca6ba0935b75e0,SUF,FRA,nach DE,FRA,Hub,Lamezia Terme,SUF,5,8,2,3,2,"fluegede,idealo",1378.0,Mittel (500-1500km)
69d400827dca6ba0935b7abc,TIA,CGN,nach DE,CGN,Hub,Tirana,TIA,5,8,2,3,2,"fluegede,idealo",1426.0,Mittel (500-1500km)
69d400827dca6ba0935a9c3a,GWT,DUS,Inland,GWT,Provinz,,,5,8,1,2,3,"check24,fluegede,idealo",416.0,Kurz (0-500km)
69d400827dca6ba0935b3db2,HAM,CHQ,ab DE,HAM,Hub,Souda,CHQ,5,7,4,4,2,"fluegede,idealo",2294.0,Lang (>1500km)
69d400827dca6ba0935b5f67,NUE,CFU,ab DE,NUE,Provinz,Kerkyra Island,CFU,5,7,4,4,2,"fluegede,idealo",1303.0,Mittel (500-1500km)
69d400827dca6ba0935b283b,CFU,NUE,nach DE,NUE,Provinz,Kerkyra Island,CFU,5,7,4,4,2,"fluegede,idealo",1303.0,Mittel (500-1500km)
69d400827dca6ba0935b3950,FRA,SUF,ab DE,FRA,Hub,Lamezia Terme,SUF,5,7,2,3,2,"fluegede,idealo",1378.0,Mittel (500-1500km)
69d400827dca6ba0935abd92,LEJ,RHO,ab DE,LEJ,Provinz,Rodes Island,RHO,5,7,2,3,2,"fluegede,idealo",2089.0,Lang (>1500km)
69d400827dca6ba0935b7556,STR,OTP,ab DE,STR,Hub,Bucharest,OTP,5,7,2,3,2,"fluegede,idealo",1364.0,Mittel (500-1500km)
69d400827dca6ba0935b32f7,DUS,RMO,ab DE,DUS,Hub,Chișinău,RMO,5,7,2,3,2,"fluegede,idealo",1677.0,Lang (>1500km)
69d400827dca6ba0935b6291,OTP,STR,nach DE,STR,Hub,Bucharest,OTP,5,7,2,3,2,"fluegede,idealo",1364.0,Mittel (500-1500km)
69d400827dca6ba0935b3325,DUS,JTR,ab DE,DUS,Hub,Santorini Island,JTR,5,7,2,2,2,"fluegede,idealo",2222.0,Lang (>1500km)
69d400827dca6ba0935b2239,BOJ,DUS,nach DE,DUS,Hub,Burgas,BOJ,5,7,1,1,2,"fluegede,idealo",1840.0,Lang (>1500km)
69d400827dca6ba0935acfe4,FAO,NRN,nach DE,NRN,Provinz,Faro,FAO,5,7,1,1,2,"fluegede,idealo",1965.0,Lang (>1500km)
69d400827dca6ba0935abd47,FRA,CUN,ab DE,FRA,Hub,Cancun,CUN,5,7,1,1,2,"fluegede,idealo",8604.0,Lang (>1500km)
69d400827dca6ba0935b32fb,DUS,BOJ,ab DE,DUS,Hub,Burgas,BOJ,5,7,1,1,2,"fluegede,idealo",1840.0,Lang (>1500km)
69d400827dca6ba0935b32f6,DUS,BEY,ab DE,DUS,Hub,Beirut,BEY,5,6,4,4,2,"fluegede,idealo",3017.0,Lang (>1500km)
69d400827dca6ba0935b2935,CHQ,HAM,nach DE,HAM,Hub,Souda,CHQ,5,6,3,3,2,"fluegede,idealo",2294.0,Lang (>1500km)
69d400827dca6ba0935a9ce7,NUE,KGS,ab DE,NUE,Provinz,Kos Island,KGS,5,6,3,3,2,"fluegede,idealo",1912.0,Lang (>1500km)
69d400827dca6ba0935af9e3,FRA,PDL,ab DE,FRA,Hub,Ponta Delgada,PDL,5,6,3,3,2,"fluegede,idealo",3030.0,Lang (>1500km)
69d400827dca6ba0935b1251,LPA,HAJ,nach DE,HAJ,Provinz,Gran Canaria Island,LPA,5,6,3,3,2,"fluegede,idealo",3424.0,Lang (>1500km)
69d400827dca6ba0935a9ba4,CFU,HAM,nach DE,HAM,Hub,Kerkyra Island,CFU,5,6,3,3,2,"fluegede,idealo",1730.0,Lang (>1500km)
69d400827dca6ba0935b47f5,JMK,MUC,nach DE,MUC,Hub,Mykonos Island,JMK,5,6,3,3,2,"fluegede,idealo",1637.0,Lang (>1500km)
69d400827dca6ba0935b49cd,KGS,NUE,nach DE,NUE,Provinz,Kos Island,KGS,5,6,3,3,2,"fluegede,idealo",1912.0,Lang (>1500km)
69d5517550bd478097d5e2ed,NUE,GWT,Inland,NUE,Provinz,,,5,6,2,2,2,"fluegede,idealo",630.0,Mittel (500-1500km)
69d5517350bd478097d59dff,GWT,NUE,Inland,GWT,Provinz,,,5,6,2,2,2,"fluegede,idealo",630.0,Mittel (500-1500km)
69d400827dca6ba0935b391b,FRA,AUS,ab DE,FRA,Hub,Austin,AUS,5,6,2,2,2,"fluegede,idealo",8526.0,Lang (>1500km)
69d400827dca6ba0935a9c2b,FUE,MUC,nach DE,MUC,Hub,Fuerteventura Island,FUE,5,6,2,2,2,"fluegede,idealo",3117.0,Lang (>1500km)
69d400827dca6ba0935b3927,FRA,STL,ab DE,FRA,Hub,St Louis,STL,5,6,2,2,2,"fluegede,idealo",7372.0,Lang (>1500km)
69d400827dca6ba0935b1b11,AUS,FRA,nach DE,FRA,Hub,Austin,AUS,5,6,2,2,2,"fluegede,idealo",8526.0,Lang (>1500km)
69d400827dca6ba0935a8767,HAM,NUE,Inland,HAM,Hub,,,5,6,2,2,2,"fluegede,idealo",465.0,Kurz (0-500km)
69d400827dca6ba0935b74f4,STL,FRA,nach DE,FRA,Hub,St Louis,STL,5,6,2,2,2,"fluegede,idealo",7372.0,Lang (>1500km)
69d400827dca6ba0935b89f9,ZAD,NUE,nach DE,NUE,Provinz,Zadar,ZAD,5,6,1,1,2,"fluegede,idealo",682.0,Mittel (500-1500km)
69d400827dca6ba0935b3da0,HAM,BBU,ab DE,HAM,Hub,Bucharest,BBU,5,6,1,1,2,"fluegede,idealo",1545.0,Lang (>1500km)
69d400827dca6ba0935acffb,FKB,GRO,ab DE,FKB,Provinz,Girona,GRO,5,6,1,1,2,"fluegede,idealo",870.0,Mittel (500-1500km)
69d400827dca6ba0935b1dc1,BER,ALC,ab DE,BER,Hub,Alicante,ALC,5,6,1,1,2,"fluegede,idealo",1906.0,Lang (>1500km)
69d400827dca6ba0935b0e3f,HHN,SKP,ab DE,HHN,Provinz,Skopje,SKP,5,6,1,1,2,"fluegede,idealo",1417.0,Mittel (500-1500km)
69d400827dca6ba0935b7ac1,TIA,HHN,nach DE,HHN,Provinz,Tirana,TIA,5,6,1,1,2,"fluegede,idealo",1352.0,Mittel (500-1500km)
69d400827dca6ba0935b32ff,DUS,KRK,ab DE,DUS,Hub,Kraków,KRK,5,6,1,1,2,"fluegede,idealo",926.0,Mittel (500-1500km)
69d400827dca6ba0935b32f9,DUS,BZO,ab DE,DUS,Hub,Bolzano,BZO,5,6,1,1,2,"fluegede,idealo",632.0,Mittel (500-1500km)
69d400827dca6ba0935b72b7,SKP,BER,nach DE,BER,Hub,Skopje,SKP,5,6,1,1,2,"fluegede,idealo",1307.0,Mittel (500-1500km)
69d400827dca6ba0935b3f9c,HHN,TIA,ab DE,HHN,Provinz,Tirana,TIA,5,6,1,1,2,"fluegede,idealo",1352.0,Mittel (500-1500km)
69d400827dca6ba0935b3b6a,GOT,BER,nach DE,BER,Hub,Gothenburg,GOT,5,6,1,1,2,"fluegede,idealo",594.0,Mittel (500-1500km)
69d400827dca6ba0935b4bc2,KRK,DUS,nach DE,DUS,Hub,Kraków,KRK,5,6,1,1,2,"fluegede,idealo",926.0,Mittel (500-1500km)
69d400827dca6ba0935accc9,ALC,HHN,nach DE,HHN,Provinz,Alicante,ALC,5,6,1,1,2,"fluegede,idealo",1438.0,Mittel (500-1500km)
69d400827dca6ba0935ad04b,GRO,FKB,nach DE,FKB,Provinz,Girona,GRO,5,6,1,1,2,"fluegede,idealo",870.0,Mittel (500-1500km)
69d400827dca6ba0935b186f,AMM,DUS,nach DE,DUS,Hub,Amman,AMM,5,6,1,1,2,"fluegede,idealo",3226.0,Lang (>1500km)
69d400827dca6ba0935b0de3,CLJ,DTM,nach DE,DTM,Provinz,Cluj-Napoca,CLJ,5,6,1,1,2,"fluegede,idealo",1279.0,Mittel (500-1500km)
69d400827dca6ba0935b3863,FMM,BNX,ab DE,FMM,Provinz,Banja Luka,BNX,5,6,1,1,2,"fluegede,idealo",638.0,Mittel (500-1500km)
69d400827dca6ba0935b1df8,BER,GOT,ab DE,BER,Hub,Gothenburg,GOT,5,6,1,1,2,"fluegede,idealo",594.0,Mittel (500-1500km)
69d400827dca6ba0935b0e01,DTM,CLJ,ab DE,DTM,Provinz,Cluj-Napoca,CLJ,5,6,1,1,2,"fluegede,idealo",1279.0,Mittel (500-1500km)
69d400827dca6ba0935b20c8,BLQ,BER,nach DE,BER,Hub,Bologna,BLQ,5,6,1,1,2,"fluegede,idealo",885.0,Mittel (500-1500km)
69d400827dca6ba0935b0ec4,SKP,HHN,nach DE,HHN,Provinz,Skopje,SKP,5,6,1,1,2,"fluegede,idealo",1417.0,Mittel (500-1500km)
69d400827dca6ba0935b641d,PEK,BER,nach DE,BER,Hub,Beijing,PEK,5,6,1,1,2,"fluegede,idealo",7357.0,Lang (>1500km)
69d400827dca6ba0935b1e0f,BER,ZAD,ab DE,BER,Hub,Zadar,ZAD,5,6,1,1,2,"fluegede,idealo",928.0,Mittel (500-1500km)
69d400827dca6ba0935b7f0c,UBN,FRA,nach DE,FRA,Hub,Ulaanbaatar,UBN,5,6,1,1,2,"fluegede,idealo",6642.0,Lang (>1500km)
69d400827dca6ba0935b1dc8,BER,BLQ,ab DE,BER,Hub,Bologna,BLQ,5,6,1,1,2,"fluegede,idealo",885.0,Mittel (500-1500km)
69d400827dca6ba0935b1c6b,BBU,HAM,nach DE,HAM,Hub,Bucharest,BBU,5,6,1,1,2,"fluegede,idealo",1545.0,Lang (>1500km)
69d400827dca6ba0935b533e,LUX,HAM,nach DE,HAM,Hub,Luxembourg,LUX,5,6,1,1,2,"fluegede,idealo",544.0,Mittel (500-1500km)
69d400827dca6ba0935b1dcb,BER,PEK,ab DE,BER,Hub,Beijing,PEK,5,6,1,1,2,"fluegede,idealo",7357.0,Lang (>1500km)
69d400827dca6ba0935b386c,FMM,SKG,ab DE,FMM,Provinz,Thessaloniki,SKG,5,6,1,1,2,"fluegede,idealo",1308.0,Mittel (500-1500km)
69d400827dca6ba0935ac503,DUB,STR,nach DE,STR,Hub,Dublin,DUB,5,6,1,1,2,"fluegede,idealo",1200.0,Mittel (500-1500km)
69d400827dca6ba0935b32f5,DUS,AMM,ab DE,DUS,Hub,Amman,AMM,5,6,1,1,2,"fluegede,idealo",3226.0,Lang (>1500km)
69d400827dca6ba0935b8196,VLC,BER,nach DE,BER,Hub,Valencia,VLC,5,5,5,5,2,"fluegede,idealo",1787.0,Lang (>1500km)
69d400827dca6ba0935b1db9,BER,VLC,ab DE,BER,Hub,Valencia,VLC,5,5,5,5,2,"fluegede,idealo",1787.0,Lang (>1500km)
69d400827dca6ba0935af9fe,PDL,FRA,nach DE,FRA,Hub,Ponta Delgada,PDL,5,5,3,3,2,"fluegede,idealo",3030.0,Lang (>1500km)
69d400827dca6ba0935b1dd4,BER,ESB,ab DE,BER,Hub,Ankara,ESB,5,5,3,3,2,"fluegede,idealo",2012.0,Lang (>1500km)
69d400827dca6ba0935b123d,FAO,HAJ,nach DE,HAJ,Provinz,Faro,FAO,5,5,2,2,2,"fluegede,idealo",2200.0,Lang (>1500km)
69d400827dca6ba0935b5a51,MUC,KIX,ab DE,MUC,Hub,Osaka,KIX,5,5,2,2,2,"fluegede,idealo",9239.0,Lang (>1500km)
69d400827dca6ba0935b5a60,MUC,SEA,ab DE,MUC,Hub,Seattle,SEA,5,5,2,2,2,"fluegede,idealo",8478.0,Lang (>1500km)
69d400827dca6ba0935b57d5,MIR,DUS,nach DE,DUS,Hub,Monastir,MIR,5,5,2,2,2,"fluegede,idealo",1756.0,Lang (>1500km)
69d400827dca6ba0935b6fcf,SEA,MUC,nach DE,MUC,Hub,Seattle,SEA,5,5,2,2,2,"fluegede,idealo",8478.0,Lang (>1500km)
69d400827dca6ba0935b1249,HAJ,FAO,ab DE,HAJ,Provinz,Faro,FAO,5,5,2,2,2,"fluegede,idealo",2200.0,Lang (>1500km)
69d400827dca6ba0935b3da3,HAM,LUX,ab DE,HAM,Hub,Luxembourg,LUX,5,5,1,1,2,"fluegede,idealo",544.0,Mittel (500-1500km)
69d400827dca6ba0935b6f34,SCQ,FRA,nach DE,FRA,Hub,Santiago de Compostela,SCQ,5,5,1,1,2,"fluegede,idealo",1517.0,Lang (>1500km)
69d400827dca6ba0935ad005,FMM,ALC,ab DE,FMM,Provinz,Alicante,ALC,5,5,1,1,2,"fluegede,idealo",1387.0,Mittel (500-1500km)
69d400827dca6ba0935ae95c,FRA,LOS,ab DE,FRA,Hub,Lagos,LOS,5,5,1,1,2,"fluegede,idealo",4856.0,Lang (>1500km)
69d400827dca6ba0935b60d4,OPO,HAM,nach DE,HAM,Hub,Porto,OPO,5,5,1,1,2,"fluegede,idealo",1955.0,Lang (>1500km)
69d400827dca6ba0935b17de,ALC,BER,nach DE,BER,Hub,Alicante,ALC,5,5,1,1,2,"fluegede,idealo",1906.0,Lang (>1500km)
69d400827dca6ba0935b0e08,DTM,VNO,ab DE,DTM,Provinz,Vilnius,VNO,5,5,1,1,2,"fluegede,idealo",1227.0,Mittel (500-1500km)
69d400827dca6ba0935b3864,FMM,VAR,ab DE,FMM,Provinz,Varna,VAR,5,5,1,1,2,"fluegede,idealo",1463.0,Mittel (500-1500km)
69d400827dca6ba0935ad560,ZAD,FKB,nach DE,FKB,Provinz,Zadar,ZAD,5,5,1,1,2,"fluegede,idealo",761.0,Mittel (500-1500km)
69d400827dca6ba0935b7294,SKG,FMM,nach DE,FMM,Provinz,Thessaloniki,SKG,5,5,1,1,2,"fluegede,idealo",1308.0,Mittel (500-1500km)
69d400827dca6ba0935accc6,ALC,FMM,nach DE,FMM,Provinz,Alicante,ALC,5,5,1,1,2,"fluegede,idealo",1387.0,Mittel (500-1500km)
69d400827dca6ba0935b3da7,HAM,OPO,ab DE,HAM,Hub,Porto,OPO,5,5,1,1,2,"fluegede,idealo",1955.0,Lang (>1500km)
69d400827dca6ba0935b8054,VAR,FMM,nach DE,FMM,Provinz,Varna,VAR,5,5,1,1,2,"fluegede,idealo",1463.0,Mittel (500-1500km)
69d400827dca6ba0935ad002,FKB,ZAD,ab DE,FKB,Provinz,Zadar,ZAD,5,5,1,1,2,"fluegede,idealo",761.0,Mittel (500-1500km)
69d400827dca6ba0935b0f09,VNO,DTM,nach DE,DTM,Provinz,Vilnius,VNO,5,5,1,1,2,"fluegede,idealo",1227.0,Mittel (500-1500km)
69d400827dca6ba0935b3936,FRA,SCQ,ab DE,FRA,Hub,Santiago de Compostela,SCQ,5,5,1,1,2,"fluegede,idealo",1517.0,Lang (>1500km)
69d400827dca6ba0935ae9e1,MUC,HKG,ab DE,MUC,Hub,Hong Kong,HKG,4,202,1,21,2,"fluegede,idealo",9019.0,Lang (>1500km)
69d400827dca6ba0935a8755,HAM,BUD,ab DE,HAM,Hub,Budapest,BUD,4,160,1,17,2,"fluegede,idealo",949.0,Mittel (500-1500km)
69d400827dca6ba0935a8773,HAM,VCE,ab DE,HAM,Hub,Venezia,VCE,4,157,1,13,2,"fluegede,idealo",919.0,Mittel (500-1500km)
69d400827dca6ba0935a883e,VCE,HAM,nach DE,HAM,Hub,Venezia,VCE,4,155,3,15,2,"fluegede,idealo",919.0,Mittel (500-1500km)
69d400827dca6ba0935ae973,FRA,TLV,ab DE,FRA,Hub,Tel Aviv,TLV,4,145,2,16,2,"fluegede,idealo",2954.0,Lang (>1500km)
69d400827dca6ba0935a8715,DUS,GVA,ab DE,DUS,Hub,Geneva,GVA,4,143,2,9,2,"fluegede,idealo",564.0,Mittel (500-1500km)
69d400827dca6ba0935ae707,MLA,DUS,nach DE,DUS,Hub,Luqa,MLA,4,132,2,13,2,"fluegede,idealo",1822.0,Lang (>1500km)
69d400827dca6ba0935ae6f6,DUS,MLA,ab DE,DUS,Hub,Luqa,MLA,4,128,2,17,2,"fluegede,idealo",1822.0,Lang (>1500km)
69d400827dca6ba0935a873c,GVA,DUS,nach DE,DUS,Hub,Geneva,GVA,4,126,2,9,2,"fluegede,idealo",564.0,Mittel (500-1500km)
69d400827dca6ba0935a879c,LYS,DUS,nach DE,DUS,Hub,Lyon,LYS,4,123,3,6,3,"check24,fluegede,idealo",631.0,Mittel (500-1500km)
69d400827dca6ba0935a86b6,CGN,BUD,ab DE,CGN,Hub,Budapest,BUD,4,120,1,6,2,"fluegede,idealo",958.0,Mittel (500-1500km)
69d400827dca6ba0935abdab,MUC,DLM,ab DE,MUC,Hub,Dalaman,DLM,4,118,2,10,2,"fluegede,idealo",1894.0,Lang (>1500km)
69d400827dca6ba0935a9c43,HAM,ALC,ab DE,HAM,Hub,Alicante,ALC,4,116,3,18,2,"fluegede,idealo",1887.0,Lang (>1500km)
69d400827dca6ba0935a86e7,CGN,VCE,ab DE,CGN,Hub,Venezia,VCE,4,116,2,6,2,"fluegede,idealo",710.0,Mittel (500-1500km)
69d400827dca6ba0935af49f,ESB,CGN,nach DE,CGN,Hub,Ankara,ESB,4,110,3,5,2,"fluegede,idealo",2324.0,Lang (>1500km)
69d400827dca6ba0935abd38,DLM,MUC,nach DE,MUC,Hub,Dalaman,DLM,4,108,2,11,2,"fluegede,idealo",1894.0,Lang (>1500km)
69d400827dca6ba0935a86ed,CGN,ZAG,ab DE,CGN,Hub,Zagreb,ZAG,4,104,1,6,2,"fluegede,idealo",871.0,Mittel (500-1500km)
69d400827dca6ba0935ad113,LBC,PMI,ab DE,LBC,Provinz,Palma De Mallorca,PMI,4,103,1,8,2,"fluegede,idealo",1695.0,Lang (>1500km)
69d400827dca6ba0935a8752,HAM,BGO,ab DE,HAM,Hub,Bergen,BGO,4,97,2,11,2,"fluegede,idealo",795.0,Mittel (500-1500km)
69d400827dca6ba0935a9cb9,MUC,FUE,ab DE,MUC,Hub,Fuerteventura Island,FUE,4,85,2,14,2,"fluegede,idealo",3117.0,Lang (>1500km)
69d400827dca6ba0935a9c4b,HAM,LPA,ab DE,HAM,Hub,Gran Canaria Island,LPA,4,69,2,13,2,"fluegede,idealo",3528.0,Lang (>1500km)
69d400827dca6ba0935ab2ac,MUC,BRS,ab DE,MUC,Hub,Bristol,BRS,4,68,3,11,2,"fluegede,idealo",1091.0,Mittel (500-1500km)
69d400827dca6ba0935ad09c,HHN,SKG,ab DE,HHN,Provinz,Thessaloniki,SKG,4,66,2,2,2,"fluegede,idealo",1610.0,Lang (>1500km)
69d400827dca6ba0935a9c95,LPA,HAM,nach DE,HAM,Hub,Gran Canaria Island,LPA,4,63,2,13,2,"fluegede,idealo",3528.0,Lang (>1500km)
69d400827dca6ba0935a9bc5,DRS,HER,ab DE,DRS,Provinz,Heraklion,HER,4,62,3,9,3,"check24,fluegede,idealo",1979.0,Lang (>1500km)
69d400827dca6ba0935ad3bf,SKG,HHN,nach DE,HHN,Provinz,Thessaloniki,SKG,4,62,1,2,2,"fluegede,idealo",1610.0,Lang (>1500km)
69d400827dca6ba0935a870f,DUS,CAG,ab DE,DUS,Hub,Cagliari,CAG,4,59,1,8,2,"fluegede,idealo",1350.0,Mittel (500-1500km)
69d400827dca6ba0935a8692,BGO,HAM,nach DE,HAM,Hub,Bergen,BGO,4,56,1,10,2,"fluegede,idealo",795.0,Mittel (500-1500km)
69d400827dca6ba0935a87a3,MXP,CGN,nach DE,CGN,Hub,Milan,MXP,4,55,2,8,2,"fluegede,idealo",594.0,Mittel (500-1500km)
69d400827dca6ba0935a883b,VCE,CGN,nach DE,CGN,Hub,Venezia,VCE,4,53,2,8,3,"check24,fluegede,idealo",710.0,Mittel (500-1500km)
69d400827dca6ba0935a86d3,CGN,OLB,ab DE,CGN,Hub,Olbia,OLB,4,51,1,6,2,"fluegede,idealo",1123.0,Mittel (500-1500km)
69d400827dca6ba0935a9b60,ACE,DUS,nach DE,DUS,Hub,Lanzarote Island,ACE,4,50,3,9,2,"fluegede,idealo",3007.0,Lang (>1500km)
69d400827dca6ba0935a86b8,CGN,CFU,ab DE,CGN,Hub,Kerkyra Island,CFU,4,47,3,9,2,"fluegede,idealo",1598.0,Lang (>1500km)
69d400827dca6ba0935a86e9,CGN,VRN,ab DE,CGN,Hub,Verona,VRN,4,46,2,5,2,"fluegede,idealo",669.0,Mittel (500-1500km)
69d400827dca6ba0935ad2df,PMI,LBC,nach DE,LBC,Provinz,Palma De Mallorca,PMI,4,46,1,6,2,"fluegede,idealo",1695.0,Lang (>1500km)
69d400827dca6ba0935a9be5,DUS,MAH,ab DE,DUS,Hub,Menorca Island,MAH,4,42,2,5,2,"fluegede,idealo",1286.0,Mittel (500-1500km)
69d400827dca6ba0935a87f2,STR,BRI,ab DE,STR,Hub,Bari,BRI,4,39,1,7,2,"fluegede,idealo",1027.0,Mittel (500-1500km)
69d400827dca6ba0935a86a1,BRI,STR,nach DE,STR,Hub,Bari,BRI,4,38,1,7,2,"fluegede,idealo",1027.0,Mittel (500-1500km)
69d400827dca6ba0935a8704,DTM,SAW,ab DE,DTM,Provinz,Istanbul,SAW,4,38,1,5,2,"fluegede,idealo",2032.0,Lang (>1500km)
69d400827dca6ba0935ae979,FRA,ZAD,ab DE,FRA,Hub,Zadar,ZAD,4,37,3,7,2,"fluegede,idealo",835.0,Mittel (500-1500km)
69d400827dca6ba0935aea5f,ZAD,FRA,nach DE,FRA,Hub,Zadar,ZAD,4,37,3,7,2,"fluegede,idealo",835.0,Mittel (500-1500km)
69d400827dca6ba0935a9c8c,LEJ,KGS,ab DE,LEJ,Provinz,Kos Island,KGS,4,34,2,7,2,"fluegede,idealo",2006.0,Lang (>1500km)
69d400827dca6ba0935ad277,OPO,FKB,nach DE,FKB,Provinz,Porto,OPO,4,31,1,2,2,"fluegede,idealo",1556.0,Lang (>1500km)
69d400827dca6ba0935ad04f,GRO,HHN,nach DE,HHN,Provinz,Girona,GRO,4,29,1,2,2,"fluegede,idealo",960.0,Mittel (500-1500km)
69d400827dca6ba0935b1c9d,BCN,HHN,nach DE,HHN,Provinz,Barcelona,BCN,4,29,1,2,2,"fluegede,idealo",1042.0,Mittel (500-1500km)
69d400827dca6ba0935b3f9b,HHN,BCN,ab DE,HHN,Provinz,Barcelona,BCN,4,29,1,2,2,"fluegede,idealo",1042.0,Mittel (500-1500km)
69d400827dca6ba0935ad08a,HHN,GRO,ab DE,HHN,Provinz,Girona,GRO,4,27,1,2,2,"fluegede,idealo",960.0,Mittel (500-1500km)
69d400827dca6ba0935a9ca2,MAH,DUS,nach DE,DUS,Hub,Menorca Island,MAH,4,26,2,6,2,"fluegede,idealo",1286.0,Mittel (500-1500km)
69d400827dca6ba0935a86d0,CGN,MXP,ab DE,CGN,Hub,Milan,MXP,4,26,2,5,2,"fluegede,idealo",594.0,Mittel (500-1500km)
69d400827dca6ba0935b03f7,DUS,LGW,ab DE,DUS,Hub,London,LGW,4,25,3,5,2,"fluegede,idealo",485.0,Kurz (0-500km)
69d400827dca6ba0935a9bf1,DUS,RMF,ab DE,DUS,Hub,Marsa Alam,RMF,4,25,2,9,2,"fluegede,idealo",3705.0,Lang (>1500km)
69d400827dca6ba0935b046e,LGW,DUS,nach DE,DUS,Hub,London,LGW,4,24,3,5,2,"fluegede,idealo",485.0,Kurz (0-500km)
69d400827dca6ba0935b1dc6,BER,LTN,ab DE,BER,Hub,London,LTN,4,23,4,5,2,"fluegede,idealo",947.0,Mittel (500-1500km)
69d400827dca6ba0935b52d4,LTN,BER,nach DE,BER,Hub,London,LTN,4,23,3,5,2,"fluegede,idealo",947.0,Mittel (500-1500km)
69d400827dca6ba0935a9d2f,RMF,DUS,nach DE,DUS,Hub,Marsa Alam,RMF,4,23,2,8,2,"fluegede,idealo",3705.0,Lang (>1500km)
69d400827dca6ba0935a9d21,PVK,DUS,nach DE,DUS,Hub,Preveza/Lefkada,PVK,4,21,2,7,2,"fluegede,idealo",1754.0,Lang (>1500km)
69d400827dca6ba0935a86ab,CFU,CGN,nach DE,CGN,Hub,Kerkyra Island,CFU,4,20,3,5,2,"fluegede,idealo",1598.0,Lang (>1500km)
69d400827dca6ba0935a9bee,DUS,PVK,ab DE,DUS,Hub,Preveza/Lefkada,PVK,4,19,2,7,2,"fluegede,idealo",1754.0,Lang (>1500km)
69d400827dca6ba0935b6c9b,RMO,HHN,nach DE,HHN,Provinz,Chișinău,RMO,4,17,1,3,2,"fluegede,idealo",1627.0,Lang (>1500km)
69d400827dca6ba0935a87b3,OLB,CGN,nach DE,CGN,Hub,Olbia,OLB,4,15,1,2,2,"fluegede,idealo",1123.0,Mittel (500-1500km)
69d400827dca6ba0935b3f9a,HHN,RMO,ab DE,HHN,Provinz,Chișinău,RMO,4,14,1,3,2,"fluegede,idealo",1627.0,Lang (>1500km)
69d400827dca6ba0935acff6,FKB,AGP,ab DE,FKB,Provinz,Malaga,AGP,4,14,1,2,2,"fluegede,idealo",1689.0,Lang (>1500km)
69d400827dca6ba0935a9c3e,GWT,ZRH,ab DE,GWT,Provinz,Zurich,ZRH,4,13,1,4,2,"fluegede,idealo",828.0,Mittel (500-1500km)
69d400827dca6ba0935a9c7a,KGS,LEJ,nach DE,LEJ,Provinz,Kos Island,KGS,4,12,2,5,2,"fluegede,idealo",2006.0,Lang (>1500km)
69d400827dca6ba0935a86a4,BUD,CGN,nach DE,CGN,Hub,Budapest,BUD,4,12,1,1,3,"check24,fluegede,idealo",958.0,Mittel (500-1500km)
69d400827dca6ba0935b5a67,MUC,JTR,ab DE,MUC,Hub,Santorini Island,JTR,4,11,3,3,2,"fluegede,idealo",1736.0,Lang (>1500km)
69d400827dca6ba0935af486,CGN,ESB,ab DE,CGN,Hub,Ankara,ESB,4,11,2,3,2,"fluegede,idealo",2324.0,Lang (>1500km)
69d400827dca6ba0935ad278,OPO,FMM,nach DE,FMM,Provinz,Porto,OPO,4,11,1,3,2,"fluegede,idealo",1669.0,Lang (>1500km)
69d400827dca6ba0935ad3e5,STN,BRE,nach DE,BRE,Provinz,London,STN,4,11,1,3,2,"fluegede,idealo",593.0,Mittel (500-1500km)
69d400827dca6ba0935ad3fa,STN,FKB,nach DE,FKB,Provinz,London,STN,4,11,1,1,2,"fluegede,idealo",655.0,Mittel (500-1500km)
69d400827dca6ba0935b043d,HAM,LGW,ab DE,HAM,Hub,London,LGW,4,10,3,4,2,"fluegede,idealo",743.0,Mittel (500-1500km)
69d400827dca6ba0935b0472,LGW,HAM,nach DE,HAM,Hub,London,LGW,4,10,3,4,2,"fluegede,idealo",743.0,Mittel (500-1500km)
69d400827dca6ba0935b19d8,ASR,CGN,nach DE,CGN,Hub,Kayseri,ASR,4,10,2,2,2,"fluegede,idealo",2586.0,Lang (>1500km)
69d400827dca6ba0935b7510,STN,HAM,nach DE,HAM,Hub,London,STN,4,10,1,2,2,"fluegede,idealo",684.0,Mittel (500-1500km)
69d400827dca6ba0935a86a8,CAG,DUS,nach DE,DUS,Hub,Cagliari,CAG,4,10,1,2,2,"fluegede,idealo",1350.0,Mittel (500-1500km)
69d400827dca6ba0935ace64,CAG,NRN,nach DE,NRN,Provinz,Cagliari,CAG,4,10,1,2,2,"fluegede,idealo",1392.0,Mittel (500-1500km)
69d400827dca6ba0935ad22c,NRN,CAG,ab DE,NRN,Provinz,Cagliari,CAG,4,10,1,2,2,"fluegede,idealo",1392.0,Mittel (500-1500km)
69d400827dca6ba0935b7559,STR,TIA,ab DE,STR,Hub,Tirana,TIA,4,9,2,3,2,"fluegede,idealo",1153.0,Mittel (500-1500km)
69d400827dca6ba0935b7ac7,TIA,STR,nach DE,STR,Hub,Tirana,TIA,4,9,2,3,2,"fluegede,idealo",1153.0,Mittel (500-1500km)
69d400827dca6ba0935b739c,SOF,BER,nach DE,BER,Hub,Sofia,SOF,4,9,2,2,2,"fluegede,idealo",1305.0,Mittel (500-1500km)
69d400827dca6ba0935b202e,BJV,CGN,nach DE,CGN,Hub,Bodrum,BJV,4,9,1,2,2,"fluegede,idealo",2218.0,Lang (>1500km)
69d400827dca6ba0935ad282,OPO,NRN,nach DE,NRN,Provinz,Porto,OPO,4,8,1,2,2,"fluegede,idealo",1612.0,Lang (>1500km)
69d400827dca6ba0935b7c71,TNG,NRN,nach DE,NRN,Provinz,Tangier,TNG,4,8,1,1,2,"fluegede,idealo",2008.0,Lang (>1500km)
69d400827dca6ba0935b6ca3,RMO,DUS,nach DE,DUS,Hub,Chișinău,RMO,4,7,2,3,2,"fluegede,idealo",1677.0,Lang (>1500km)
69d400827dca6ba0935b2885,CGN,ASR,ab DE,CGN,Hub,Kayseri,ASR,4,7,2,2,2,"fluegede,idealo",2586.0,Lang (>1500km)
69d400827dca6ba0935b202f,BJV,DUS,nach DE,DUS,Hub,Bodrum,BJV,4,7,1,2,2,"fluegede,idealo",2266.0,Lang (>1500km)
69d400827dca6ba0935b5eb3,NRN,PUY,ab DE,NRN,Provinz,Pula,PUY,4,7,1,2,2,"fluegede,idealo",941.0,Mittel (500-1500km)
69d400827dca6ba0935b3884,FMM,AYT,ab DE,FMM,Provinz,Antalya,AYT,4,7,1,2,2,"fluegede,idealo",2079.0,Lang (>1500km)
69d400827dca6ba0935ad22a,NRN,BRI,ab DE,NRN,Provinz,Bari,BRI,4,7,1,2,2,"fluegede,idealo",1417.0,Mittel (500-1500km)
69d400827dca6ba0935b3307,DUS,BJV,ab DE,DUS,Hub,Bodrum,BJV,4,7,1,2,2,"fluegede,idealo",2266.0,Lang (>1500km)
69d400827dca6ba0935b68d4,PUY,NRN,nach DE,NRN,Provinz,Pula,PUY,4,7,1,2,2,"fluegede,idealo",941.0,Mittel (500-1500km)
69d400827dca6ba0935a884f,ZAG,CGN,nach DE,CGN,Hub,Zagreb,ZAG,4,7,1,2,2,"fluegede,idealo",871.0,Mittel (500-1500km)
69d400827dca6ba0935b288a,CGN,TZL,ab DE,CGN,Hub,Tuzla,TZL,4,7,1,1,2,"fluegede,idealo",1120.0,Mittel (500-1500km)
69d400827dca6ba0935b7eda,TZL,CGN,nach DE,CGN,Hub,Tuzla,TZL,4,7,1,1,2,"fluegede,idealo",1120.0,Mittel (500-1500km)
69d400827dca6ba0935b3ec8,HER,FMO,nach DE,FMO,Provinz,Heraklion,HER,4,6,4,4,2,"fluegede,idealo",2324.0,Lang (>1500km)
69d400827dca6ba0935b68e7,PUY,MUC,nach DE,MUC,Hub,Pula,PUY,4,6,3,5,2,"fluegede,idealo",418.0,Kurz (0-500km)
69d400827dca6ba0935b5a7d,MUC,PUY,ab DE,MUC,Hub,Pula,PUY,4,6,3,4,2,"fluegede,idealo",418.0,Kurz (0-500km)
69d400827dca6ba0935abd69,FUE,HAJ,nach DE,HAJ,Provinz,Fuerteventura Island,FUE,4,6,3,3,2,"fluegede,idealo",3299.0,Lang (>1500km)
69d400827dca6ba0935b3932,FRA,JMK,ab DE,FRA,Hub,Mykonos Island,JMK,4,6,3,3,2,"fluegede,idealo",1936.0,Lang (>1500km)
69d400827dca6ba0935b1970,ARN,STR,nach DE,STR,Hub,Stockholm,ARN,4,6,2,3,2,"fluegede,idealo",1341.0,Mittel (500-1500km)
69d400827dca6ba0935b755b,STR,ARN,ab DE,STR,Hub,Stockholm,ARN,4,6,2,3,2,"fluegede,idealo",1341.0,Mittel (500-1500km)
69d400827dca6ba0935b3d03,GZT,DUS,nach DE,DUS,Hub,Gaziantep,GZT,4,6,2,2,2,"fluegede,idealo",2892.0,Lang (>1500km)
69d400827dca6ba0935afcda,DUS,ONQ,ab DE,DUS,Hub,Zonguldak,ONQ,4,6,1,3,2,"fluegede,idealo",2210.0,Lang (>1500km)
69d400827dca6ba0935afcf8,ONQ,DUS,nach DE,DUS,Hub,Zonguldak,ONQ,4,6,1,3,2,"fluegede,idealo",2210.0,Lang (>1500km)
69d400827dca6ba0935b1b8d,AYT,FMM,nach DE,FMM,Provinz,Antalya,AYT,4,6,1,2,2,"fluegede,idealo",2079.0,Lang (>1500km)
69d400827dca6ba0935b1ddc,BER,SKP,ab DE,BER,Hub,Skopje,SKP,4,6,1,1,2,"fluegede,idealo",1307.0,Mittel (500-1500km)
69d400827dca6ba0935b7a77,TGD,CGN,nach DE,CGN,Hub,Podgorica,TGD,4,6,1,1,2,"fluegede,idealo",1320.0,Mittel (500-1500km)
69d400827dca6ba0935b5f5d,NUE,ZAD,ab DE,NUE,Provinz,Zadar,ZAD,4,6,1,1,2,"fluegede,idealo",682.0,Mittel (500-1500km)
69d400827dca6ba0935b28b1,CGN,TGD,ab DE,CGN,Hub,Podgorica,TGD,4,6,1,1,2,"fluegede,idealo",1320.0,Mittel (500-1500km)
69d400827dca6ba0935b72b8,SKP,FKB,nach DE,FKB,Provinz,Skopje,SKP,4,6,1,1,2,"fluegede,idealo",1298.0,Mittel (500-1500km)
69d400827dca6ba0935b37c5,FKB,SKP,ab DE,FKB,Provinz,Skopje,SKP,4,6,1,1,2,"fluegede,idealo",1298.0,Mittel (500-1500km)
69d400827dca6ba0935b260b,BZO,DUS,nach DE,DUS,Hub,Bolzano,BZO,4,6,1,1,2,"fluegede,idealo",632.0,Mittel (500-1500km)
69d400827dca6ba0935b89ff,ZAD,BER,nach DE,BER,Hub,Zadar,ZAD,4,6,1,1,2,"fluegede,idealo",928.0,Mittel (500-1500km)
69d400827dca6ba0935ad07f,HHN,ALC,ab DE,HHN,Provinz,Alicante,ALC,4,6,1,1,2,"fluegede,idealo",1438.0,Mittel (500-1500km)
69d400827dca6ba0935b57e0,MIR,FRA,nach DE,FRA,Hub,Monastir,MIR,4,5,4,4,2,"fluegede,idealo",1597.0,Lang (>1500km)
69d400827dca6ba0935b3887,FMO,HER,ab DE,FMO,Provinz,Heraklion,HER,4,5,4,4,2,"fluegede,idealo",2324.0,Lang (>1500km)
69d400827dca6ba0935b394b,FRA,MIR,ab DE,FRA,Hub,Monastir,MIR,4,5,3,3,2,"fluegede,idealo",1597.0,Lang (>1500km)
69d400827dca6ba0935abd74,HAJ,FUE,ab DE,HAJ,Provinz,Fuerteventura Island,FUE,4,5,3,3,2,"fluegede,idealo",3299.0,Lang (>1500km)
69d400827dca6ba0935b35b0,ESB,BER,nach DE,BER,Hub,Ankara,ESB,4,5,2,3,2,"fluegede,idealo",2012.0,Lang (>1500km)
69d400827dca6ba0935a9bcb,DUS,ACE,ab DE,DUS,Hub,Lanzarote Island,ACE,4,5,2,3,2,"fluegede,idealo",3007.0,Lang (>1500km)
69d400827dca6ba0935a8844,VRN,CGN,nach DE,CGN,Hub,Verona,VRN,4,5,2,2,2,"fluegede,idealo",669.0,Mittel (500-1500km)
69d400827dca6ba0935b378c,FDH,BER,Inland,FDH,Provinz,,,4,5,2,2,2,"fluegede,idealo",594.0,Mittel (500-1500km)
69d400827dca6ba0935b1dd5,BER,FDH,Inland,BER,Hub,,,4,5,2,2,2,"fluegede,idealo",594.0,Mittel (500-1500km)
69d400827dca6ba0935b3931,FRA,EVE,ab DE,FRA,Hub,Evenes,EVE,4,5,2,2,2,"fluegede,idealo",2100.0,Lang (>1500km)
69d400827dca6ba0935abdca,STR,DLM,ab DE,STR,Hub,Dalaman,DLM,4,5,2,2,2,"fluegede,idealo",2070.0,Lang (>1500km)
69d400827dca6ba0935ae96a,FRA,PUY,ab DE,FRA,Hub,Pula,PUY,4,5,2,2,2,"fluegede,idealo",699.0,Mittel (500-1500km)
69d400827dca6ba0935b3300,DUS,MIR,ab DE,DUS,Hub,Monastir,MIR,4,5,2,2,2,"fluegede,idealo",1756.0,Lang (>1500km)
69d400827dca6ba0935b35f7,EVE,FRA,nach DE,FRA,Hub,Evenes,EVE,4,5,2,2,2,"fluegede,idealo",2100.0,Lang (>1500km)
69d400827dca6ba0935af38d,PUY,FRA,nach DE,FRA,Hub,Pula,PUY,4,5,2,2,2,"fluegede,idealo",699.0,Mittel (500-1500km)
69d400827dca6ba0935b1388,FRA,TGD,ab DE,FRA,Hub,Podgorica,TGD,4,5,2,2,2,"fluegede,idealo",1184.0,Mittel (500-1500km)
69d400827dca6ba0935b66ab,PMO,BER,nach DE,BER,Hub,Palermo,PMO,4,5,1,1,2,"fluegede,idealo",1578.0,Lang (>1500km)
69d400827dca6ba0935b7d04,TPE,MUC,nach DE,MUC,Hub,Taipei,TPE,4,5,1,1,2,"fluegede,idealo",9265.0,Lang (>1500km)
69d400827dca6ba0935b5eae,NRN,NDR,ab DE,NRN,Provinz,Nador,NDR,4,5,1,1,2,"fluegede,idealo",1987.0,Lang (>1500km)
69d400827dca6ba0935b5a53,MUC,BAH,ab DE,MUC,Hub,Manama,BAH,4,5,1,1,2,"fluegede,idealo",4154.0,Lang (>1500km)
69d400827dca6ba0935b3271,DTM,EVN,ab DE,DTM,Provinz,Yerevan,EVN,4,5,1,1,2,"fluegede,idealo",3076.0,Lang (>1500km)
69d400827dca6ba0935b7e09,TSR,FMM,nach DE,FMM,Provinz,Timisoara,TSR,4,5,1,1,2,"fluegede,idealo",876.0,Mittel (500-1500km)
69d400827dca6ba0935b0ebe,SKP,CGN,nach DE,CGN,Hub,Skopje,SKP,4,5,1,1,2,"fluegede,idealo",1483.0,Mittel (500-1500km)
69d400827dca6ba0935acdd3,BRI,NRN,nach DE,NRN,Provinz,Bari,BRI,4,5,1,1,2,"fluegede,idealo",1417.0,Mittel (500-1500km)
69d400827dca6ba0935b1e22,BER,BTS,ab DE,BER,Hub,Bratislava,BTS,4,5,1,1,2,"fluegede,idealo",535.0,Mittel (500-1500km)
69d400827dca6ba0935acdd0,BRI,HHN,nach DE,HHN,Provinz,Bari,BRI,4,5,1,1,2,"fluegede,idealo",1225.0,Mittel (500-1500km)
69d400827dca6ba0935b0ef8,TSR,DTM,nach DE,DTM,Provinz,Timisoara,TSR,4,5,1,1,2,"fluegede,idealo",1188.0,Mittel (500-1500km)
69d400827dca6ba0935b7567,STR,EDI,ab DE,STR,Hub,Edinburgh,EDI,4,5,1,1,2,"fluegede,idealo",1173.0,Mittel (500-1500km)
69d400827dca6ba0935b37c8,FKB,VLC,ab DE,FKB,Provinz,Valencia,VLC,4,5,1,1,2,"fluegede,idealo",1237.0,Mittel (500-1500km)
69d400827dca6ba0935b326a,DTM,TGD,ab DE,DTM,Provinz,Podgorica,TGD,4,5,1,1,2,"fluegede,idealo",1345.0,Mittel (500-1500km)
69d400827dca6ba0935b24c1,BTS,BER,nach DE,BER,Hub,Bratislava,BTS,4,5,1,1,2,"fluegede,idealo",535.0,Mittel (500-1500km)
69d400827dca6ba0935acc87,AGP,FKB,nach DE,FKB,Provinz,Malaga,AGP,4,5,1,1,2,"fluegede,idealo",1689.0,Lang (>1500km)
69d400827dca6ba0935b387b,FMM,MLA,ab DE,FMM,Provinz,Luqa,MLA,4,5,1,1,2,"fluegede,idealo",1393.0,Mittel (500-1500km)
69d400827dca6ba0935b44a3,INI,FMM,nach DE,FMM,Provinz,Nis,INI,4,5,1,1,2,"fluegede,idealo",1039.0,Mittel (500-1500km)
69d400827dca6ba0935b5a55,MUC,TPE,ab DE,MUC,Hub,Taipei,TPE,4,5,1,1,2,"fluegede,idealo",9265.0,Lang (>1500km)
69d400827dca6ba0935a871b,DUS,LYS,ab DE,DUS,Hub,Lyon,LYS,4,5,1,1,2,"fluegede,idealo",631.0,Mittel (500-1500km)
69d400827dca6ba0935b1ddf,BER,AMM,ab DE,BER,Hub,Amman,AMM,4,5,1,1,2,"fluegede,idealo",2927.0,Lang (>1500km)
69d400827dca6ba0935b1de2,BER,GRZ,ab DE,BER,Hub,Graz,GRZ,4,5,1,1,2,"fluegede,idealo",613.0,Mittel (500-1500km)
69d400827dca6ba0935b3860,FMM,TSR,ab DE,FMM,Provinz,Timisoara,TSR,4,5,1,1,2,"fluegede,idealo",876.0,Mittel (500-1500km)
69d400827dca6ba0935b3da6,HAM,GRZ,ab DE,HAM,Hub,Graz,GRZ,4,5,1,1,2,"fluegede,idealo",833.0,Mittel (500-1500km)
69d400827dca6ba0935a9dce,ZRH,GWT,nach DE,GWT,Provinz,Zurich,ZRH,4,5,1,1,2,"fluegede,idealo",828.0,Mittel (500-1500km)
69d400827dca6ba0935ad230,NRN,EDI,ab DE,NRN,Provinz,Edinburgh,EDI,4,5,1,1,2,"fluegede,idealo",789.0,Mittel (500-1500km)
69d400827dca6ba0935b7a5c,TGD,DTM,nach DE,DTM,Provinz,Podgorica,TGD,4,5,1,1,2,"fluegede,idealo",1345.0,Mittel (500-1500km)
69d400827dca6ba0935adfbe,HAJ,AGP,ab DE,HAJ,Provinz,Malaga,AGP,4,5,1,1,2,"fluegede,idealo",2076.0,Lang (>1500km)
69d400827dca6ba0935b3c12,GRZ,HAM,nach DE,HAM,Hub,Graz,GRZ,4,5,1,1,2,"fluegede,idealo",833.0,Mittel (500-1500km)
69d400827dca6ba0935b6f50,SCV,DTM,nach DE,DTM,Provinz,Suceava,SCV,4,5,1,1,2,"fluegede,idealo",1412.0,Mittel (500-1500km)
69d400827dca6ba0935acc88,AGP,FMM,nach DE,FMM,Provinz,Malaga,AGP,4,5,1,1,2,"fluegede,idealo",1741.0,Lang (>1500km)
69d400827dca6ba0935b0e07,DTM,TSR,ab DE,DTM,Provinz,Timisoara,TSR,4,5,1,1,2,"fluegede,idealo",1188.0,Mittel (500-1500km)
69d400827dca6ba0935b21ba,BNX,DTM,nach DE,DTM,Provinz,Banja Luka,BNX,4,5,1,1,2,"fluegede,idealo",1023.0,Mittel (500-1500km)
69d400827dca6ba0935b138d,TGD,FRA,nach DE,FRA,Hub,Podgorica,TGD,4,5,1,1,2,"fluegede,idealo",1184.0,Mittel (500-1500km)
69d400827dca6ba0935adf27,AGP,HAJ,nach DE,HAJ,Provinz,Malaga,AGP,4,5,1,1,2,"fluegede,idealo",2076.0,Lang (>1500km)
69d400827dca6ba0935b5f5a,NUE,ADB,ab DE,NUE,Provinz,Izmir,ADB,4,5,1,1,2,"fluegede,idealo",1786.0,Lang (>1500km)
69d400827dca6ba0935ad009,FMM,FAO,ab DE,FMM,Provinz,Faro,FAO,4,5,1,1,2,"fluegede,idealo",1919.0,Lang (>1500km)
69d400827dca6ba0935b1de5,BER,MRS,ab DE,BER,Hub,Marseille,MRS,4,5,1,1,2,"fluegede,idealo",1167.0,Mittel (500-1500km)
69d400827dca6ba0935b360c,EVN,DTM,nach DE,DTM,Provinz,Yerevan,EVN,4,5,1,1,2,"fluegede,idealo",3076.0,Lang (>1500km)
69d400827dca6ba0935b326b,DTM,BNX,ab DE,DTM,Provinz,Banja Luka,BNX,4,5,1,1,2,"fluegede,idealo",1023.0,Mittel (500-1500km)
69d400827dca6ba0935ad003,FMM,AGP,ab DE,FMM,Provinz,Malaga,AGP,4,5,1,1,2,"fluegede,idealo",1741.0,Lang (>1500km)
69d400827dca6ba0935ad563,ZAD,HHN,nach DE,HHN,Provinz,Zadar,ZAD,4,5,1,1,2,"fluegede,idealo",892.0,Mittel (500-1500km)
69d400827dca6ba0935b819e,VLC,FKB,nach DE,FKB,Provinz,Valencia,VLC,4,5,1,1,2,"fluegede,idealo",1237.0,Mittel (500-1500km)
69d400827dca6ba0935b1875,AMM,BER,nach DE,BER,Hub,Amman,AMM,4,5,1,1,2,"fluegede,idealo",2927.0,Lang (>1500km)
69d400827dca6ba0935a86a5,BUD,HAM,nach DE,HAM,Hub,Budapest,BUD,4,5,1,1,2,"fluegede,idealo",949.0,Mittel (500-1500km)
69d400827dca6ba0935b3880,FMM,BDS,ab DE,FMM,Provinz,Brindisi,BDS,4,5,1,1,2,"fluegede,idealo",1019.0,Mittel (500-1500km)
69d400827dca6ba0935b326c,DTM,SCV,ab DE,DTM,Provinz,Suceava,SCV,4,5,1,1,2,"fluegede,idealo",1412.0,Mittel (500-1500km)
69d400827dca6ba0935b1dea,BER,SZG,ab DE,BER,Hub,Salzburg,SZG,4,5,1,1,2,"fluegede,idealo",509.0,Mittel (500-1500km)
69d400827dca6ba0935b3c11,GRZ,BER,nach DE,BER,Hub,Graz,GRZ,4,5,1,1,2,"fluegede,idealo",613.0,Mittel (500-1500km)
69d400827dca6ba0935afcd0,BRE,VIE,ab DE,BRE,Provinz,Vienna,VIE,4,5,1,1,2,"fluegede,idealo",776.0,Mittel (500-1500km)
69d400827dca6ba0935afd06,VIE,BRE,nach DE,BRE,Provinz,Vienna,VIE,4,5,1,1,2,"fluegede,idealo",776.0,Mittel (500-1500km)
69d400827dca6ba0935b1de7,BER,PMO,ab DE,BER,Hub,Palermo,PMO,4,5,1,1,2,"fluegede,idealo",1578.0,Lang (>1500km)
69d400827dca6ba0935b2a86,CLJ,FMM,nach DE,FMM,Provinz,Cluj-Napoca,CLJ,4,5,1,1,2,"fluegede,idealo",1020.0,Mittel (500-1500km)
69d400827dca6ba0935acfda,FAO,FMM,nach DE,FMM,Provinz,Faro,FAO,4,5,1,1,2,"fluegede,idealo",1919.0,Lang (>1500km)
69d400827dca6ba0935b385d,FMM,INI,ab DE,FMM,Provinz,Nis,INI,4,5,1,1,2,"fluegede,idealo",1039.0,Mittel (500-1500km)
69d400827dca6ba0935b779e,SZG,BER,nach DE,BER,Hub,Salzburg,SZG,4,5,1,1,2,"fluegede,idealo",509.0,Mittel (500-1500km)
69d400827dca6ba0935b3497,EDI,STR,nach DE,STR,Hub,Edinburgh,EDI,4,5,1,1,2,"fluegede,idealo",1173.0,Mittel (500-1500km)
69d400827dca6ba0935b0dd7,CGN,SKP,ab DE,CGN,Hub,Skopje,SKP,4,5,1,1,2,"fluegede,idealo",1483.0,Mittel (500-1500km)
69d400827dca6ba0935b385f,FMM,CLJ,ab DE,FMM,Provinz,Cluj-Napoca,CLJ,4,5,1,1,2,"fluegede,idealo",1020.0,Mittel (500-1500km)
69d400827dca6ba0935b2f3c,DEB,MUC,nach DE,MUC,Hub,Debrecen,DEB,4,5,1,1,2,"fluegede,idealo",738.0,Mittel (500-1500km)
69d400827dca6ba0935b1bf4,BAH,MUC,nach DE,MUC,Hub,Manama,BAH,4,5,1,1,2,"fluegede,idealo",4154.0,Lang (>1500km)
69d400827dca6ba0935b1d0d,BDS,FMM,nach DE,FMM,Provinz,Brindisi,BDS,4,5,1,1,2,"fluegede,idealo",1019.0,Mittel (500-1500km)
69d400827dca6ba0935ad00b,FMM,OPO,ab DE,FMM,Provinz,Porto,OPO,4,5,1,1,2,"fluegede,idealo",1669.0,Lang (>1500km)
69d400827dca6ba0935b1e0a,BER,TIV,ab DE,BER,Hub,Tivat,TIV,4,4,5,5,2,"fluegede,idealo",1174.0,Mittel (500-1500km)
69d400827dca6ba0935b7b22,TIV,BER,nach DE,BER,Hub,Tivat,TIV,4,4,5,5,2,"fluegede,idealo",1174.0,Mittel (500-1500km)
69d400827dca6ba0935b795d,TFS,BER,nach DE,BER,Hub,Tenerife Island,TFS,4,4,5,5,2,"fluegede,idealo",3669.0,Lang (>1500km)
69d400827dca6ba0935b1dc4,BER,FNC,ab DE,BER,Hub,Funchal,FNC,4,4,4,4,2,"fluegede,idealo",3264.0,Lang (>1500km)
69d400827dca6ba0935b57db,MIR,MUC,nach DE,MUC,Hub,Monastir,MIR,4,4,4,4,2,"fluegede,idealo",1403.0,Mittel (500-1500km)
69d400827dca6ba0935b21d5,BOD,BER,nach DE,BER,Hub,Bordeaux/Merignac,BOD,4,4,4,4,2,"fluegede,idealo",1336.0,Mittel (500-1500km)
69d400827dca6ba0935b1df2,BER,BOD,ab DE,BER,Hub,Bordeaux/Merignac,BOD,4,4,4,4,2,"fluegede,idealo",1336.0,Mittel (500-1500km)
69d400827dca6ba0935a9ce3,NUE,FUE,ab DE,NUE,Provinz,Fuerteventura Island,FUE,4,4,4,4,2,"fluegede,idealo",3152.0,Lang (>1500km)
69d400827dca6ba0935a9bfe,DUS,ZTH,ab DE,DUS,Hub,Zakynthos Island,ZTH,4,4,3,3,2,"fluegede,idealo",1869.0,Lang (>1500km)
69d400827dca6ba0935b488e,JTR,MUC,nach DE,MUC,Hub,Santorini Island,JTR,4,4,3,3,2,"fluegede,idealo",1736.0,Lang (>1500km)
69d400827dca6ba0935b4888,JTR,FRA,nach DE,FRA,Hub,Santorini Island,JTR,4,4,3,3,2,"fluegede,idealo",2035.0,Lang (>1500km)
69d400827dca6ba0935b1243,FRA,MAH,ab DE,FRA,Hub,Menorca Island,MAH,4,4,3,3,2,"fluegede,idealo",1180.0,Mittel (500-1500km)
69d400827dca6ba0935a9c2c,FUE,NUE,nach DE,NUE,Provinz,Fuerteventura Island,FUE,4,4,3,3,2,"fluegede,idealo",3152.0,Lang (>1500km)
69d400827dca6ba0935b1252,MAH,FRA,nach DE,FRA,Hub,Menorca Island,MAH,4,4,3,3,2,"fluegede,idealo",1180.0,Mittel (500-1500km)
69d400827dca6ba0935a9b6f,ALC,HAM,nach DE,HAM,Hub,Alicante,ALC,4,4,2,2,2,"fluegede,idealo",1887.0,Lang (>1500km)
69d400827dca6ba0935abd39,DLM,STR,nach DE,STR,Hub,Dalaman,DLM,4,4,2,2,2,"fluegede,idealo",2070.0,Lang (>1500km)
69d400827dca6ba0935b5a54,MUC,RMF,ab DE,MUC,Hub,Marsa Alam,RMF,4,4,2,2,2,"fluegede,idealo",3219.0,Lang (>1500km)
69d400827dca6ba0935b6c59,RMF,MUC,nach DE,MUC,Hub,Marsa Alam,RMF,4,4,2,2,2,"fluegede,idealo",3219.0,Lang (>1500km)
69d400827dca6ba0935b386e,FMM,TGD,ab DE,FMM,Provinz,Podgorica,TGD,4,4,1,1,2,"fluegede,idealo",943.0,Mittel (500-1500km)
69d400827dca6ba0935b260a,BZO,BER,nach DE,BER,Hub,Bolzano,BZO,4,4,1,1,2,"fluegede,idealo",675.0,Mittel (500-1500km)
69d400827dca6ba0935b3867,FMM,SJJ,ab DE,FMM,Provinz,Sarajevo,SJJ,4,4,1,1,2,"fluegede,idealo",778.0,Mittel (500-1500km)
69d400827dca6ba0935b250d,BUD,FMM,nach DE,FMM,Provinz,Budapest,BUD,4,4,1,1,2,"fluegede,idealo",677.0,Mittel (500-1500km)
69d400827dca6ba0935b3da9,HAM,SKP,ab DE,HAM,Hub,Skopje,SKP,4,4,1,1,2,"fluegede,idealo",1557.0,Lang (>1500km)
69d400827dca6ba0935b72b9,SKP,HAM,nach DE,HAM,Hub,Skopje,SKP,4,4,1,1,2,"fluegede,idealo",1557.0,Lang (>1500km)
69d400827dca6ba0935b7a5b,TGD,FMM,nach DE,FMM,Provinz,Podgorica,TGD,4,4,1,1,2,"fluegede,idealo",943.0,Mittel (500-1500km)
69d400827dca6ba0935b592b,MRS,BER,nach DE,BER,Hub,Marseille,MRS,4,4,1,1,2,"fluegede,idealo",1167.0,Mittel (500-1500km)
69d400827dca6ba0935b2bea,COV,FRA,nach DE,FRA,Hub,Tarsus,COV,4,4,1,1,2,"fluegede,idealo",2570.0,Lang (>1500km)
69d400827dca6ba0935b66bb,PMO,HHN,nach DE,HHN,Provinz,Palermo,PMO,4,4,1,1,2,"fluegede,idealo",1388.0,Mittel (500-1500km)
69d400827dca6ba0935ad24b,NUE,AGP,ab DE,NUE,Provinz,Malaga,AGP,4,4,1,1,2,"fluegede,idealo",1898.0,Lang (>1500km)
69d400827dca6ba0935acffd,FKB,OPO,ab DE,FKB,Provinz,Porto,OPO,4,4,1,1,2,"fluegede,idealo",1556.0,Lang (>1500km)
69d400827dca6ba0935b3da5,HAM,BZO,ab DE,HAM,Hub,Bolzano,BZO,4,4,1,1,2,"fluegede,idealo",803.0,Mittel (500-1500km)
69d400827dca6ba0935b3875,FMM,BUD,ab DE,FMM,Provinz,Budapest,BUD,4,4,1,1,2,"fluegede,idealo",677.0,Mittel (500-1500km)
69d400827dca6ba0935ad0a6,HHN,ZAD,ab DE,HHN,Provinz,Zadar,ZAD,4,4,1,1,2,"fluegede,idealo",892.0,Mittel (500-1500km)
69d400827dca6ba0935b1597,ADB,NUE,nach DE,NUE,Provinz,Izmir,ADB,4,4,1,1,2,"fluegede,idealo",1786.0,Lang (>1500km)
69d400827dca6ba0935a8790,KVA,STR,nach DE,STR,Hub,Kavala,KVA,4,4,1,1,2,"fluegede,idealo",1487.0,Mittel (500-1500km)
69d400827dca6ba0935b37c4,FKB,FEZ,ab DE,FKB,Provinz,Fes,FEZ,4,4,1,1,2,"fluegede,idealo",1973.0,Lang (>1500km)
69d400827dca6ba0935b326f,DTM,TZL,ab DE,DTM,Provinz,Tuzla,TZL,4,4,1,1,2,"fluegede,idealo",1138.0,Mittel (500-1500km)
69d400827dca6ba0935b6efd,SBZ,FKB,nach DE,FKB,Provinz,Sibiu,SBZ,4,4,1,1,2,"fluegede,idealo",1250.0,Mittel (500-1500km)
69d400827dca6ba0935b260c,BZO,HAM,nach DE,HAM,Hub,Bolzano,BZO,4,4,1,1,2,"fluegede,idealo",803.0,Mittel (500-1500km)
69d400827dca6ba0935acc96,AGP,NUE,nach DE,NUE,Provinz,Malaga,AGP,4,4,1,1,2,"fluegede,idealo",1898.0,Lang (>1500km)
69d400827dca6ba0935b0dbb,BUD,DTM,nach DE,DTM,Provinz,Budapest,BUD,4,4,1,1,2,"fluegede,idealo",954.0,Mittel (500-1500km)
69d400827dca6ba0935b37c3,FKB,SBZ,ab DE,FKB,Provinz,Sibiu,SBZ,4,4,1,1,2,"fluegede,idealo",1250.0,Mittel (500-1500km)
69d400827dca6ba0935b3921,FRA,OVD,ab DE,FRA,Hub,Ranon,OVD,4,4,1,1,2,"fluegede,idealo",1319.0,Mittel (500-1500km)
69d400827dca6ba0935ad089,HHN,FEZ,ab DE,HHN,Provinz,Fes,FEZ,4,4,1,1,2,"fluegede,idealo",2043.0,Lang (>1500km)
69d400827dca6ba0935b3f99,HHN,PMO,ab DE,HHN,Provinz,Palermo,PMO,4,4,1,1,2,"fluegede,idealo",1388.0,Mittel (500-1500km)
69d400827dca6ba0935b0e00,DTM,BUD,ab DE,DTM,Provinz,Budapest,BUD,4,4,1,1,2,"fluegede,idealo",954.0,Mittel (500-1500km)
69d400827dca6ba0935b7edb,TZL,DTM,nach DE,DTM,Provinz,Tuzla,TZL,4,4,1,1,2,"fluegede,idealo",1138.0,Mittel (500-1500km)
69d400827dca6ba0935a87b5,OLB,HAM,nach DE,HAM,Hub,Olbia,OLB,4,4,1,1,2,"fluegede,idealo",1416.0,Mittel (500-1500km)
69d400827dca6ba0935a8802,STR,KVA,ab DE,STR,Hub,Kavala,KVA,4,4,1,1,2,"fluegede,idealo",1487.0,Mittel (500-1500km)
69d400827dca6ba0935b1dc9,BER,BZO,ab DE,BER,Hub,Bolzano,BZO,4,4,1,1,2,"fluegede,idealo",675.0,Mittel (500-1500km)
69d400827dca6ba0935b631a,OVD,FRA,nach DE,FRA,Hub,Ranon,OVD,4,4,1,1,2,"fluegede,idealo",1319.0,Mittel (500-1500km)
69d400827dca6ba0935ae9e7,MUC,JNB,ab DE,MUC,Hub,Johannesburg,JNB,3,192,2,18,2,"fluegede,idealo",8444.0,Lang (>1500km)
69d400827dca6ba0935ae90a,DUS,OTP,ab DE,DUS,Hub,Bucharest,OTP,3,189,1,14,2,"fluegede,idealo",1616.0,Lang (>1500km)
69d400827dca6ba0935a86b0,CGN,ATH,ab DE,CGN,Hub,Athens,ATH,3,188,2,14,2,"fluegede,idealo",1953.0,Lang (>1500km)
69d400827dca6ba0935aea26,OTP,DUS,nach DE,DUS,Hub,Bucharest,OTP,3,187,1,15,2,"fluegede,idealo",1616.0,Lang (>1500km)
69d400827dca6ba0935ae9a1,JNB,MUC,nach DE,MUC,Hub,Johannesburg,JNB,3,163,2,15,2,"fluegede,idealo",8444.0,Lang (>1500km)
69d400827dca6ba0935a9bd9,DUS,FLR,ab DE,DUS,Hub,Firenze,FLR,3,160,1,9,2,"fluegede,idealo",895.0,Mittel (500-1500km)
69d400827dca6ba0935aea34,RUH,MUC,nach DE,MUC,Hub,Riyadh,RUH,3,159,2,17,2,"fluegede,idealo",3999.0,Lang (>1500km)
69d400827dca6ba0935a8688,ATH,CGN,nach DE,CGN,Hub,Athens,ATH,3,153,2,14,2,"fluegede,idealo",1953.0,Lang (>1500km)
69d400827dca6ba0935a8728,DUS,SUF,ab DE,DUS,Hub,Lamezia Terme,SUF,3,151,2,10,2,"fluegede,idealo",1562.0,Lang (>1500km)
69d400827dca6ba0935a873e,HAJ,BCN,ab DE,HAJ,Provinz,Barcelona,BCN,3,147,3,11,2,"fluegede,idealo",1368.0,Mittel (500-1500km)
69d400827dca6ba0935aea01,MUC,RUH,ab DE,MUC,Hub,Riyadh,RUH,3,146,1,17,2,"fluegede,idealo",3999.0,Lang (>1500km)
69d400827dca6ba0935a9c09,FLR,DUS,nach DE,DUS,Hub,Firenze,FLR,3,139,2,11,2,"fluegede,idealo",895.0,Mittel (500-1500km)
69d400827dca6ba0935a868d,BCN,HAJ,nach DE,HAJ,Provinz,Barcelona,BCN,3,126,2,11,2,"fluegede,idealo",1368.0,Mittel (500-1500km)
69d400827dca6ba0935aaacf,MUC,CMN,ab DE,MUC,Hub,Casablanca,CMN,3,116,2,14,2,"fluegede,idealo",2318.0,Lang (>1500km)
69d400827dca6ba0935a8758,HAM,CTA,ab DE,HAM,Hub,Catania,CTA,3,113,1,16,2,"fluegede,idealo",1839.0,Lang (>1500km)
69d400827dca6ba0935a8733,FCO,HAJ,nach DE,HAJ,Provinz,Rome,FCO,3,107,2,10,2,"fluegede,idealo",1201.0,Mittel (500-1500km)
69d400827dca6ba0935a9cc2,MUC,MAH,ab DE,MUC,Hub,Menorca Island,MAH,3,94,3,14,2,"fluegede,idealo",1120.0,Mittel (500-1500km)
69d400827dca6ba0935a9ddb,ZTH,DUS,nach DE,DUS,Hub,Zakynthos Island,ZTH,3,84,3,14,2,"fluegede,idealo",1869.0,Lang (>1500km)
69d400827dca6ba0935a86bd,CGN,DUB,ab DE,CGN,Hub,Dublin,DUB,3,84,1,5,2,"fluegede,idealo",957.0,Mittel (500-1500km)
69d400827dca6ba0935a9ca3,MAH,MUC,nach DE,MUC,Hub,Menorca Island,MAH,3,83,3,15,2,"fluegede,idealo",1120.0,Mittel (500-1500km)
69d400827dca6ba0935ae7d3,KWI,FRA,nach DE,FRA,Hub,Kuwait City,KWI,3,81,1,13,2,"fluegede,idealo",4023.0,Lang (>1500km)
69d400827dca6ba0935a9cd2,MUC,ZTH,ab DE,MUC,Hub,Zakynthos Island,ZTH,3,80,4,19,2,"fluegede,idealo",1389.0,Mittel (500-1500km)
69d400827dca6ba0935a86ba,CGN,CTA,ab DE,CGN,Hub,Catania,CTA,3,77,1,8,2,"fluegede,idealo",1616.0,Lang (>1500km)
69d400827dca6ba0935a8775,HAM,VRN,ab DE,HAM,Hub,Verona,VRN,3,63,1,9,2,"fluegede,idealo",918.0,Mittel (500-1500km)
69d400827dca6ba0935a8816,STR,ZAG,ab DE,STR,Hub,Zagreb,ZAG,3,63,1,7,2,"fluegede,idealo",612.0,Mittel (500-1500km)
69d400827dca6ba0935a9b8f,BDS,MUC,nach DE,MUC,Hub,Brindisi,BDS,3,61,2,6,2,"fluegede,idealo",985.0,Mittel (500-1500km)
69d400827dca6ba0935a87a8,NAP,CGN,nach DE,CGN,Hub,Napoli,NAP,3,60,1,8,2,"fluegede,idealo",1239.0,Mittel (500-1500km)
69d400827dca6ba0935a9ca9,MUC,ACE,ab DE,MUC,Hub,Lanzarote Island,ACE,3,56,2,15,2,"fluegede,idealo",3058.0,Lang (>1500km)
69d400827dca6ba0935a9b64,ACE,MUC,nach DE,MUC,Hub,Lanzarote Island,ACE,3,51,2,10,2,"fluegede,idealo",3058.0,Lang (>1500km)
69d400827dca6ba0935a87c6,PRN,HAM,nach DE,HAM,Hub,Lipjan,PRN,3,51,2,8,2,"fluegede,idealo",1474.0,Mittel (500-1500km)
69d400827dca6ba0935a86de,CGN,SJJ,ab DE,CGN,Hub,Sarajevo,SJJ,3,49,1,6,2,"fluegede,idealo",1148.0,Mittel (500-1500km)
69d400827dca6ba0935a9baf,CGN,TFS,ab DE,CGN,Hub,Tenerife Island,TFS,3,48,2,12,2,"fluegede,idealo",3224.0,Lang (>1500km)
69d400827dca6ba0935a9d5c,TFS,HAM,nach DE,HAM,Hub,Tenerife Island,TFS,3,47,1,10,2,"fluegede,idealo",3574.0,Lang (>1500km)
69d400827dca6ba0935a8818,SUF,DUS,nach DE,DUS,Hub,Lamezia Terme,SUF,3,45,2,8,2,"fluegede,idealo",1562.0,Lang (>1500km)
69d400827dca6ba0935a9d58,TFS,CGN,nach DE,CGN,Hub,Tenerife Island,TFS,3,37,2,10,2,"fluegede,idealo",3224.0,Lang (>1500km)
69d400827dca6ba0935a87c5,PRN,HAJ,nach DE,HAJ,Provinz,Lipjan,PRN,3,34,2,7,2,"fluegede,idealo",1388.0,Mittel (500-1500km)
69d400827dca6ba0935a9c8e,LEJ,TFS,ab DE,LEJ,Provinz,Tenerife Island,TFS,3,34,2,7,2,"fluegede,idealo",3538.0,Lang (>1500km)
69d400827dca6ba0935a9c89,LEJ,FUE,ab DE,LEJ,Provinz,Fuerteventura Island,FUE,3,32,2,7,2,"fluegede,idealo",3352.0,Lang (>1500km)
69d400827dca6ba0935a86d7,CGN,PSA,ab DE,CGN,Hub,Pisa,PSA,3,30,2,4,2,"fluegede,idealo",835.0,Mittel (500-1500km)
69d400827dca6ba0935a9bac,CGN,MAH,ab DE,CGN,Hub,Menorca Island,MAH,3,30,1,4,2,"fluegede,idealo",1244.0,Mittel (500-1500km)
69d400827dca6ba0935a9cbf,MUC,KVA,ab DE,MUC,Hub,Kavala,KVA,3,27,1,6,2,"fluegede,idealo",1307.0,Mittel (500-1500km)
69d400827dca6ba0935a879f,MAN,CGN,nach DE,CGN,Hub,Manchester,MAN,3,26,2,4,2,"fluegede,idealo",699.0,Mittel (500-1500km)
69d400827dca6ba0935a9be3,DUS,KVA,ab DE,DUS,Hub,Kavala,KVA,3,24,2,5,2,"fluegede,idealo",1788.0,Lang (>1500km)
69d400827dca6ba0935ad3bd,SKG,FKB,nach DE,FKB,Provinz,Thessaloniki,SKG,3,24,1,2,2,"fluegede,idealo",1489.0,Mittel (500-1500km)
69d400827dca6ba0935a8706,DUB,CGN,nach DE,CGN,Hub,Dublin,DUB,3,23,1,4,2,"fluegede,idealo",957.0,Mittel (500-1500km)
69d400827dca6ba0935accd4,ALC,NUE,nach DE,NUE,Provinz,Alicante,ALC,3,23,1,4,2,"fluegede,idealo",1553.0,Lang (>1500km)
69d400827dca6ba0935a8690,BDS,STR,nach DE,STR,Hub,Brindisi,BDS,3,20,1,4,2,"fluegede,idealo",1127.0,Mittel (500-1500km)
69d400827dca6ba0935a9ca1,MAH,CGN,nach DE,CGN,Hub,Menorca Island,MAH,3,18,1,4,2,"fluegede,idealo",1244.0,Mittel (500-1500km)
69d400827dca6ba0935a9bf3,DUS,SMI,ab DE,DUS,Hub,Samos Island,SMI,3,16,3,7,2,"fluegede,idealo",2186.0,Lang (>1500km)
69d400827dca6ba0935acfef,FEZ,HHN,nach DE,HHN,Provinz,Fes,FEZ,3,14,2,8,2,"fluegede,idealo",2043.0,Lang (>1500km)
69d400827dca6ba0935a9d5d,TFS,LEJ,nach DE,LEJ,Provinz,Tenerife Island,TFS,3,14,1,4,2,"fluegede,idealo",3538.0,Lang (>1500km)
69d400827dca6ba0935a87ed,STR,BDS,ab DE,STR,Hub,Brindisi,BDS,3,14,1,3,3,"check24,fluegede,idealo",1127.0,Mittel (500-1500km)
69d400827dca6ba0935ae931,FRA,BIA,ab DE,FRA,Hub,Bastia/Poretta,BIA,3,13,1,5,2,"fluegede,idealo",834.0,Mittel (500-1500km)
69d400827dca6ba0935ae8db,BIA,FRA,nach DE,FRA,Hub,Bastia/Poretta,BIA,3,13,1,4,2,"fluegede,idealo",834.0,Mittel (500-1500km)
69d400827dca6ba0935ad088,HHN,FAO,ab DE,HHN,Provinz,Faro,FAO,3,13,1,2,2,"fluegede,idealo",1884.0,Lang (>1500km)
69d400827dca6ba0935b2896,CGN,DLM,ab DE,CGN,Hub,Dalaman,DLM,3,12,1,2,2,"fluegede,idealo",2328.0,Lang (>1500km)
69d400827dca6ba0935a9c97,LPA,NUE,nach DE,NUE,Provinz,Gran Canaria Island,LPA,3,11,3,5,2,"fluegede,idealo",3286.0,Lang (>1500km)
69d400827dca6ba0935ad228,NRN,BGY,ab DE,NRN,Provinz,Bergamo,BGY,3,11,1,2,2,"fluegede,idealo",709.0,Mittel (500-1500km)
69d400827dca6ba0935a836d,NAP,FMM,nach DE,FMM,Provinz,Napoli,NAP,3,11,1,2,2,"fluegede,idealo",852.0,Mittel (500-1500km)
69d400827dca6ba0935a83da,NDR,CGN,nach DE,CGN,Hub,Nador,NDR,3,10,2,5,2,"fluegede,idealo",1946.0,Lang (>1500km)
69d400827dca6ba0935acd39,BGY,NRN,nach DE,NRN,Provinz,Bergamo,BGY,3,10,1,2,2,"fluegede,idealo",709.0,Mittel (500-1500km)
69d400827dca6ba0935a86d1,CGN,NAP,ab DE,CGN,Hub,Napoli,NAP,3,10,1,1,2,"fluegede,idealo",1239.0,Mittel (500-1500km)
69d400827dca6ba0935a86f0,CTA,CGN,nach DE,CGN,Hub,Catania,CTA,3,10,1,1,2,"fluegede,idealo",1616.0,Lang (>1500km)
69d400827dca6ba0935b391d,FRA,BRI,ab DE,FRA,Hub,Bari,BRI,3,9,2,3,2,"fluegede,idealo",1176.0,Mittel (500-1500km)
69d400827dca6ba0935b2351,BRI,FRA,nach DE,FRA,Hub,Bari,BRI,3,9,2,3,2,"fluegede,idealo",1176.0,Mittel (500-1500km)
69d400827dca6ba0935b30d7,DLM,CGN,nach DE,CGN,Hub,Dalaman,DLM,3,9,1,2,2,"fluegede,idealo",2328.0,Lang (>1500km)
69d400827dca6ba0935acff8,FKB,BRI,ab DE,FKB,Provinz,Bari,BRI,3,8,1,4,2,"fluegede,idealo",1089.0,Mittel (500-1500km)
69d400827dca6ba0935ad3fb,STN,FMM,nach DE,FMM,Provinz,London,STN,3,8,1,2,2,"fluegede,idealo",836.0,Mittel (500-1500km)
69d400827dca6ba0935a8365,FDH,HAM,Inland,FDH,Provinz,,,3,7,2,4,2,"fluegede,idealo",663.0,Mittel (500-1500km)
69d400827dca6ba0935b2bef,COV,CGN,nach DE,CGN,Hub,Tarsus,COV,3,7,2,2,2,"fluegede,idealo",2699.0,Lang (>1500km)
69d400827dca6ba0935ae988,GWT,FRA,Inland,GWT,Provinz,,,3,7,1,3,2,"fluegede,idealo",544.0,Mittel (500-1500km)
69d400827dca6ba0935ad090,HHN,NDR,ab DE,HHN,Provinz,Nador,NDR,3,7,1,3,2,"fluegede,idealo",1861.0,Lang (>1500km)
69d400827dca6ba0935ad330,PSR,HHN,nach DE,HHN,Provinz,Pescara,PSR,3,7,1,2,2,"fluegede,idealo",990.0,Mittel (500-1500km)
69d400827dca6ba0935b2894,CGN,BJV,ab DE,CGN,Hub,Bodrum,BJV,3,7,1,2,2,"fluegede,idealo",2218.0,Lang (>1500km)
69d400827dca6ba0935b8056,VAR,CGN,nach DE,CGN,Hub,Varna,VAR,3,7,1,1,2,"fluegede,idealo",1774.0,Lang (>1500km)
69d400827dca6ba0935b3ee7,HER,BRE,nach DE,BRE,Provinz,Heraklion,HER,3,6,3,4,2,"fluegede,idealo",2351.0,Lang (>1500km)
69d400827dca6ba0935a835e,DUS,FDH,Inland,DUS,Hub,,,3,6,2,4,2,"fluegede,idealo",448.0,Kurz (0-500km)
69d400827dca6ba0935a8363,FDH,DUS,Inland,FDH,Provinz,,,3,6,2,4,2,"fluegede,idealo",448.0,Kurz (0-500km)
69d400827dca6ba0935abd91,LEJ,LPA,ab DE,LEJ,Provinz,Gran Canaria Island,LPA,3,6,2,4,2,"fluegede,idealo",3483.0,Lang (>1500km)
69d400827dca6ba0935b805a,VAR,MUC,nach DE,MUC,Hub,Varna,VAR,3,6,2,3,2,"fluegede,idealo",1364.0,Mittel (500-1500km)
69d400827dca6ba0935b5a61,MUC,VAR,ab DE,MUC,Hub,Varna,VAR,3,6,2,3,2,"fluegede,idealo",1364.0,Mittel (500-1500km)
69d400827dca6ba0935b4a6a,KIX,MUC,nach DE,MUC,Hub,Osaka,KIX,3,6,2,2,2,"fluegede,idealo",9239.0,Lang (>1500km)
69d400827dca6ba0935b32fa,DUS,COV,ab DE,DUS,Hub,Tarsus,COV,3,6,2,2,2,"fluegede,idealo",2742.0,Lang (>1500km)
69d400827dca6ba0935abd94,LPA,LEJ,nach DE,LEJ,Provinz,Gran Canaria Island,LPA,3,6,1,3,2,"fluegede,idealo",3483.0,Lang (>1500km)
69d400827dca6ba0935accac,AHO,FMM,nach DE,FMM,Provinz,Alghero,AHO,3,6,1,2,2,"fluegede,idealo",833.0,Mittel (500-1500km)
69d400827dca6ba0935b5eb6,NRN,TIA,ab DE,NRN,Provinz,Tirana,TIA,3,6,1,2,2,"fluegede,idealo",1532.0,Lang (>1500km)
69d400827dca6ba0935b6340,PAD,HER,ab DE,PAD,Provinz,Heraklion,HER,3,6,1,1,2,"fluegede,idealo",2238.0,Lang (>1500km)
69d400827dca6ba0935b288b,CGN,VAR,ab DE,CGN,Hub,Varna,VAR,3,6,1,1,2,"fluegede,idealo",1774.0,Lang (>1500km)
69d400827dca6ba0935b391a,FRA,UBN,ab DE,FRA,Hub,Ulaanbaatar,UBN,3,6,1,1,2,"fluegede,idealo",6642.0,Lang (>1500km)
69d400827dca6ba0935b5a7c,MUC,MIR,ab DE,MUC,Hub,Monastir,MIR,3,5,3,4,2,"fluegede,idealo",1403.0,Mittel (500-1500km)
69d400827dca6ba0935a87c9,PSA,CGN,nach DE,CGN,Hub,Pisa,PSA,3,5,2,3,2,"fluegede,idealo",835.0,Mittel (500-1500km)
69d400827dca6ba0935a9cb0,MUC,BDS,ab DE,MUC,Hub,Brindisi,BDS,3,5,2,3,2,"fluegede,idealo",985.0,Mittel (500-1500km)
69d400827dca6ba0935b32fe,DUS,GZT,ab DE,DUS,Hub,Gaziantep,GZT,3,5,2,2,2,"fluegede,idealo",2892.0,Lang (>1500km)
69d400827dca6ba0935b2895,CGN,COV,ab DE,CGN,Hub,Tarsus,COV,3,5,2,2,2,"fluegede,idealo",2699.0,Lang (>1500km)
69d400827dca6ba0935acff9,FKB,CAG,ab DE,FKB,Provinz,Cagliari,CAG,3,5,1,3,2,"fluegede,idealo",1062.0,Mittel (500-1500km)
69d400827dca6ba0935b6804,PRN,FMO,nach DE,FMO,Provinz,Lipjan,PRN,3,5,1,2,2,"fluegede,idealo",1459.0,Mittel (500-1500km)
69d400827dca6ba0935a8850,ZAG,STR,nach DE,STR,Hub,Zagreb,ZAG,3,5,1,2,2,"fluegede,idealo",612.0,Mittel (500-1500km)
69d400827dca6ba0935a8369,FMM,NAP,ab DE,FMM,Provinz,Napoli,NAP,3,5,1,2,2,"fluegede,idealo",852.0,Mittel (500-1500km)
69d400827dca6ba0935b3eec,HER,PAD,nach DE,PAD,Provinz,Heraklion,HER,3,5,1,1,2,"fluegede,idealo",2238.0,Lang (>1500km)
69d400827dca6ba0935ad081,HHN,BRI,ab DE,HHN,Provinz,Bari,BRI,3,5,1,1,2,"fluegede,idealo",1225.0,Mittel (500-1500km)
69d400827dca6ba0935ae994,HKG,MUC,nach DE,MUC,Hub,Hong Kong,HKG,3,5,1,1,2,"fluegede,idealo",9019.0,Lang (>1500km)
69d400827dca6ba0935b3930,FRA,COV,ab DE,FRA,Hub,Tarsus,COV,3,5,1,1,2,"fluegede,idealo",2570.0,Lang (>1500km)
69d400827dca6ba0935b3313,DUS,SZF,ab DE,DUS,Hub,Samsun,SZF,3,5,1,1,2,"fluegede,idealo",2524.0,Lang (>1500km)
69d400827dca6ba0935b72c0,SKP,STR,nach DE,STR,Hub,Skopje,SKP,3,5,1,1,2,"fluegede,idealo",1222.0,Mittel (500-1500km)
69d400827dca6ba0935b7562,STR,SKP,ab DE,STR,Hub,Skopje,SKP,3,5,1,1,2,"fluegede,idealo",1222.0,Mittel (500-1500km)
69d400827dca6ba0935b583c,MLA,FMM,nach DE,FMM,Provinz,Luqa,MLA,3,5,1,1,2,"fluegede,idealo",1393.0,Mittel (500-1500km)
69d400827dca6ba0935b5cfd,NDR,NRN,nach DE,NRN,Provinz,Nador,NDR,3,5,1,1,2,"fluegede,idealo",1987.0,Lang (>1500km)
69d400827dca6ba0935b1dab,BER,LPA,ab DE,BER,Hub,Gran Canaria Island,LPA,3,4,5,5,2,"fluegede,idealo",3615.0,Lang (>1500km)
69d400827dca6ba0935b5247,LPA,BER,nach DE,BER,Hub,Gran Canaria Island,LPA,3,4,5,5,2,"fluegede,idealo",3615.0,Lang (>1500km)
69d400827dca6ba0935b3897,FNC,BER,nach DE,BER,Hub,Funchal,FNC,3,4,4,4,2,"fluegede,idealo",3264.0,Lang (>1500km)
69d400827dca6ba0935b2321,BRE,HER,ab DE,BRE,Provinz,Heraklion,HER,3,4,4,4,2,"fluegede,idealo",2351.0,Lang (>1500km)
69d400827dca6ba0935b8974,YYC,MUC,nach DE,MUC,Hub,Calgary,YYC,3,4,3,3,2,"fluegede,idealo",7814.0,Lang (>1500km)
69d400827dca6ba0935b4874,JSI,MUC,nach DE,MUC,Hub,Skiathos,JSI,3,4,3,3,2,"fluegede,idealo",1385.0,Mittel (500-1500km)
69d400827dca6ba0935b59c6,MSP,FRA,nach DE,FRA,Hub,Minneapolis,MSP,3,4,3,3,2,"fluegede,idealo",7048.0,Lang (>1500km)
69d400827dca6ba0935b5a82,MUC,YYC,ab DE,MUC,Hub,Calgary,YYC,3,4,3,3,2,"fluegede,idealo",7814.0,Lang (>1500km)
69d400827dca6ba0935b5a7a,MUC,JSI,ab DE,MUC,Hub,Skiathos,JSI,3,4,3,3,2,"fluegede,idealo",1385.0,Mittel (500-1500km)
69d400827dca6ba0935b5c5d,NBJ,FRA,nach DE,FRA,Hub,Luanda,NBJ,3,4,3,3,2,"fluegede,idealo",6586.0,Lang (>1500km)
69d400827dca6ba0935b6ca2,RMO,HAM,nach DE,HAM,Hub,Chișinău,RMO,3,4,3,3,2,"fluegede,idealo",1532.0,Lang (>1500km)
69d400827dca6ba0935b391f,FRA,MSP,ab DE,FRA,Hub,Minneapolis,MSP,3,4,3,3,2,"fluegede,idealo",7048.0,Lang (>1500km)
69d400827dca6ba0935b7e59,TUN,BER,nach DE,BER,Hub,Tunis,TUN,3,4,2,2,2,"fluegede,idealo",1744.0,Lang (>1500km)
69d400827dca6ba0935b1214,FRA,MCT,ab DE,FRA,Hub,Muscat,MCT,3,4,2,2,2,"fluegede,idealo",5181.0,Lang (>1500km)
69d400827dca6ba0935b18f4,ANC,FRA,nach DE,FRA,Hub,Anchorage,ANC,3,4,2,2,2,"fluegede,idealo",7503.0,Lang (>1500km)
69d400827dca6ba0935b1e17,BER,DBV,ab DE,BER,Hub,Dubrovnik,DBV,3,4,2,2,2,"fluegede,idealo",1147.0,Mittel (500-1500km)
69d400827dca6ba0935b2f06,DBV,BER,nach DE,BER,Hub,Dubrovnik,DBV,3,4,2,2,2,"fluegede,idealo",1147.0,Mittel (500-1500km)
69d400827dca6ba0935b7795,SZF,DUS,nach DE,DUS,Hub,Samsun,SZF,3,4,2,2,2,"fluegede,idealo",2524.0,Lang (>1500km)
69d400827dca6ba0935a9c7f,KVA,DUS,nach DE,DUS,Hub,Kavala,KVA,3,4,2,2,2,"fluegede,idealo",1788.0,Lang (>1500km)
69d400827dca6ba0935b19cf,ASR,STR,nach DE,STR,Hub,Kayseri,ASR,3,4,2,2,2,"fluegede,idealo",2365.0,Lang (>1500km)
69d400827dca6ba0935b6c2a,RJK,MUC,nach DE,MUC,Hub,Rijeka,RJK,3,4,2,2,2,"fluegede,idealo",408.0,Kurz (0-500km)
69d400827dca6ba0935b34d0,EFL,FRA,nach DE,FRA,Hub,Kefallinia Island,EFL,3,4,2,2,2,"fluegede,idealo",1628.0,Lang (>1500km)
69d400827dca6ba0935a836b,HAM,FDH,Inland,HAM,Hub,,,3,4,2,2,2,"fluegede,idealo",663.0,Mittel (500-1500km)
69d400827dca6ba0935a8741,HAJ,FCO,ab DE,HAJ,Provinz,Rome,FCO,3,4,2,2,2,"fluegede,idealo",1201.0,Mittel (500-1500km)
69d400827dca6ba0935b1221,MCT,FRA,nach DE,FRA,Hub,Muscat,MCT,3,4,2,2,2,"fluegede,idealo",5181.0,Lang (>1500km)
69d400827dca6ba0935b1e0c,BER,TUN,ab DE,BER,Hub,Tunis,TUN,3,4,2,2,2,"fluegede,idealo",1744.0,Lang (>1500km)
69d400827dca6ba0935b63c5,PDX,FRA,nach DE,FRA,Hub,Portland,PDX,3,4,2,2,2,"fluegede,idealo",8387.0,Lang (>1500km)
69d400827dca6ba0935b8352,WDH,MUC,nach DE,MUC,Hub,Windhoek,WDH,3,4,2,2,2,"fluegede,idealo",7897.0,Lang (>1500km)
69d400827dca6ba0935b5a6a,MUC,RJK,ab DE,MUC,Hub,Rijeka,RJK,3,4,2,2,2,"fluegede,idealo",408.0,Kurz (0-500km)
69d400827dca6ba0935b5a5f,MUC,PFO,ab DE,MUC,Hub,Paphos,PFO,3,4,1,2,2,"fluegede,idealo",2282.0,Lang (>1500km)
69d400827dca6ba0935b6488,PFO,MUC,nach DE,MUC,Hub,Paphos,PFO,3,4,1,2,2,"fluegede,idealo",2282.0,Lang (>1500km)
69d400827dca6ba0935b7563,STR,SOF,ab DE,STR,Hub,Sofia,SOF,3,4,1,2,2,"fluegede,idealo",1285.0,Mittel (500-1500km)
69d400827dca6ba0935a9c2a,FUE,LEJ,nach DE,LEJ,Provinz,Fuerteventura Island,FUE,3,4,1,2,2,"fluegede,idealo",3352.0,Lang (>1500km)
69d400827dca6ba0935a87d8,SJJ,CGN,nach DE,CGN,Hub,Sarajevo,SJJ,3,4,1,2,2,"fluegede,idealo",1148.0,Mittel (500-1500km)
69d400827dca6ba0935b73b8,SOF,STR,nach DE,STR,Hub,Sofia,SOF,3,4,1,2,2,"fluegede,idealo",1285.0,Mittel (500-1500km)
69d400827dca6ba0935b3885,FMO,PRN,ab DE,FMO,Provinz,Lipjan,PRN,3,4,1,2,2,"fluegede,idealo",1459.0,Mittel (500-1500km)
69d400827dca6ba0935a878d,KRK,STR,nach DE,STR,Hub,Kraków,KRK,3,4,1,1,3,"check24,fluegede,idealo",779.0,Mittel (500-1500km)
69d400827dca6ba0935b81db,VNO,NUE,nach DE,NUE,Provinz,Vilnius,VNO,3,4,1,1,2,"fluegede,idealo",1124.0,Mittel (500-1500km)
69d400827dca6ba0935b5f50,NUE,OTP,ab DE,NUE,Provinz,Bucharest,OTP,3,4,1,1,2,"fluegede,idealo",1261.0,Mittel (500-1500km)
69d400827dca6ba0935b1dec,BER,TZL,ab DE,BER,Hub,Tuzla,TZL,3,4,1,1,2,"fluegede,idealo",959.0,Mittel (500-1500km)
69d400827dca6ba0935b3906,FRA,CPT,ab DE,FRA,Hub,Cape Town,CPT,3,4,1,1,2,"fluegede,idealo",9392.0,Lang (>1500km)
69d400827dca6ba0935b37d2,FKB,AGA,ab DE,FKB,Provinz,Agadir,AGA,3,4,1,1,2,"fluegede,idealo",2529.0,Lang (>1500km)
69d400827dca6ba0935a9d48,STR,VCE,ab DE,STR,Hub,Venezia,VCE,3,4,1,1,2,"fluegede,idealo",426.0,Kurz (0-500km)
69d400827dca6ba0935abd6c,FUE,STR,nach DE,STR,Hub,Fuerteventura Island,FUE,3,4,1,1,2,"fluegede,idealo",2991.0,Lang (>1500km)
69d400827dca6ba0935b3dac,HAM,SOF,ab DE,HAM,Hub,Sofia,SOF,3,4,1,1,2,"fluegede,idealo",1566.0,Lang (>1500km)
69d400827dca6ba0935b782b,SZY,DTM,nach DE,DTM,Provinz,Szymany,SZY,3,4,1,1,2,"fluegede,idealo",927.0,Mittel (500-1500km)
69d400827dca6ba0935b5eaf,NRN,ZAG,ab DE,NRN,Provinz,Zagreb,ZAG,3,4,1,1,2,"fluegede,idealo",976.0,Mittel (500-1500km)
69d400827dca6ba0935b5f61,NUE,CAG,ab DE,NUE,Provinz,Cagliari,CAG,3,4,1,1,2,"fluegede,idealo",1150.0,Mittel (500-1500km)
69d400827dca6ba0935b5f4a,NUE,SBZ,ab DE,NUE,Provinz,Sibiu,SBZ,3,4,1,1,2,"fluegede,idealo",1058.0,Mittel (500-1500km)
69d400827dca6ba0935b34b5,EDO,DUS,nach DE,DUS,Hub,Edremit,EDO,3,4,1,1,2,"fluegede,idealo",2037.0,Lang (>1500km)
69d400827dca6ba0935b124d,HAJ,TFS,ab DE,HAJ,Provinz,Tenerife Island,TFS,3,4,1,1,2,"fluegede,idealo",3473.0,Lang (>1500km)
69d400827dca6ba0935b75de,SUF,FKB,nach DE,FKB,Provinz,Lamezia Terme,SUF,3,4,1,1,2,"fluegede,idealo",1277.0,Mittel (500-1500km)
69d400827dca6ba0935b326e,DTM,RMO,ab DE,DTM,Provinz,Chișinău,RMO,3,4,1,1,2,"fluegede,idealo",1623.0,Lang (>1500km)
69d400827dca6ba0935b0d41,ZRH,BRE,nach DE,BRE,Provinz,Zurich,ZRH,3,4,1,1,2,"fluegede,idealo",621.0,Mittel (500-1500km)
69d400827dca6ba0935b2237,BOJ,STR,nach DE,STR,Hub,Burgas,BOJ,3,4,1,1,2,"fluegede,idealo",1572.0,Lang (>1500km)
69d400827dca6ba0935b2d34,CTA,FMM,nach DE,FMM,Provinz,Catania,CTA,3,4,1,1,2,"fluegede,idealo",1234.0,Mittel (500-1500km)
69d400827dca6ba0935b755d,STR,BOJ,ab DE,STR,Hub,Burgas,BOJ,3,4,1,1,2,"fluegede,idealo",1572.0,Lang (>1500km)
69d400827dca6ba0935b28af,CGN,RMI,ab DE,CGN,Hub,Rimini,RMI,3,4,1,1,2,"fluegede,idealo",865.0,Mittel (500-1500km)
69d400827dca6ba0935ae9f2,MUC,MEX,ab DE,MUC,Hub,Mexico City,MEX,3,4,1,1,2,"fluegede,idealo",9845.0,Lang (>1500km)
69d400827dca6ba0935a9d9b,VCE,STR,nach DE,STR,Hub,Venezia,VCE,3,4,1,1,2,"fluegede,idealo",426.0,Kurz (0-500km)
69d400827dca6ba0935b1e12,BER,BIO,ab DE,BER,Hub,Bilbao,BIO,3,4,1,1,2,"fluegede,idealo",1580.0,Lang (>1500km)
69d400827dca6ba0935b385e,FMM,RMO,ab DE,FMM,Provinz,Chișinău,RMO,3,4,1,1,2,"fluegede,idealo",1407.0,Mittel (500-1500km)
69d400827dca6ba0935b6f00,SBZ,NUE,nach DE,NUE,Provinz,Sibiu,SBZ,3,4,1,1,2,"fluegede,idealo",1058.0,Mittel (500-1500km)
69d400827dca6ba0935a8801,STR,KRK,ab DE,STR,Hub,Kraków,KRK,3,4,1,1,2,"fluegede,idealo",779.0,Mittel (500-1500km)
69d400827dca6ba0935a9c06,FDH,PMI,ab DE,FDH,Provinz,Palma De Mallorca,PMI,3,4,1,1,2,"fluegede,idealo",1054.0,Mittel (500-1500km)
69d400827dca6ba0935b5f4c,NUE,BRI,ab DE,NUE,Provinz,Bari,BRI,3,4,1,1,2,"fluegede,idealo",1030.0,Mittel (500-1500km)
69d400827dca6ba0935b2653,CAG,NUE,nach DE,NUE,Provinz,Cagliari,CAG,3,4,1,1,2,"fluegede,idealo",1150.0,Mittel (500-1500km)
69d400827dca6ba0935b7d80,TRS,BER,nach DE,BER,Hub,Trieste,TRS,3,4,1,1,2,"fluegede,idealo",727.0,Mittel (500-1500km)
69d400827dca6ba0935b37ca,FKB,SUF,ab DE,FKB,Provinz,Lamezia Terme,SUF,3,4,1,1,2,"fluegede,idealo",1277.0,Mittel (500-1500km)
69d400827dca6ba0935b2943,CHQ,STR,nach DE,STR,Hub,Souda,CHQ,3,4,1,1,2,"fluegede,idealo",1905.0,Lang (>1500km)
69d400827dca6ba0935a878a,KLU,CGN,nach DE,CGN,Hub,Klagenfurt am Worthersee,KLU,3,4,1,1,2,"fluegede,idealo",706.0,Mittel (500-1500km)
69d400827dca6ba0935b0d1b,BRE,ZRH,ab DE,BRE,Provinz,Zurich,ZRH,3,4,1,1,2,"fluegede,idealo",621.0,Mittel (500-1500km)
69d400827dca6ba0935b4d35,KUT,FMM,nach DE,FMM,Provinz,Kutaisi,KUT,3,4,1,1,2,"fluegede,idealo",2592.0,Lang (>1500km)
69d400827dca6ba0935b3309,DUS,EDO,ab DE,DUS,Hub,Edremit,EDO,3,4,1,1,2,"fluegede,idealo",2037.0,Lang (>1500km)
69d400827dca6ba0935b5f4f,NUE,VNO,ab DE,NUE,Provinz,Vilnius,VNO,3,4,1,1,2,"fluegede,idealo",1124.0,Mittel (500-1500km)
69d400827dca6ba0935b6ab2,RBA,NRN,nach DE,NRN,Provinz,Rabat,RBA,3,4,1,1,2,"fluegede,idealo",2209.0,Lang (>1500km)
69d400827dca6ba0935ae9c1,MEX,MUC,nach DE,MUC,Hub,Mexico City,MEX,3,4,1,1,2,"fluegede,idealo",9845.0,Lang (>1500km)
69d400827dca6ba0935b37d0,FKB,BEG,ab DE,FKB,Provinz,Belgrad,BEG,3,4,1,1,2,"fluegede,idealo",1028.0,Mittel (500-1500km)
69d400827dca6ba0935b222f,BOJ,HAM,nach DE,HAM,Hub,Burgas,BOJ,3,4,1,1,2,"fluegede,idealo",1782.0,Lang (>1500km)
69d400827dca6ba0935b3865,FMM,KUT,ab DE,FMM,Provinz,Kutaisi,KUT,3,4,1,1,2,"fluegede,idealo",2592.0,Lang (>1500km)
69d400827dca6ba0935ad004,FMM,AHO,ab DE,FMM,Provinz,Alghero,AHO,3,4,1,1,2,"fluegede,idealo",833.0,Mittel (500-1500km)
69d400827dca6ba0935b7ede,TZL,HAM,nach DE,HAM,Hub,Tuzla,TZL,3,4,1,1,2,"fluegede,idealo",1200.0,Mittel (500-1500km)
69d400827dca6ba0935b3267,DTM,WAW,ab DE,DTM,Provinz,Warsaw,WAW,3,4,1,1,2,"fluegede,idealo",919.0,Mittel (500-1500km)
69d400827dca6ba0935b3862,FMM,CTA,ab DE,FMM,Provinz,Catania,CTA,3,4,1,1,2,"fluegede,idealo",1234.0,Mittel (500-1500km)
69d400827dca6ba0935a8768,HAM,OLB,ab DE,HAM,Hub,Olbia,OLB,3,4,1,1,2,"fluegede,idealo",1416.0,Mittel (500-1500km)
69d400827dca6ba0935b3f9e,HHN,VNO,ab DE,HHN,Provinz,Vilnius,VNO,3,4,1,1,2,"fluegede,idealo",1327.0,Mittel (500-1500km)
69d400827dca6ba0935b73b5,SOF,HAM,nach DE,HAM,Hub,Sofia,SOF,3,4,1,1,2,"fluegede,idealo",1566.0,Lang (>1500km)
69d400827dca6ba0935acfdb,FAO,HHN,nach DE,HHN,Provinz,Faro,FAO,3,4,1,1,2,"fluegede,idealo",1884.0,Lang (>1500km)
69d400827dca6ba0935b3dae,HAM,TZL,ab DE,HAM,Hub,Tuzla,TZL,3,4,1,1,2,"fluegede,idealo",1200.0,Mittel (500-1500km)
69d400827dca6ba0935b6c84,RMI,CGN,nach DE,CGN,Hub,Rimini,RMI,3,4,1,1,2,"fluegede,idealo",865.0,Mittel (500-1500km)
69d400827dca6ba0935b1deb,BER,TRS,ab DE,BER,Hub,Trieste,TRS,3,4,1,1,2,"fluegede,idealo",727.0,Mittel (500-1500km)
69d400827dca6ba0935b1261,TFS,HAJ,nach DE,HAJ,Provinz,Tenerife Island,TFS,3,4,1,1,2,"fluegede,idealo",3473.0,Lang (>1500km)
69d400827dca6ba0935b629a,OTP,NUE,nach DE,NUE,Provinz,Bucharest,OTP,3,4,1,1,2,"fluegede,idealo",1261.0,Mittel (500-1500km)
69d400827dca6ba0935b390e,FRA,ANC,ab DE,FRA,Hub,Anchorage,ANC,3,4,1,1,2,"fluegede,idealo",7503.0,Lang (>1500km)
69d400827dca6ba0935a86c9,CGN,KLU,ab DE,CGN,Hub,Klagenfurt am Worthersee,KLU,3,4,1,1,2,"fluegede,idealo",706.0,Mittel (500-1500km)
69d400827dca6ba0935b3870,FMM,TNG,ab DE,FMM,Provinz,Tangier,TNG,3,4,1,1,2,"fluegede,idealo",1903.0,Lang (>1500km)
69d400827dca6ba0935b3da1,HAM,BOJ,ab DE,HAM,Hub,Burgas,BOJ,3,4,1,1,2,"fluegede,idealo",1782.0,Lang (>1500km)
69d400827dca6ba0935a9d09,PMI,FDH,nach DE,FDH,Provinz,Palma De Mallorca,PMI,3,4,1,1,2,"fluegede,idealo",1054.0,Mittel (500-1500km)
69d400827dca6ba0935b393b,FRA,ASR,ab DE,FRA,Hub,Kayseri,ASR,3,4,1,1,2,"fluegede,idealo",2460.0,Lang (>1500km)
69d400827dca6ba0935b552f,MAN,STR,nach DE,STR,Hub,Manchester,MAN,3,4,1,1,2,"fluegede,idealo",955.0,Mittel (500-1500km)
69d400827dca6ba0935b395d,FRA,TRD,ab DE,FRA,Hub,Trondheim,TRD,3,4,1,1,2,"fluegede,idealo",1500.0,Lang (>1500km)
69d400827dca6ba0935b5f4b,NUE,SOF,ab DE,NUE,Provinz,Sofia,SOF,3,4,1,1,2,"fluegede,idealo",1213.0,Mittel (500-1500km)
69d400827dca6ba0935b5f55,NUE,SKP,ab DE,NUE,Provinz,Skopje,SKP,3,4,1,1,2,"fluegede,idealo",1170.0,Mittel (500-1500km)
69d400827dca6ba0935b5eb2,NRN,RBA,ab DE,NRN,Provinz,Rabat,RBA,3,4,1,1,2,"fluegede,idealo",2209.0,Lang (>1500km)
69d400827dca6ba0935b6cb5,RMO,FMM,nach DE,FMM,Provinz,Chișinău,RMO,3,4,1,1,2,"fluegede,idealo",1407.0,Mittel (500-1500km)
69d400827dca6ba0935b755e,STR,MAN,ab DE,STR,Hub,Manchester,MAN,3,4,1,1,2,"fluegede,idealo",955.0,Mittel (500-1500km)
69d400827dca6ba0935b72c2,SKP,NUE,nach DE,NUE,Provinz,Skopje,SKP,3,4,1,1,2,"fluegede,idealo",1170.0,Mittel (500-1500km)
69d400827dca6ba0935b1fef,BIO,BER,nach DE,BER,Hub,Bilbao,BIO,3,4,1,1,2,"fluegede,idealo",1580.0,Lang (>1500km)
69d400827dca6ba0935b81e1,VNO,HHN,nach DE,HHN,Provinz,Vilnius,VNO,3,4,1,1,2,"fluegede,idealo",1327.0,Mittel (500-1500km)
69d400827dca6ba0935b37cd,FKB,SCV,ab DE,FKB,Provinz,Suceava,SCV,3,4,1,1,2,"fluegede,idealo",1356.0,Mittel (500-1500km)
69d400827dca6ba0935b6f54,SCV,FKB,nach DE,FKB,Provinz,Suceava,SCV,3,4,1,1,2,"fluegede,idealo",1356.0,Mittel (500-1500km)
69d400827dca6ba0935a8845,VRN,HAM,nach DE,HAM,Hub,Verona,VRN,3,4,1,1,2,"fluegede,idealo",918.0,Mittel (500-1500km)
69d400827dca6ba0935b7d41,TRD,FRA,nach DE,FRA,Hub,Trondheim,TRD,3,4,1,1,2,"fluegede,idealo",1500.0,Lang (>1500km)
69d400827dca6ba0935b2338,BRI,NUE,nach DE,NUE,Provinz,Bari,BRI,3,4,1,1,2,"fluegede,idealo",1030.0,Mittel (500-1500km)
69d400827dca6ba0935abdcc,STR,FUE,ab DE,STR,Hub,Fuerteventura Island,FUE,3,4,1,1,2,"fluegede,idealo",2991.0,Lang (>1500km)
69d400827dca6ba0935b3273,DTM,SZY,ab DE,DTM,Provinz,Szymany,SZY,3,4,1,1,2,"fluegede,idealo",927.0,Mittel (500-1500km)
69d400827dca6ba0935b1d43,BEG,FKB,nach DE,FKB,Provinz,Belgrad,BEG,3,4,1,1,2,"fluegede,idealo",1028.0,Mittel (500-1500km)
69d400827dca6ba0935b7565,STR,CHQ,ab DE,STR,Hub,Souda,CHQ,3,4,1,1,2,"fluegede,idealo",1905.0,Lang (>1500km)
69d400827dca6ba0935b3922,FRA,PDX,ab DE,FRA,Hub,Portland,PDX,3,4,1,1,2,"fluegede,idealo",8387.0,Lang (>1500km)
69d400827dca6ba0935ae2ee,GRU,MUC,nach DE,MUC,Hub,Sao Paulo,GRU,3,4,1,1,2,"fluegede,idealo",9857.0,Lang (>1500km)
69d400827dca6ba0935b7edc,TZL,BER,nach DE,BER,Hub,Tuzla,TZL,3,4,1,1,2,"fluegede,idealo",959.0,Mittel (500-1500km)
69d400827dca6ba0935abdce,STR,LPA,ab DE,STR,Hub,Gran Canaria Island,LPA,3,4,1,1,2,"fluegede,idealo",3125.0,Lang (>1500km)
69d400827dca6ba0935acdce,BRI,FKB,nach DE,FKB,Provinz,Bari,BRI,3,4,1,1,2,"fluegede,idealo",1089.0,Mittel (500-1500km)
69d400827dca6ba0935b8a20,ZAG,NRN,nach DE,NRN,Provinz,Zagreb,ZAG,3,4,1,1,2,"fluegede,idealo",976.0,Mittel (500-1500km)
69d400827dca6ba0935b68d5,PUY,BER,nach DE,BER,Hub,Pula,PUY,3,3,4,4,2,"fluegede,idealo",831.0,Mittel (500-1500km)
69d400827dca6ba0935a9ce8,NUE,LPA,ab DE,NUE,Provinz,Gran Canaria Island,LPA,3,3,4,4,2,"fluegede,idealo",3286.0,Lang (>1500km)
69d400827dca6ba0935b4ef7,LCA,BER,nach DE,BER,Hub,Larnarca,LCA,3,3,4,4,2,"fluegede,idealo",2513.0,Lang (>1500km)
69d400827dca6ba0935b1dd6,BER,LCA,ab DE,BER,Hub,Larnarca,LCA,3,3,4,4,2,"fluegede,idealo",2513.0,Lang (>1500km)
69d400827dca6ba0935b1de9,BER,PUY,ab DE,BER,Hub,Pula,PUY,3,3,4,4,2,"fluegede,idealo",831.0,Mittel (500-1500km)
69d400827dca6ba0935b55d0,MCO,MUC,nach DE,MUC,Hub,Orlando,MCO,3,3,3,3,2,"fluegede,idealo",7904.0,Lang (>1500km)
69d400827dca6ba0935b3958,FRA,ZTH,ab DE,FRA,Hub,Zakynthos Island,ZTH,3,3,3,3,2,"fluegede,idealo",1681.0,Lang (>1500km)
69d400827dca6ba0935b5a5d,MUC,MCO,ab DE,MUC,Hub,Orlando,MCO,3,3,3,3,2,"fluegede,idealo",7904.0,Lang (>1500km)
69d400827dca6ba0935b1248,HAJ,CFU,ab DE,HAJ,Provinz,Kerkyra Island,CFU,3,3,3,3,2,"fluegede,idealo",1630.0,Lang (>1500km)
69d400827dca6ba0935b3920,FRA,NBJ,ab DE,FRA,Hub,Luanda,NBJ,3,3,3,3,2,"fluegede,idealo",6586.0,Lang (>1500km)
69d400827dca6ba0935b1239,CFU,HAJ,nach DE,HAJ,Provinz,Kerkyra Island,CFU,3,3,3,3,2,"fluegede,idealo",1630.0,Lang (>1500km)
69d400827dca6ba0935b3947,FRA,KLX,ab DE,FRA,Hub,Kalamata,KLX,3,3,3,3,2,"fluegede,idealo",1799.0,Lang (>1500km)
69d400827dca6ba0935b4ad0,KLX,FRA,nach DE,FRA,Hub,Kalamata,KLX,3,3,3,3,2,"fluegede,idealo",1799.0,Lang (>1500km)
69d400827dca6ba0935a9d3a,SMI,DUS,nach DE,DUS,Hub,Samos Island,SMI,3,3,3,3,2,"fluegede,idealo",2186.0,Lang (>1500km)
69d400827dca6ba0935b3dd3,HAM,ZTH,ab DE,HAM,Hub,Zakynthos Island,ZTH,3,3,2,2,2,"fluegede,idealo",1953.0,Lang (>1500km)
69d400827dca6ba0935b3917,FRA,RMF,ab DE,FRA,Hub,Marsa Alam,RMF,3,3,2,2,2,"fluegede,idealo",3518.0,Lang (>1500km)
69d400827dca6ba0935b57dd,MIR,BER,nach DE,BER,Hub,Monastir,MIR,3,3,2,2,2,"fluegede,idealo",1859.0,Lang (>1500km)
69d400827dca6ba0935b6c5a,RMF,FRA,nach DE,FRA,Hub,Marsa Alam,RMF,3,3,2,2,2,"fluegede,idealo",3518.0,Lang (>1500km)
69d5517550bd478097d5d40a,MIR,HAJ,nach DE,HAJ,Provinz,Monastir,MIR,3,3,2,2,2,"fluegede,idealo",1859.0,Lang (>1500km)
69d400827dca6ba0935b5a62,MUC,WDH,ab DE,MUC,Hub,Windhoek,WDH,3,3,2,2,2,"fluegede,idealo",7897.0,Lang (>1500km)
69d400827dca6ba0935b1eb3,BGO,BER,nach DE,BER,Hub,Bergen,BGO,3,3,1,1,2,"fluegede,idealo",1017.0,Mittel (500-1500km)
69d400827dca6ba0935b67fe,PRN,DTM,nach DE,DTM,Provinz,Lipjan,PRN,3,3,1,1,2,"fluegede,idealo",1418.0,Mittel (500-1500km)
69d400827dca6ba0935b4dba,KWI,MUC,nach DE,MUC,Hub,Kuwait City,KWI,3,3,1,1,2,"fluegede,idealo",3737.0,Lang (>1500km)
69d400827dca6ba0935ad331,PSR,NRN,nach DE,NRN,Provinz,Pescara,PSR,3,3,1,1,2,"fluegede,idealo",1186.0,Mittel (500-1500km)
69d400827dca6ba0935b3269,DTM,PRN,ab DE,DTM,Provinz,Lipjan,PRN,3,3,1,1,2,"fluegede,idealo",1418.0,Mittel (500-1500km)
69d400827dca6ba0935b7edf,TZL,HHN,nach DE,HHN,Provinz,Tuzla,TZL,3,3,1,1,2,"fluegede,idealo",1058.0,Mittel (500-1500km)
69d400827dca6ba0935accbd,ALC,BRE,nach DE,BRE,Provinz,Alicante,ALC,3,3,1,1,2,"fluegede,idealo",1792.0,Lang (>1500km)
69d400827dca6ba0935a9b76,AMM,MUC,nach DE,MUC,Hub,Amman,AMM,3,3,1,1,2,"fluegede,idealo",2747.0,Lang (>1500km)
69d400827dca6ba0935b89bb,YYZ,BER,nach DE,BER,Hub,Mississauga,YYZ,3,3,1,1,2,"fluegede,idealo",6503.0,Lang (>1500km)
69d400827dca6ba0935b6089,OMR,MUC,nach DE,MUC,Hub,Oradea,OMR,3,3,1,1,2,"fluegede,idealo",771.0,Mittel (500-1500km)
69d400827dca6ba0935b2023,BJV,FRA,nach DE,FRA,Hub,Bodrum,BJV,3,3,1,1,2,"fluegede,idealo",2083.0,Lang (>1500km)
69d400827dca6ba0935b385a,FMM,KRK,ab DE,FMM,Provinz,Kraków,KRK,3,3,1,1,2,"fluegede,idealo",733.0,Mittel (500-1500km)
69d400827dca6ba0935b7e11,TSR,NUE,nach DE,NUE,Provinz,Timisoara,TSR,3,3,1,1,2,"fluegede,idealo",871.0,Mittel (500-1500km)
69d400827dca6ba0935b6030,OLB,HAJ,nach DE,HAJ,Provinz,Olbia,OLB,3,3,1,1,2,"fluegede,idealo",1286.0,Mittel (500-1500km)
69d400827dca6ba0935b1df4,BER,CLJ,ab DE,BER,Hub,Cluj-Napoca,CLJ,3,3,1,1,2,"fluegede,idealo",960.0,Mittel (500-1500km)
69d400827dca6ba0935b1e0e,BER,YYZ,ab DE,BER,Hub,Mississauga,YYZ,3,3,1,1,2,"fluegede,idealo",6503.0,Lang (>1500km)
69d400827dca6ba0935b5a5e,MUC,OMR,ab DE,MUC,Hub,Oradea,OMR,3,3,1,1,2,"fluegede,idealo",771.0,Mittel (500-1500km)
69d400827dca6ba0935b6f55,SCV,FMM,nach DE,FMM,Provinz,Suceava,SCV,3,3,1,1,2,"fluegede,idealo",1201.0,Mittel (500-1500km)
69d400827dca6ba0935b5a5c,MUC,KWI,ab DE,MUC,Hub,Kuwait City,KWI,3,3,1,1,2,"fluegede,idealo",3737.0,Lang (>1500km)
69d400827dca6ba0935acdb0,BRE,ALC,ab DE,BRE,Provinz,Alicante,ALC,3,3,1,1,2,"fluegede,idealo",1792.0,Lang (>1500km)
69d400827dca6ba0935b3fa0,HHN,CTA,ab DE,HHN,Provinz,Catania,CTA,3,3,1,1,2,"fluegede,idealo",1521.0,Lang (>1500km)
69d400827dca6ba0935ad082,HHN,CAG,ab DE,HHN,Provinz,Cagliari,CAG,3,3,1,1,2,"fluegede,idealo",1198.0,Mittel (500-1500km)
69d400827dca6ba0935b1fc2,BIA,MUC,nach DE,MUC,Hub,Bastia/Poretta,BIA,3,3,1,1,2,"fluegede,idealo",670.0,Mittel (500-1500km)
69d400827dca6ba0935b1def,BER,ZAG,ab DE,BER,Hub,Zagreb,ZAG,3,3,1,1,2,"fluegede,idealo",759.0,Mittel (500-1500km)
69d400827dca6ba0935b3dad,HAM,TGD,ab DE,HAM,Hub,Podgorica,TGD,3,3,1,1,2,"fluegede,idealo",1428.0,Mittel (500-1500km)
69d400827dca6ba0935a86f3,CTA,HAM,nach DE,HAM,Hub,Catania,CTA,3,3,1,1,2,"fluegede,idealo",1839.0,Lang (>1500km)
69d400827dca6ba0935a9c4f,HAM,TFS,ab DE,HAM,Hub,Tenerife Island,TFS,3,3,1,1,2,"fluegede,idealo",3574.0,Lang (>1500km)
69d400827dca6ba0935b3dbf,HAM,ZAG,ab DE,HAM,Hub,Zagreb,ZAG,3,3,1,1,2,"fluegede,idealo",979.0,Mittel (500-1500km)
69d400827dca6ba0935b386b,FMM,SCV,ab DE,FMM,Provinz,Suceava,SCV,3,3,1,1,2,"fluegede,idealo",1201.0,Mittel (500-1500km)
69d400827dca6ba0935b3d1c,HAJ,OLB,ab DE,HAJ,Provinz,Olbia,OLB,3,3,1,1,2,"fluegede,idealo",1286.0,Mittel (500-1500km)
69d400827dca6ba0935b2c55,CPT,FRA,nach DE,FRA,Hub,Cape Town,CPT,3,3,1,1,2,"fluegede,idealo",9392.0,Lang (>1500km)
69d400827dca6ba0935b394d,FRA,PVK,ab DE,FRA,Hub,Preveza/Lefkada,PVK,3,3,1,1,2,"fluegede,idealo",1566.0,Lang (>1500km)
69d400827dca6ba0935b36eb,FAO,FKB,nach DE,FKB,Provinz,Faro,FAO,3,3,1,1,2,"fluegede,idealo",1842.0,Lang (>1500km)
69d400827dca6ba0935ad279,OPO,HHN,nach DE,HHN,Provinz,Porto,OPO,3,3,1,1,2,"fluegede,idealo",1568.0,Lang (>1500km)
69d400827dca6ba0935b720a,SJO,FRA,nach DE,FRA,Hub,San Jose,SJO,3,3,1,1,2,"fluegede,idealo",9353.0,Lang (>1500km)
69d400827dca6ba0935b326d,DTM,SBZ,ab DE,DTM,Provinz,Sibiu,SBZ,3,3,1,1,2,"fluegede,idealo",1364.0,Mittel (500-1500km)
69d400827dca6ba0935b47f9,JMK,DUS,nach DE,DUS,Hub,Mykonos Island,JMK,3,3,1,1,2,"fluegede,idealo",2122.0,Lang (>1500km)
69d400827dca6ba0935b6efb,SBZ,DTM,nach DE,DTM,Provinz,Sibiu,SBZ,3,3,1,1,2,"fluegede,idealo",1364.0,Mittel (500-1500km)
69d400827dca6ba0935b7c7e,TNG,FMM,nach DE,FMM,Provinz,Tangier,TNG,3,3,1,1,2,"fluegede,idealo",1903.0,Lang (>1500km)
69d400827dca6ba0935b7561,STR,RMO,ab DE,STR,Hub,Chișinău,RMO,3,3,1,1,2,"fluegede,idealo",1481.0,Mittel (500-1500km)
69d400827dca6ba0935a9e57,JED,FRA,nach DE,FRA,Hub,Jeddah,JED,3,3,1,1,2,"fluegede,idealo",4133.0,Lang (>1500km)
69d400827dca6ba0935b37c9,FKB,ZAG,ab DE,FKB,Provinz,Zagreb,ZAG,3,3,1,1,2,"fluegede,idealo",690.0,Mittel (500-1500km)
69d400827dca6ba0935b7d3e,TRD,MUC,nach DE,MUC,Hub,Trondheim,TRD,3,3,1,1,2,"fluegede,idealo",1680.0,Lang (>1500km)
69d400827dca6ba0935b3925,FRA,SJO,ab DE,FRA,Hub,San Jose,SJO,3,3,1,1,2,"fluegede,idealo",9353.0,Lang (>1500km)
69d400827dca6ba0935b1df0,BER,BGO,ab DE,BER,Hub,Bergen,BGO,3,3,1,1,2,"fluegede,idealo",1017.0,Mittel (500-1500km)
69d400827dca6ba0935b378e,FDH,SKP,ab DE,FDH,Provinz,Skopje,SKP,3,3,1,1,2,"fluegede,idealo",1145.0,Mittel (500-1500km)
69d400827dca6ba0935b7ad3,TIA,NUE,nach DE,NUE,Provinz,Tirana,TIA,3,3,1,1,2,"fluegede,idealo",1123.0,Mittel (500-1500km)
69d400827dca6ba0935b1692,AGA,FKB,nach DE,FKB,Provinz,Agadir,AGA,3,3,1,1,2,"fluegede,idealo",2529.0,Lang (>1500km)
69d400827dca6ba0935b0bad,MUC,NTE,ab DE,MUC,Hub,Nantes,NTE,3,3,1,1,2,"fluegede,idealo",1009.0,Mittel (500-1500km)
69d400827dca6ba0935b8a2c,ZAG,HAM,nach DE,HAM,Hub,Zagreb,ZAG,3,3,1,1,2,"fluegede,idealo",979.0,Mittel (500-1500km)
69d400827dca6ba0935b5a57,MUC,DEB,ab DE,MUC,Hub,Debrecen,DEB,3,3,1,1,2,"fluegede,idealo",738.0,Mittel (500-1500km)
69d400827dca6ba0935b3270,DTM,IAS,ab DE,DTM,Provinz,Iasi,IAS,3,3,1,1,2,"fluegede,idealo",1522.0,Lang (>1500km)
69d400827dca6ba0935a9cac,MUC,AMM,ab DE,MUC,Hub,Amman,AMM,3,3,1,1,2,"fluegede,idealo",2747.0,Lang (>1500km)
69d400827dca6ba0935ad001,FKB,TPS,ab DE,FKB,Provinz,Trapani,TPS,3,3,1,1,2,"fluegede,idealo",1259.0,Mittel (500-1500km)
69d400827dca6ba0935ad4bb,TPS,FKB,nach DE,FKB,Provinz,Trapani,TPS,3,3,1,1,2,"fluegede,idealo",1259.0,Mittel (500-1500km)
69d400827dca6ba0935b6cb0,RMO,STR,nach DE,STR,Hub,Chișinău,RMO,3,3,1,1,2,"fluegede,idealo",1481.0,Mittel (500-1500km)
69d400827dca6ba0935b46ad,JED,MUC,nach DE,MUC,Hub,Jeddah,JED,3,3,1,1,2,"fluegede,idealo",3833.0,Lang (>1500km)
69d400827dca6ba0935b72bd,SKP,FDH,nach DE,FDH,Provinz,Skopje,SKP,3,3,1,1,2,"fluegede,idealo",1145.0,Mittel (500-1500km)
69d400827dca6ba0935b391c,FRA,BJV,ab DE,FRA,Hub,Bodrum,BJV,3,3,1,1,2,"fluegede,idealo",2083.0,Lang (>1500km)
69d400827dca6ba0935b7a63,TGD,HAM,nach DE,HAM,Hub,Podgorica,TGD,3,3,1,1,2,"fluegede,idealo",1428.0,Mittel (500-1500km)
69d400827dca6ba0935b3f9d,HHN,TZL,ab DE,HHN,Provinz,Tuzla,TZL,3,3,1,1,2,"fluegede,idealo",1058.0,Mittel (500-1500km)
69d400827dca6ba0935b1de3,BER,GYD,ab DE,BER,Hub,Baku,GYD,3,3,1,1,2,"fluegede,idealo",3056.0,Lang (>1500km)
69d400827dca6ba0935b5f59,NUE,TSR,ab DE,NUE,Provinz,Timisoara,TSR,3,3,1,1,2,"fluegede,idealo",871.0,Mittel (500-1500km)
69d400827dca6ba0935b37ce,FKB,FAO,ab DE,FKB,Provinz,Faro,FAO,3,3,1,1,2,"fluegede,idealo",1842.0,Lang (>1500km)
69d400827dca6ba0935ace5c,CAG,FKB,nach DE,FKB,Provinz,Cagliari,CAG,3,3,1,1,2,"fluegede,idealo",1062.0,Mittel (500-1500km)
69d400827dca6ba0935b6c9c,RMO,DTM,nach DE,DTM,Provinz,Chișinău,RMO,3,3,1,1,2,"fluegede,idealo",1623.0,Lang (>1500km)
69d400827dca6ba0935ace5f,CAG,HHN,nach DE,HHN,Provinz,Cagliari,CAG,3,3,1,1,2,"fluegede,idealo",1198.0,Mittel (500-1500km)
69d400827dca6ba0935ad23e,NRN,PSR,ab DE,NRN,Provinz,Pescara,PSR,3,3,1,1,2,"fluegede,idealo",1186.0,Mittel (500-1500km)
69d400827dca6ba0935b5a59,MUC,HAN,ab DE,MUC,Hub,Hanoi,HAN,3,3,1,1,2,"fluegede,idealo",8548.0,Lang (>1500km)
69d400827dca6ba0935b0bb2,NTE,MUC,nach DE,MUC,Hub,Nantes,NTE,3,3,1,1,2,"fluegede,idealo",1009.0,Mittel (500-1500km)
69d400827dca6ba0935a9c80,KVA,MUC,nach DE,MUC,Hub,Kavala,KVA,3,3,1,1,2,"fluegede,idealo",1307.0,Mittel (500-1500km)
69d400827dca6ba0935b8461,WRO,DTM,nach DE,DTM,Provinz,Wrocław,WRO,3,3,1,1,2,"fluegede,idealo",646.0,Mittel (500-1500km)
69d400827dca6ba0935b435f,IAS,DTM,nach DE,DTM,Provinz,Iasi,IAS,3,3,1,1,2,"fluegede,idealo",1522.0,Lang (>1500km)
69d400827dca6ba0935b7a7b,TGM,FMM,nach DE,FMM,Provinz,Targu Mures,TGM,3,3,1,1,2,"fluegede,idealo",1082.0,Mittel (500-1500km)
69d400827dca6ba0935b8a22,ZAG,FKB,nach DE,FKB,Provinz,Zagreb,ZAG,3,3,1,1,2,"fluegede,idealo",690.0,Mittel (500-1500km)
69d400827dca6ba0935ae949,FRA,GWT,Inland,FRA,Hub,,,3,3,1,1,2,"fluegede,idealo",544.0,Mittel (500-1500km)
69d400827dca6ba0935ae7c9,FRA,KWI,ab DE,FRA,Hub,Kuwait City,KWI,3,3,1,1,2,"fluegede,idealo",4023.0,Lang (>1500km)
69d400827dca6ba0935b755a,STR,VAR,ab DE,STR,Hub,Varna,VAR,3,3,1,1,2,"fluegede,idealo",1556.0,Lang (>1500km)
69d400827dca6ba0935b8052,VAR,STR,nach DE,STR,Hub,Varna,VAR,3,3,1,1,2,"fluegede,idealo",1556.0,Lang (>1500km)
69d400827dca6ba0935b5f58,NUE,TIA,ab DE,NUE,Provinz,Tirana,TIA,3,3,1,1,2,"fluegede,idealo",1123.0,Mittel (500-1500km)
69d400827dca6ba0935b2a8f,CLJ,BER,nach DE,BER,Hub,Cluj-Napoca,CLJ,3,3,1,1,2,"fluegede,idealo",960.0,Mittel (500-1500km)
69d400827dca6ba0935b3274,DTM,WRO,ab DE,DTM,Provinz,Wrocław,WRO,3,3,1,1,2,"fluegede,idealo",646.0,Mittel (500-1500km)
69d400827dca6ba0935b5a56,MUC,TRD,ab DE,MUC,Hub,Trondheim,TRD,3,3,1,1,2,"fluegede,idealo",1680.0,Lang (>1500km)
69d400827dca6ba0935b5f54,NUE,GHV,ab DE,NUE,Provinz,Braşov,GHV,3,3,1,1,2,"fluegede,idealo",1161.0,Mittel (500-1500km)
69d400827dca6ba0935b3cc9,GYD,BER,nach DE,BER,Hub,Baku,GYD,3,3,1,1,2,"fluegede,idealo",3056.0,Lang (>1500km)
69d400827dca6ba0935ad24c,NUE,ALC,ab DE,NUE,Provinz,Alicante,ALC,3,3,1,1,2,"fluegede,idealo",1553.0,Lang (>1500km)
69d400827dca6ba0935b5cbf,NCE,HAJ,nach DE,HAJ,Provinz,Nice,NCE,3,3,1,1,2,"fluegede,idealo",996.0,Mittel (500-1500km)
69d400827dca6ba0935b5a70,MUC,BIA,ab DE,MUC,Hub,Bastia/Poretta,BIA,3,3,1,1,2,"fluegede,idealo",670.0,Mittel (500-1500km)
69d400827dca6ba0935ad232,NRN,FEZ,ab DE,NRN,Provinz,Fes,FEZ,3,3,1,1,2,"fluegede,idealo",2159.0,Lang (>1500km)
69d400827dca6ba0935ad095,HHN,PSR,ab DE,HHN,Provinz,Pescara,PSR,3,3,1,1,2,"fluegede,idealo",990.0,Mittel (500-1500km)
69d400827dca6ba0935b19d6,ASR,FRA,nach DE,FRA,Hub,Kayseri,ASR,3,3,1,1,2,"fluegede,idealo",2460.0,Lang (>1500km)
69d400827dca6ba0935b386f,FMM,TGM,ab DE,FMM,Provinz,Targu Mures,TGM,3,3,1,1,2,"fluegede,idealo",1082.0,Mittel (500-1500km)
69d5517350bd478097d59ee1,HAJ,MIR,ab DE,HAJ,Provinz,Monastir,MIR,3,3,1,1,2,"fluegede,idealo",1859.0,Lang (>1500km)
69d400827dca6ba0935b3aa3,GHV,NUE,nach DE,NUE,Provinz,Braşov,GHV,3,3,1,1,2,"fluegede,idealo",1161.0,Mittel (500-1500km)
69d400827dca6ba0935b37cb,FKB,TNG,ab DE,FKB,Provinz,Tangier,TNG,3,3,1,1,2,"fluegede,idealo",1847.0,Lang (>1500km)
69d400827dca6ba0935b3d32,HAJ,NCE,ab DE,HAJ,Provinz,Nice,NCE,3,3,1,1,2,"fluegede,idealo",996.0,Mittel (500-1500km)
69d400827dca6ba0935b3df4,HAN,MUC,nach DE,MUC,Hub,Hanoi,HAN,3,3,1,1,2,"fluegede,idealo",8548.0,Lang (>1500km)
69d400827dca6ba0935b5a5a,MUC,JED,ab DE,MUC,Hub,Jeddah,JED,3,3,1,1,2,"fluegede,idealo",3833.0,Lang (>1500km)
69d400827dca6ba0935b8a2a,ZAG,BER,nach DE,BER,Hub,Zagreb,ZAG,3,3,1,1,2,"fluegede,idealo",759.0,Mittel (500-1500km)
69d400827dca6ba0935b2d33,CTA,HHN,nach DE,HHN,Provinz,Catania,CTA,3,3,1,1,2,"fluegede,idealo",1521.0,Lang (>1500km)
69d400827dca6ba0935a9e33,FRA,JED,ab DE,FRA,Hub,Jeddah,JED,2,202,1,24,2,"fluegede,idealo",4133.0,Lang (>1500km)
69d400827dca6ba0935aea33,RUH,FRA,nach DE,FRA,Hub,Riyadh,RUH,2,195,1,18,2,"fluegede,idealo",4294.0,Lang (>1500km)
69d400827dca6ba0935abd5c,FRA,SDQ,ab DE,FRA,Hub,Santo Domingo,SDQ,2,189,1,22,2,"fluegede,idealo",7615.0,Lang (>1500km)
69d400827dca6ba0935abd8c,LCA,HAJ,nach DE,HAJ,Provinz,Larnarca,LCA,2,126,1,19,2,"fluegede,idealo",2720.0,Lang (>1500km)
69d400827dca6ba0935a9ddc,ZTH,MUC,nach DE,MUC,Hub,Zakynthos Island,ZTH,2,120,4,18,2,"fluegede,idealo",1389.0,Mittel (500-1500km)
69d400827dca6ba0935a876c,HAM,PRN,ab DE,HAM,Hub,Lipjan,PRN,2,120,2,13,2,"fluegede,idealo",1474.0,Mittel (500-1500km)
69d400827dca6ba0935a87aa,NAP,HAM,nach DE,HAM,Hub,Napoli,NAP,2,115,1,15,3,"check24,fluegede,idealo",1453.0,Mittel (500-1500km)
69d400827dca6ba0935a86d6,CGN,PRG,ab DE,CGN,Hub,Prague,PRG,2,103,2,6,2,"fluegede,idealo",510.0,Mittel (500-1500km)
69d400827dca6ba0935a870d,DUS,BRI,ab DE,DUS,Hub,Bari,BRI,2,93,1,10,2,"fluegede,idealo",1363.0,Mittel (500-1500km)
69d400827dca6ba0935abde2,TFS,STR,nach DE,STR,Hub,Tenerife Island,TFS,2,91,1,18,2,"fluegede,idealo",3184.0,Lang (>1500km)
69d400827dca6ba0935a9153,KLX,MUC,nach DE,MUC,Hub,Kalamata,KLX,2,86,3,11,2,"fluegede,idealo",1505.0,Lang (>1500km)
69d400827dca6ba0935abd79,HAM,FNC,ab DE,HAM,Hub,Funchal,FNC,2,80,2,12,2,"fluegede,idealo",3146.0,Lang (>1500km)
69d400827dca6ba0935abde9,XRY,MUC,nach DE,MUC,Hub,Jerez de la Forntera,XRY,2,78,3,13,2,"fluegede,idealo",1942.0,Lang (>1500km)
69d400827dca6ba0935a87f8,STR,DBV,ab DE,STR,Hub,Dubrovnik,DBV,2,71,1,10,2,"fluegede,idealo",978.0,Mittel (500-1500km)
69d400827dca6ba0935abdae,MUC,XRY,ab DE,MUC,Hub,Jerez de la Forntera,XRY,2,70,3,11,2,"fluegede,idealo",1942.0,Lang (>1500km)
69d400827dca6ba0935a86a0,BRI,DUS,nach DE,DUS,Hub,Bari,BRI,2,66,1,9,2,"fluegede,idealo",1363.0,Mittel (500-1500km)
69d400827dca6ba0935abd7c,HAM,XRY,ab DE,HAM,Hub,Jerez de la Forntera,XRY,2,65,2,10,2,"fluegede,idealo",2248.0,Lang (>1500km)
69d400827dca6ba0935a87a5,MXP,HAJ,nach DE,HAJ,Provinz,Milan,MXP,2,62,1,7,2,"fluegede,idealo",763.0,Mittel (500-1500km)
69d400827dca6ba0935a9c3f,HAJ,IBZ,ab DE,HAJ,Provinz,Ibiza,IBZ,2,58,1,11,2,"fluegede,idealo",1641.0,Lang (>1500km)
69d400827dca6ba0935a86fb,DBV,STR,nach DE,STR,Hub,Dubrovnik,DBV,2,58,1,10,3,"check24,fluegede,idealo",978.0,Mittel (500-1500km)
69d400827dca6ba0935ae907,DUS,NCL,ab DE,DUS,Hub,Newcastle,NCL,2,58,1,4,2,"fluegede,idealo",700.0,Mittel (500-1500km)
69d400827dca6ba0935abde8,XRY,HAM,nach DE,HAM,Hub,Jerez de la Forntera,XRY,2,55,2,10,2,"fluegede,idealo",2248.0,Lang (>1500km)
69d400827dca6ba0935a87ce,RJK,HAM,nach DE,HAM,Hub,Rijeka,RJK,2,51,1,6,2,"fluegede,idealo",992.0,Mittel (500-1500km)
69d400827dca6ba0935a86e5,CGN,TUN,ab DE,CGN,Hub,Tunis,TUN,2,48,1,5,2,"fluegede,idealo",1578.0,Lang (>1500km)
69d400827dca6ba0935abdb6,POP,FRA,nach DE,FRA,Hub,Puerto Plata,POP,2,46,1,15,2,"fluegede,idealo",7571.0,Lang (>1500km)
69d400827dca6ba0935ab29f,BRS,MUC,nach DE,MUC,Hub,Bristol,BRS,2,43,3,7,2,"fluegede,idealo",1091.0,Mittel (500-1500km)
69d400827dca6ba0935a9c41,HAM,ACE,ab DE,HAM,Hub,Lanzarote Island,ACE,2,42,3,12,2,"fluegede,idealo",3346.0,Lang (>1500km)
69d400827dca6ba0935a87c1,PRG,CGN,nach DE,CGN,Hub,Prague,PRG,2,40,2,5,2,"fluegede,idealo",510.0,Mittel (500-1500km)
69d400827dca6ba0935a87cf,RJK,STR,nach DE,STR,Hub,Rijeka,RJK,2,40,1,6,2,"fluegede,idealo",560.0,Mittel (500-1500km)
69d400827dca6ba0935ad011,FMO,AGP,ab DE,FMO,Provinz,Malaga,AGP,2,39,1,5,2,"fluegede,idealo",1967.0,Lang (>1500km)
69d400827dca6ba0935b6fe8,SEN,BER,nach DE,BER,Hub,Southend,SEN,2,38,3,6,2,"fluegede,idealo",880.0,Mittel (500-1500km)
69d400827dca6ba0935a9c3c,GWT,STR,Inland,GWT,Provinz,,,2,38,1,5,2,"fluegede,idealo",695.0,Mittel (500-1500km)
69d400827dca6ba0935a9c69,IBZ,HAJ,nach DE,HAJ,Provinz,Ibiza,IBZ,2,37,1,11,2,"fluegede,idealo",1641.0,Lang (>1500km)
69d400827dca6ba0935abd36,DLM,HAJ,nach DE,HAJ,Provinz,Dalaman,DLM,2,37,1,5,2,"fluegede,idealo",2300.0,Lang (>1500km)
69d400827dca6ba0935a9b62,ACE,HAM,nach DE,HAM,Hub,Lanzarote Island,ACE,2,36,1,9,2,"fluegede,idealo",3346.0,Lang (>1500km)
69d400827dca6ba0935a881f,TUN,CGN,nach DE,CGN,Hub,Tunis,TUN,2,36,1,6,2,"fluegede,idealo",1578.0,Lang (>1500km)
69d400827dca6ba0935b1e03,BER,SEN,ab DE,BER,Hub,Southend,SEN,2,34,4,6,2,"fluegede,idealo",880.0,Mittel (500-1500km)
69d400827dca6ba0935a9c0e,FMO,CFU,ab DE,FMO,Provinz,Kerkyra Island,CFU,2,34,1,6,2,"fluegede,idealo",1680.0,Lang (>1500km)
69d400827dca6ba0935a87f5,STR,CAG,ab DE,STR,Hub,Cagliari,CAG,2,33,1,8,2,"fluegede,idealo",1050.0,Mittel (500-1500km)
69d400827dca6ba0935a880b,STR,RJK,ab DE,STR,Hub,Rijeka,RJK,2,28,1,5,2,"fluegede,idealo",560.0,Mittel (500-1500km)
69d400827dca6ba0935a9cf3,OLB,NUE,nach DE,NUE,Provinz,Olbia,OLB,2,26,1,4,2,"fluegede,idealo",964.0,Mittel (500-1500km)
69d400827dca6ba0935a8696,BIA,DUS,nach DE,DUS,Hub,Bastia/Poretta,BIA,2,25,1,6,2,"fluegede,idealo",993.0,Mittel (500-1500km)
69d400827dca6ba0935a9cea,NUE,OLB,ab DE,NUE,Provinz,Olbia,OLB,2,25,1,5,2,"fluegede,idealo",964.0,Mittel (500-1500km)
69d400827dca6ba0935ad097,HHN,RAK,ab DE,HHN,Provinz,Marrakech,RAK,2,23,2,8,2,"fluegede,idealo",2402.0,Lang (>1500km)
69d400827dca6ba0935ad235,NRN,IBZ,ab DE,NRN,Provinz,Ibiza,IBZ,2,23,1,4,2,"fluegede,idealo",1463.0,Mittel (500-1500km)
69d400827dca6ba0935a9c88,LEJ,FNC,ab DE,LEJ,Provinz,Funchal,FNC,2,22,2,5,2,"fluegede,idealo",3138.0,Lang (>1500km)
69d400827dca6ba0935abdea,XRY,STR,nach DE,STR,Hub,Jerez de la Forntera,XRY,2,22,1,5,2,"fluegede,idealo",1816.0,Lang (>1500km)
69d400827dca6ba0935a9ccd,MUC,SMI,ab DE,MUC,Hub,Samos Island,SMI,2,21,2,7,3,"check24,fluegede,idealo",1702.0,Lang (>1500km)
69d400827dca6ba0935ad22d,NRN,CFU,ab DE,NRN,Provinz,Kerkyra Island,CFU,2,20,1,6,2,"fluegede,idealo",1705.0,Lang (>1500km)
69d400827dca6ba0935a881a,SUF,STR,nach DE,STR,Hub,Lamezia Terme,SUF,2,20,1,6,2,"fluegede,idealo",1224.0,Mittel (500-1500km)
69d400827dca6ba0935b680d,PRN,CGN,nach DE,CGN,Hub,Lipjan,PRN,2,20,1,3,2,"fluegede,idealo",1400.0,Mittel (500-1500km)
69d400827dca6ba0935a9bf4,DUS,SPC,ab DE,DUS,Hub,Sta Cruz de la Palma,SPC,2,19,2,7,2,"fluegede,idealo",3242.0,Lang (>1500km)
69d400827dca6ba0935ace7f,CFU,NRN,nach DE,NRN,Provinz,Kerkyra Island,CFU,2,19,1,6,2,"fluegede,idealo",1705.0,Lang (>1500km)
69d400827dca6ba0935ad0b7,IBZ,NRN,nach DE,NRN,Provinz,Ibiza,IBZ,2,19,1,4,2,"fluegede,idealo",1463.0,Mittel (500-1500km)
69d400827dca6ba0935a8819,SUF,HAJ,nach DE,HAJ,Provinz,Lamezia Terme,SUF,2,18,1,6,2,"fluegede,idealo",1589.0,Lang (>1500km)
69d400827dca6ba0935ad239,NRN,OPO,ab DE,NRN,Provinz,Porto,OPO,2,18,1,5,2,"fluegede,idealo",1612.0,Lang (>1500km)
69d400827dca6ba0935a870b,DUS,BIA,ab DE,DUS,Hub,Bastia/Poretta,BIA,2,18,1,4,2,"fluegede,idealo",993.0,Mittel (500-1500km)
69d400827dca6ba0935a8812,STR,SUF,ab DE,STR,Hub,Lamezia Terme,SUF,2,17,1,5,2,"fluegede,idealo",1224.0,Mittel (500-1500km)
69d400827dca6ba0935a874c,HAJ,SUF,ab DE,HAJ,Provinz,Lamezia Terme,SUF,2,17,1,5,2,"fluegede,idealo",1589.0,Lang (>1500km)
69d400827dca6ba0935b5ebe,NRN,REU,ab DE,NRN,Provinz,Reus,REU,2,17,1,2,2,"fluegede,idealo",1223.0,Mittel (500-1500km)
69d400827dca6ba0935b6b57,REU,NRN,nach DE,NRN,Provinz,Reus,REU,2,17,1,2,2,"fluegede,idealo",1223.0,Mittel (500-1500km)
69d400827dca6ba0935ad091,HHN,OPO,ab DE,HHN,Provinz,Porto,OPO,2,16,1,6,2,"fluegede,idealo",1568.0,Lang (>1500km)
69d400827dca6ba0935b5eb9,NRN,RHO,ab DE,NRN,Provinz,Rodes Island,RHO,2,16,1,5,2,"fluegede,idealo",2418.0,Lang (>1500km)
69d400827dca6ba0935ad492,TFS,NRN,nach DE,NRN,Provinz,Tenerife Island,TFS,2,16,1,5,2,"fluegede,idealo",3231.0,Lang (>1500km)
69d400827dca6ba0935a9d22,PVK,MUC,nach DE,MUC,Hub,Preveza/Lefkada,PVK,2,15,1,7,2,"fluegede,idealo",1271.0,Mittel (500-1500km)
69d400827dca6ba0935b289f,CGN,PRN,ab DE,CGN,Hub,Lipjan,PRN,2,15,1,3,2,"fluegede,idealo",1400.0,Mittel (500-1500km)
69d400827dca6ba0935abd24,AGA,DUS,nach DE,DUS,Hub,Agadir,AGA,2,13,2,7,2,"fluegede,idealo",2686.0,Lang (>1500km)
69d400827dca6ba0935a9c12,FNC,LEJ,nach DE,LEJ,Provinz,Funchal,FNC,2,12,1,6,3,"check24,fluegede,idealo",3138.0,Lang (>1500km)
69d400827dca6ba0935b6b90,RHO,NRN,nach DE,NRN,Provinz,Rodes Island,RHO,2,12,1,5,2,"fluegede,idealo",2418.0,Lang (>1500km)
69d400827dca6ba0935a87ca,PUY,CGN,nach DE,CGN,Hub,Pula,PUY,2,11,1,5,2,"fluegede,idealo",834.0,Mittel (500-1500km)
69d400827dca6ba0935ad22e,NRN,CHQ,ab DE,NRN,Provinz,Souda,CHQ,2,11,1,4,2,"fluegede,idealo",2289.0,Lang (>1500km)
69d400827dca6ba0935a86d8,CGN,PUY,ab DE,CGN,Hub,Pula,PUY,2,11,1,3,2,"fluegede,idealo",834.0,Mittel (500-1500km)
69d400827dca6ba0935a9152,KLX,DUS,nach DE,DUS,Hub,Kalamata,KLX,2,10,2,6,2,"fluegede,idealo",1987.0,Lang (>1500km)
69d400827dca6ba0935a86d9,CGN,RAK,ab DE,CGN,Hub,Marrakech,RAK,2,10,1,4,2,"fluegede,idealo",2478.0,Lang (>1500km)
69d400827dca6ba0935ad245,NRN,TFS,ab DE,NRN,Provinz,Tenerife Island,TFS,2,10,1,4,2,"fluegede,idealo",3231.0,Lang (>1500km)
69d400827dca6ba0935ace93,CHQ,NRN,nach DE,NRN,Provinz,Souda,CHQ,2,10,1,4,2,"fluegede,idealo",2289.0,Lang (>1500km)
69d400827dca6ba0935b3314,DUS,TIA,ab DE,DUS,Hub,Tirana,TIA,2,10,1,3,2,"fluegede,idealo",1477.0,Mittel (500-1500km)
69d400827dca6ba0935b4ed5,LBC,AGP,ab DE,LBC,Provinz,Malaga,AGP,2,10,1,2,2,"fluegede,idealo",2236.0,Lang (>1500km)
69d400827dca6ba0935abd58,FRA,POP,ab DE,FRA,Hub,Puerto Plata,POP,2,9,1,5,2,"fluegede,idealo",7571.0,Lang (>1500km)
69d400827dca6ba0935ad23f,NRN,RAK,ab DE,NRN,Provinz,Marrakech,RAK,2,9,1,3,2,"fluegede,idealo",2506.0,Lang (>1500km)
69d400827dca6ba0935b7ae3,TIA,DUS,nach DE,DUS,Hub,Tirana,TIA,2,8,1,3,2,"fluegede,idealo",1477.0,Mittel (500-1500km)
69d400827dca6ba0935b6c00,RIX,CGN,nach DE,CGN,Hub,Riga,RIX,2,8,1,2,2,"fluegede,idealo",1287.0,Mittel (500-1500km)
69d400827dca6ba0935ad0b3,IBZ,HHN,nach DE,HHN,Provinz,Ibiza,IBZ,2,8,1,2,2,"fluegede,idealo",1316.0,Mittel (500-1500km)
69d400827dca6ba0935ad08b,HHN,IBZ,ab DE,HHN,Provinz,Ibiza,IBZ,2,8,1,2,2,"fluegede,idealo",1316.0,Mittel (500-1500km)
69d400827dca6ba0935b4ed6,LBC,STN,ab DE,LBC,Provinz,London,STN,2,8,1,2,2,"fluegede,idealo",735.0,Mittel (500-1500km)
69d400827dca6ba0935b37cf,FKB,AYT,ab DE,FKB,Provinz,Antalya,AYT,2,7,2,3,2,"fluegede,idealo",2261.0,Lang (>1500km)
69d400827dca6ba0935b2891,CGN,RMF,ab DE,CGN,Hub,Marsa Alam,RMF,2,7,1,2,2,"fluegede,idealo",3654.0,Lang (>1500km)
69d400827dca6ba0935b2886,CGN,BOJ,ab DE,CGN,Hub,Burgas,BOJ,2,7,1,1,2,"fluegede,idealo",1798.0,Lang (>1500km)
69d400827dca6ba0935b2232,BOJ,CGN,nach DE,CGN,Hub,Burgas,BOJ,2,7,1,1,2,"fluegede,idealo",1798.0,Lang (>1500km)
69d400827dca6ba0935abd3b,DUS,AGA,ab DE,DUS,Hub,Agadir,AGA,2,6,2,3,2,"fluegede,idealo",2686.0,Lang (>1500km)
69d400827dca6ba0935ae8c1,SCN,HAM,Inland,SCN,Provinz,,,2,6,1,4,2,"fluegede,idealo",530.0,Mittel (500-1500km)
69d400827dca6ba0935b2890,CGN,MLA,ab DE,CGN,Hub,Luqa,MLA,2,6,1,3,2,"fluegede,idealo",1769.0,Lang (>1500km)
69d400827dca6ba0935b582d,MLA,CGN,nach DE,CGN,Hub,Luqa,MLA,2,6,1,3,2,"fluegede,idealo",1769.0,Lang (>1500km)
69d400827dca6ba0935b2892,CGN,AGA,ab DE,CGN,Hub,Agadir,AGA,2,6,1,3,2,"fluegede,idealo",2664.0,Lang (>1500km)
69d400827dca6ba0935a83c3,CGN,NDR,ab DE,CGN,Hub,Nador,NDR,2,6,1,3,2,"fluegede,idealo",1946.0,Lang (>1500km)
69d400827dca6ba0935ad456,SUF,HHN,nach DE,HHN,Provinz,Lamezia Terme,SUF,2,6,1,2,2,"fluegede,idealo",1418.0,Mittel (500-1500km)
69d400827dca6ba0935a9cc9,MUC,PVK,ab DE,MUC,Hub,Preveza/Lefkada,PVK,2,6,1,2,2,"fluegede,idealo",1271.0,Mittel (500-1500km)
69d400827dca6ba0935b2889,CGN,OTP,ab DE,CGN,Hub,Bucharest,OTP,2,6,1,2,2,"fluegede,idealo",1575.0,Lang (>1500km)
69d400827dca6ba0935ad09e,HHN,SUF,ab DE,HHN,Provinz,Lamezia Terme,SUF,2,6,1,2,2,"fluegede,idealo",1418.0,Mittel (500-1500km)
69d400827dca6ba0935b7c84,TNG,CGN,nach DE,CGN,Hub,Tangier,TNG,2,6,1,2,2,"fluegede,idealo",1981.0,Lang (>1500km)
69d400827dca6ba0935b28a0,CGN,RIX,ab DE,CGN,Hub,Riga,RIX,2,6,1,2,2,"fluegede,idealo",1287.0,Mittel (500-1500km)
69d400827dca6ba0935b394e,FRA,RJK,ab DE,FRA,Hub,Rijeka,RJK,2,5,2,3,2,"fluegede,idealo",700.0,Mittel (500-1500km)
69d400827dca6ba0935b6c2e,RJK,FRA,nach DE,FRA,Hub,Rijeka,RJK,2,5,2,3,2,"fluegede,idealo",700.0,Mittel (500-1500km)
69d400827dca6ba0935b7eee,TZX,DUS,nach DE,DUS,Hub,Trabzon,TZX,2,5,2,2,2,"fluegede,idealo",2760.0,Lang (>1500km)
69d400827dca6ba0935b6c5f,RMF,CGN,nach DE,CGN,Hub,Marsa Alam,RMF,2,5,1,2,2,"fluegede,idealo",3654.0,Lang (>1500km)
69d400827dca6ba0935b767d,SVQ,CGN,nach DE,CGN,Hub,Sevilla,SVQ,2,5,1,2,2,"fluegede,idealo",1816.0,Lang (>1500km)
69d400827dca6ba0935a9d42,STR,ALC,ab DE,STR,Hub,Alicante,ALC,2,5,1,2,2,"fluegede,idealo",1398.0,Mittel (500-1500km)
69d400827dca6ba0935b28a2,CGN,SVQ,ab DE,CGN,Hub,Sevilla,SVQ,2,5,1,2,2,"fluegede,idealo",1816.0,Lang (>1500km)
69d400827dca6ba0935b37d8,FKB,SOF,ab DE,FKB,Provinz,Sofia,SOF,2,5,1,2,2,"fluegede,idealo",1365.0,Mittel (500-1500km)
69d400827dca6ba0935a9b72,ALC,STR,nach DE,STR,Hub,Alicante,ALC,2,5,1,2,2,"fluegede,idealo",1398.0,Mittel (500-1500km)
69d400827dca6ba0935b28a3,CGN,TNG,ab DE,CGN,Hub,Tangier,TNG,2,5,1,2,2,"fluegede,idealo",1981.0,Lang (>1500km)
69d400827dca6ba0935b6298,OTP,CGN,nach DE,CGN,Hub,Bucharest,OTP,2,5,1,2,2,"fluegede,idealo",1575.0,Lang (>1500km)
69d400827dca6ba0935b5eb0,NRN,AGA,ab DE,NRN,Provinz,Agadir,AGA,2,5,1,2,2,"fluegede,idealo",2690.0,Lang (>1500km)
69d400827dca6ba0935b1df6,BER,EMA,ab DE,BER,Hub,Nottingham,EMA,2,5,1,2,2,"fluegede,idealo",1001.0,Mittel (500-1500km)
69d400827dca6ba0935accaf,AHO,HHN,nach DE,HHN,Provinz,Alghero,AHO,2,5,1,2,2,"fluegede,idealo",1039.0,Mittel (500-1500km)
69d400827dca6ba0935acf7c,EDI,NRN,nach DE,NRN,Provinz,Edinburgh,EDI,2,5,1,1,2,"fluegede,idealo",789.0,Mittel (500-1500km)
69d400827dca6ba0935b21be,BNX,FMM,nach DE,FMM,Provinz,Banja Luka,BNX,2,5,1,1,2,"fluegede,idealo",638.0,Mittel (500-1500km)
69d400827dca6ba0935b804f,VAR,DUS,nach DE,DUS,Hub,Varna,VAR,2,5,1,1,2,"fluegede,idealo",1815.0,Lang (>1500km)
69d400827dca6ba0935b7798,SZF,CGN,nach DE,CGN,Hub,Samsun,SZF,2,5,1,1,2,"fluegede,idealo",2487.0,Lang (>1500km)
69d400827dca6ba0935b32f8,DUS,VAR,ab DE,DUS,Hub,Varna,VAR,2,5,1,1,2,"fluegede,idealo",1815.0,Lang (>1500km)
69d400827dca6ba0935b1d9c,BER,TFS,ab DE,BER,Hub,Tenerife Island,TFS,2,4,4,5,2,"fluegede,idealo",3669.0,Lang (>1500km)
69d400827dca6ba0935b3da8,HAM,RMO,ab DE,HAM,Hub,Chișinău,RMO,2,4,3,3,2,"fluegede,idealo",1532.0,Lang (>1500km)
69d400827dca6ba0935b393f,FRA,EFL,ab DE,FRA,Hub,Kefallinia Island,EFL,2,4,2,2,2,"fluegede,idealo",1628.0,Lang (>1500km)
69d400827dca6ba0935a8746,HAJ,PRN,ab DE,HAJ,Provinz,Lipjan,PRN,2,4,2,2,2,"fluegede,idealo",1388.0,Mittel (500-1500km)
69d400827dca6ba0935b4fa4,LEJ,CHQ,ab DE,LEJ,Provinz,Souda,CHQ,2,4,1,2,2,"fluegede,idealo",2006.0,Lang (>1500km)
69d400827dca6ba0935b3432,EBL,STR,nach DE,STR,Hub,Arbil,EBL,2,4,1,2,2,"fluegede,idealo",3132.0,Lang (>1500km)
69d400827dca6ba0935b3303,DUS,SVQ,ab DE,DUS,Hub,Sevilla,SVQ,2,4,1,2,2,"fluegede,idealo",1836.0,Lang (>1500km)
69d400827dca6ba0935b37d5,FKB,BBU,ab DE,FKB,Provinz,Bucharest,BBU,2,4,1,2,2,"fluegede,idealo",1451.0,Mittel (500-1500km)
69d400827dca6ba0935acf3f,DUB,FMM,nach DE,FMM,Provinz,Dublin,DUB,2,4,1,2,2,"fluegede,idealo",1306.0,Mittel (500-1500km)
69d400827dca6ba0935a87dd,SKG,HAJ,nach DE,HAJ,Provinz,Thessaloniki,SKG,2,4,1,2,2,"fluegede,idealo",1667.0,Lang (>1500km)
69d400827dca6ba0935b168a,AGA,NRN,nach DE,NRN,Provinz,Agadir,AGA,2,4,1,2,2,"fluegede,idealo",2690.0,Lang (>1500km)
69d400827dca6ba0935b766f,SVQ,DUS,nach DE,DUS,Hub,Sevilla,SVQ,2,4,1,2,2,"fluegede,idealo",1836.0,Lang (>1500km)
69d400827dca6ba0935b289e,CGN,PFO,ab DE,CGN,Hub,Paphos,PFO,2,4,1,1,2,"fluegede,idealo",2714.0,Lang (>1500km)
69d400827dca6ba0935b831b,WAW,DTM,nach DE,DTM,Provinz,Warsaw,WAW,2,4,1,1,2,"fluegede,idealo",919.0,Mittel (500-1500km)
69d400827dca6ba0935b6478,PFO,NRN,nach DE,NRN,Provinz,Paphos,PFO,2,4,1,1,2,"fluegede,idealo",2816.0,Lang (>1500km)
69d400827dca6ba0935b646d,PFO,CGN,nach DE,CGN,Hub,Paphos,PFO,2,4,1,1,2,"fluegede,idealo",2714.0,Lang (>1500km)
69d400827dca6ba0935abd96,LPA,STR,nach DE,STR,Hub,Gran Canaria Island,LPA,2,4,1,1,2,"fluegede,idealo",3125.0,Lang (>1500km)
69d400827dca6ba0935b53ff,LYS,BER,nach DE,BER,Hub,Lyon,LYS,2,3,4,4,2,"fluegede,idealo",958.0,Mittel (500-1500km)
69d400827dca6ba0935b1dfd,BER,LYS,ab DE,BER,Hub,Lyon,LYS,2,3,4,4,2,"fluegede,idealo",958.0,Mittel (500-1500km)
69d400827dca6ba0935b8b70,ZTH,FRA,nach DE,FRA,Hub,Zakynthos Island,ZTH,2,3,3,3,2,"fluegede,idealo",1681.0,Lang (>1500km)
69d400827dca6ba0935ae957,FRA,LAD,ab DE,FRA,Hub,Luanda,LAD,2,3,3,3,2,"fluegede,idealo",6563.0,Lang (>1500km)
69d400827dca6ba0935adf64,BCN,NUE,nach DE,NUE,Provinz,Barcelona,BCN,2,3,2,3,2,"fluegede,idealo",1149.0,Mittel (500-1500km)
69d400827dca6ba0935b288c,CGN,CAI,ab DE,CGN,Hub,Cairo,CAI,2,3,2,3,2,"fluegede,idealo",3059.0,Lang (>1500km)
69d400827dca6ba0935ae02f,NUE,BCN,ab DE,NUE,Provinz,Barcelona,BCN,2,3,2,3,2,"fluegede,idealo",1149.0,Mittel (500-1500km)
69d400827dca6ba0935b2679,CAI,CGN,nach DE,CGN,Hub,Cairo,CAI,2,3,2,3,2,"fluegede,idealo",3059.0,Lang (>1500km)
69d400827dca6ba0935a9d3b,SMI,MUC,nach DE,MUC,Hub,Samos Island,SMI,2,3,2,2,2,"fluegede,idealo",1702.0,Lang (>1500km)
69d400827dca6ba0935b5a73,MUC,BOO,ab DE,MUC,Hub,Bodø,BOO,2,3,2,2,2,"fluegede,idealo",2108.0,Lang (>1500km)
69d400827dca6ba0935b395a,FRA,BDS,ab DE,FRA,Hub,Brindisi,BDS,2,3,2,2,2,"fluegede,idealo",1273.0,Mittel (500-1500km)
69d400827dca6ba0935b1d27,BDS,FRA,nach DE,FRA,Hub,Brindisi,BDS,2,3,2,2,2,"fluegede,idealo",1273.0,Mittel (500-1500km)
69d400827dca6ba0935b5fdb,OGU,DUS,nach DE,DUS,Hub,Ordu,OGU,2,3,2,2,2,"fluegede,idealo",2645.0,Lang (>1500km)
69d400827dca6ba0935afce4,FDH,AYT,ab DE,FDH,Provinz,Antalya,AYT,2,3,2,2,2,"fluegede,idealo",2111.0,Lang (>1500km)
69d400827dca6ba0935b2299,BOO,MUC,nach DE,MUC,Hub,Bodø,BOO,2,3,2,2,2,"fluegede,idealo",2108.0,Lang (>1500km)
69d400827dca6ba0935b36bb,EZS,CGN,nach DE,CGN,Hub,Elazig,EZS,2,3,2,2,2,"fluegede,idealo",2850.0,Lang (>1500km)
69d400827dca6ba0935b36bc,EZS,DUS,nach DE,DUS,Hub,Elazig,EZS,2,3,1,2,2,"fluegede,idealo",2889.0,Lang (>1500km)
69d400827dca6ba0935b81e6,VNO,DUS,nach DE,DUS,Hub,Vilnius,VNO,2,3,1,2,2,"fluegede,idealo",1291.0,Mittel (500-1500km)
69d400827dca6ba0935abdd1,STR,XRY,ab DE,STR,Hub,Jerez de la Forntera,XRY,2,3,1,2,2,"fluegede,idealo",1816.0,Lang (>1500km)
69d400827dca6ba0935b66c6,PMO,STR,nach DE,STR,Hub,Palermo,PMO,2,3,1,2,2,"fluegede,idealo",1210.0,Mittel (500-1500km)
69d400827dca6ba0935b3d12,HAJ,EBL,ab DE,HAJ,Provinz,Arbil,EBL,2,3,1,2,2,"fluegede,idealo",3222.0,Lang (>1500km)
69d400827dca6ba0935b5a6b,MUC,RMO,ab DE,MUC,Hub,Chișinău,RMO,2,3,1,2,2,"fluegede,idealo",1291.0,Mittel (500-1500km)
69d400827dca6ba0935b7560,STR,PMO,ab DE,STR,Hub,Palermo,PMO,2,3,1,2,2,"fluegede,idealo",1210.0,Mittel (500-1500km)
69d400827dca6ba0935b3317,DUS,VNO,ab DE,DUS,Hub,Vilnius,VNO,2,3,1,2,2,"fluegede,idealo",1291.0,Mittel (500-1500km)
69d400827dca6ba0935b6cb1,RMO,MUC,nach DE,MUC,Hub,Chișinău,RMO,2,3,1,2,2,"fluegede,idealo",1291.0,Mittel (500-1500km)
69d400827dca6ba0935b2f0e,DBV,NRN,nach DE,NRN,Provinz,Dubrovnik,DBV,2,3,1,2,2,"fluegede,idealo",1358.0,Mittel (500-1500km)
69d400827dca6ba0935b5ebd,NRN,DBV,ab DE,NRN,Provinz,Dubrovnik,DBV,2,3,1,2,2,"fluegede,idealo",1358.0,Mittel (500-1500km)
69d400827dca6ba0935b6ebd,SAW,BRE,nach DE,BRE,Provinz,Istanbul,SAW,2,3,1,1,2,"fluegede,idealo",2048.0,Lang (>1500km)
69d400827dca6ba0935b3948,FRA,KVA,ab DE,FRA,Hub,Kavala,KVA,2,3,1,1,2,"fluegede,idealo",1606.0,Lang (>1500km)
69d400827dca6ba0935b66c1,PMO,NUE,nach DE,NUE,Provinz,Palermo,PMO,2,3,1,1,2,"fluegede,idealo",1269.0,Mittel (500-1500km)
69d400827dca6ba0935b3916,FRA,ORK,ab DE,FRA,Hub,Cork,ORK,2,3,1,1,2,"fluegede,idealo",1208.0,Mittel (500-1500km)
69d400827dca6ba0935b3278,DTM,CRA,ab DE,DTM,Provinz,Craiova,CRA,2,3,1,1,2,"fluegede,idealo",1448.0,Mittel (500-1500km)
69d400827dca6ba0935b767b,SVQ,FKB,nach DE,FKB,Provinz,Sevilla,SVQ,2,3,1,1,2,"fluegede,idealo",1693.0,Lang (>1500km)
69d400827dca6ba0935b5940,MRS,DUS,nach DE,DUS,Hub,Marseille,MRS,2,3,1,1,2,"fluegede,idealo",881.0,Mittel (500-1500km)
69d400827dca6ba0935ad07e,HHN,AHO,ab DE,HHN,Provinz,Alghero,AHO,2,3,1,1,2,"fluegede,idealo",1039.0,Mittel (500-1500km)
69d400827dca6ba0935b3886,FMO,ALC,ab DE,FMO,Provinz,Alicante,ALC,2,3,1,1,2,"fluegede,idealo",1668.0,Lang (>1500km)
69d400827dca6ba0935b1d52,BEG,HAJ,nach DE,HAJ,Provinz,Belgrad,BEG,2,3,1,1,2,"fluegede,idealo",1152.0,Mittel (500-1500km)
69d400827dca6ba0935b3871,FMM,VLC,ab DE,FMM,Provinz,Valencia,VLC,2,3,1,1,2,"fluegede,idealo",1276.0,Mittel (500-1500km)
69d400827dca6ba0935b633e,PAD,ALC,ab DE,PAD,Provinz,Alicante,ALC,2,3,1,1,2,"fluegede,idealo",1646.0,Lang (>1500km)
69d400827dca6ba0935b7efd,TZX,STR,nach DE,STR,Hub,Trabzon,TZX,2,3,1,1,2,"fluegede,idealo",2537.0,Lang (>1500km)
69d400827dca6ba0935b4d43,KUT,HHN,nach DE,HHN,Provinz,Kutaisi,KUT,2,3,1,1,2,"fluegede,idealo",2821.0,Lang (>1500km)
69d400827dca6ba0935b3db4,HAM,EVN,ab DE,HAM,Hub,Yerevan,EVN,2,3,1,1,2,"fluegede,idealo",2972.0,Lang (>1500km)
69d400827dca6ba0935b8a04,ZAD,BRE,nach DE,BRE,Provinz,Zadar,ZAD,2,3,1,1,2,"fluegede,idealo",1104.0,Mittel (500-1500km)
69d400827dca6ba0935b4d27,KUN,CGN,nach DE,CGN,Hub,Kaunas,KUN,2,3,1,1,2,"fluegede,idealo",1220.0,Mittel (500-1500km)
69d400827dca6ba0935ad006,FMM,CHQ,ab DE,FMM,Provinz,Souda,CHQ,2,3,1,1,2,"fluegede,idealo",1797.0,Lang (>1500km)
69d400827dca6ba0935b5eb5,NRN,TPS,ab DE,NRN,Provinz,Trapani,TPS,2,3,1,1,2,"fluegede,idealo",1601.0,Lang (>1500km)
69d400827dca6ba0935ace8e,CHQ,FMM,nach DE,FMM,Provinz,Souda,CHQ,2,3,1,1,2,"fluegede,idealo",1797.0,Lang (>1500km)
69d400827dca6ba0935abd73,HAJ,DLM,ab DE,HAJ,Provinz,Dalaman,DLM,2,3,1,1,2,"fluegede,idealo",2300.0,Lang (>1500km)
69d400827dca6ba0935ae96b,FRA,RUH,ab DE,FRA,Hub,Riyadh,RUH,2,3,1,1,2,"fluegede,idealo",4294.0,Lang (>1500km)
69d400827dca6ba0935b1275,ADB,DTM,nach DE,DTM,Provinz,Izmir,ADB,2,3,1,1,2,"fluegede,idealo",2116.0,Lang (>1500km)
69d400827dca6ba0935b3888,FMO,STN,ab DE,FMO,Provinz,London,STN,2,3,1,1,2,"fluegede,idealo",510.0,Mittel (500-1500km)
69d400827dca6ba0935a8748,HAJ,SKG,ab DE,HAJ,Provinz,Thessaloniki,SKG,2,3,1,1,2,"fluegede,idealo",1667.0,Lang (>1500km)
69d400827dca6ba0935ad0c5,KIR,HHN,nach DE,HHN,Provinz,Killarney,KIR,2,3,1,1,2,"fluegede,idealo",1196.0,Mittel (500-1500km)
69d400827dca6ba0935b89fc,ZAD,FMO,nach DE,FMO,Provinz,Zadar,ZAD,2,3,1,1,2,"fluegede,idealo",1057.0,Mittel (500-1500km)
69d400827dca6ba0935b124e,HAJ,XRY,ab DE,HAJ,Provinz,Jerez de la Forntera,XRY,2,3,1,1,2,"fluegede,idealo",2137.0,Lang (>1500km)
69d400827dca6ba0935b5a68,MUC,OSI,ab DE,MUC,Hub,Osijek,OSI,2,3,1,1,2,"fluegede,idealo",623.0,Mittel (500-1500km)
69d400827dca6ba0935ad08c,HHN,KIR,ab DE,HHN,Provinz,Killarney,KIR,2,3,1,1,2,"fluegede,idealo",1196.0,Mittel (500-1500km)
69d400827dca6ba0935ad227,NRN,AOI,ab DE,NRN,Provinz,Ancona,AOI,2,3,1,1,2,"fluegede,idealo",1039.0,Mittel (500-1500km)
69d400827dca6ba0935b1e02,BER,REG,ab DE,BER,Hub,Reggio Calabria,REG,2,3,1,1,2,"fluegede,idealo",1598.0,Lang (>1500km)
69d400827dca6ba0935b3336,DUS,TLL,ab DE,DUS,Hub,Tallinn,TLL,2,3,1,1,2,"fluegede,idealo",1448.0,Mittel (500-1500km)
69d400827dca6ba0935b288d,CGN,EBL,ab DE,CGN,Hub,Arbil,EBL,2,3,1,1,2,"fluegede,idealo",3336.0,Lang (>1500km)
69d400827dca6ba0935b6c28,RJK,HHN,nach DE,HHN,Provinz,Rijeka,RJK,2,3,1,1,2,"fluegede,idealo",759.0,Mittel (500-1500km)
69d400827dca6ba0935b35ce,ESB,HAJ,nach DE,HAJ,Provinz,Ankara,ESB,2,3,1,1,2,"fluegede,idealo",2239.0,Lang (>1500km)
69d400827dca6ba0935b5f5f,NUE,OPO,ab DE,NUE,Provinz,Porto,OPO,2,3,1,1,2,"fluegede,idealo",1787.0,Lang (>1500km)
69d400827dca6ba0935b4d4c,KVA,FRA,nach DE,FRA,Hub,Kavala,KVA,2,3,1,1,2,"fluegede,idealo",1606.0,Lang (>1500km)
69d400827dca6ba0935b37d1,FKB,SVQ,ab DE,FKB,Provinz,Sevilla,SVQ,2,3,1,1,2,"fluegede,idealo",1693.0,Lang (>1500km)
69d400827dca6ba0935b3fa8,HHN,KUT,ab DE,HHN,Provinz,Kutaisi,KUT,2,3,1,1,2,"fluegede,idealo",2821.0,Lang (>1500km)
69d400827dca6ba0935b5f52,NUE,PMO,ab DE,NUE,Provinz,Palermo,PMO,2,3,1,1,2,"fluegede,idealo",1269.0,Mittel (500-1500km)
69d400827dca6ba0935b3616,EVN,HAM,nach DE,HAM,Hub,Yerevan,EVN,2,3,1,1,2,"fluegede,idealo",2972.0,Lang (>1500km)
69d400827dca6ba0935b6c64,RMF,NUE,nach DE,NUE,Provinz,Marsa Alam,RMF,2,3,1,1,2,"fluegede,idealo",3345.0,Lang (>1500km)
69d400827dca6ba0935ad07d,HHN,AGP,ab DE,HHN,Provinz,Malaga,AGP,2,3,1,1,2,"fluegede,idealo",1752.0,Lang (>1500km)
69d400827dca6ba0935b2c75,CRA,DTM,nach DE,DTM,Provinz,Craiova,CRA,2,3,1,1,2,"fluegede,idealo",1448.0,Mittel (500-1500km)
69d400827dca6ba0935b7a6c,TGD,BER,nach DE,BER,Hub,Podgorica,TGD,2,3,1,1,2,"fluegede,idealo",1193.0,Mittel (500-1500km)
69d400827dca6ba0935b44a8,INI,DTM,nach DE,DTM,Provinz,Nis,INI,2,3,1,1,2,"fluegede,idealo",1401.0,Mittel (500-1500km)
69d400827dca6ba0935b1e21,BER,TGD,ab DE,BER,Hub,Podgorica,TGD,2,3,1,1,2,"fluegede,idealo",1193.0,Mittel (500-1500km)
69d400827dca6ba0935aea19,NCL,DUS,nach DE,DUS,Hub,Newcastle,NCL,2,3,1,1,2,"fluegede,idealo",700.0,Mittel (500-1500km)
69d400827dca6ba0935b70a1,SGN,MUC,nach DE,MUC,Hub,Ho Chi Minh City,SGN,2,3,1,1,2,"fluegede,idealo",9466.0,Lang (>1500km)
69d400827dca6ba0935b288f,CGN,KUN,ab DE,CGN,Hub,Kaunas,KUN,2,3,1,1,2,"fluegede,idealo",1220.0,Mittel (500-1500km)
69d400827dca6ba0935b3889,FMO,ZAD,ab DE,FMO,Provinz,Zadar,ZAD,2,3,1,1,2,"fluegede,idealo",1057.0,Mittel (500-1500km)
69d400827dca6ba0935b5bf3,NAP,NUE,nach DE,NUE,Provinz,Napoli,NAP,2,3,1,1,2,"fluegede,idealo",990.0,Mittel (500-1500km)
69d400827dca6ba0935acffe,FKB,SKG,ab DE,FKB,Provinz,Thessaloniki,SKG,2,3,1,1,2,"fluegede,idealo",1489.0,Mittel (500-1500km)
69d400827dca6ba0935b6f22,SCN,TPS,ab DE,SCN,Provinz,Trapani,TPS,2,3,1,1,2,"fluegede,idealo",1329.0,Mittel (500-1500km)
69d400827dca6ba0935b1285,DTM,ADB,ab DE,DTM,Provinz,Izmir,ADB,2,3,1,1,2,"fluegede,idealo",2116.0,Lang (>1500km)
69d400827dca6ba0935b37d6,FKB,BNX,ab DE,FKB,Provinz,Banja Luka,BNX,2,3,1,1,2,"fluegede,idealo",820.0,Mittel (500-1500km)
69d400827dca6ba0935b6f23,SCN,HER,ab DE,SCN,Provinz,Heraklion,HER,2,3,1,1,2,"fluegede,idealo",2132.0,Lang (>1500km)
69d400827dca6ba0935b779c,SZF,STR,nach DE,STR,Hub,Samsun,SZF,2,3,1,1,2,"fluegede,idealo",2289.0,Lang (>1500km)
69d400827dca6ba0935b3d27,HAJ,BOJ,ab DE,HAJ,Provinz,Burgas,BOJ,2,3,1,1,2,"fluegede,idealo",1725.0,Lang (>1500km)
69d400827dca6ba0935b330d,DUS,MRS,ab DE,DUS,Hub,Marseille,MRS,2,3,1,1,2,"fluegede,idealo",881.0,Mittel (500-1500km)
69d400827dca6ba0935b3dab,HAM,BIO,ab DE,HAM,Hub,Bilbao,BIO,2,3,1,1,2,"fluegede,idealo",1487.0,Mittel (500-1500km)
69d400827dca6ba0935b17fe,ALC,PAD,nach DE,PAD,Provinz,Alicante,ALC,2,3,1,1,2,"fluegede,idealo",1646.0,Lang (>1500km)
69d400827dca6ba0935b5f51,NUE,NAP,ab DE,NUE,Provinz,Napoli,NAP,2,3,1,1,2,"fluegede,idealo",990.0,Mittel (500-1500km)
69d400827dca6ba0935b1dc7,BER,RAK,ab DE,BER,Hub,Marrakech,RAK,2,3,1,1,2,"fluegede,idealo",2891.0,Lang (>1500km)
69d400827dca6ba0935b2615,BZO,HAJ,nach DE,HAJ,Provinz,Bolzano,BZO,2,3,1,1,2,"fluegede,idealo",678.0,Mittel (500-1500km)
69d400827dca6ba0935b2614,BZO,KSF,nach DE,KSF,Provinz,Bolzano,BZO,2,3,1,1,2,"fluegede,idealo",568.0,Mittel (500-1500km)
69d400827dca6ba0935b1263,XRY,HAJ,nach DE,HAJ,Provinz,Jerez de la Forntera,XRY,2,3,1,1,2,"fluegede,idealo",2137.0,Lang (>1500km)
69d400827dca6ba0935b7d1d,TPS,NRN,nach DE,NRN,Provinz,Trapani,TPS,2,3,1,1,2,"fluegede,idealo",1601.0,Lang (>1500km)
69d400827dca6ba0935acc8c,AGP,HHN,nach DE,HHN,Provinz,Malaga,AGP,2,3,1,1,2,"fluegede,idealo",1752.0,Lang (>1500km)
69d400827dca6ba0935b6194,ORK,FRA,nach DE,FRA,Hub,Cork,ORK,2,3,1,1,2,"fluegede,idealo",1208.0,Mittel (500-1500km)
69d400827dca6ba0935b231e,BRE,SAW,ab DE,BRE,Provinz,Istanbul,SAW,2,3,1,1,2,"fluegede,idealo",2048.0,Lang (>1500km)
69d400827dca6ba0935b3279,DTM,INI,ab DE,DTM,Provinz,Nis,INI,2,3,1,1,2,"fluegede,idealo",1401.0,Mittel (500-1500km)
69d400827dca6ba0935b37c7,FKB,TSR,ab DE,FKB,Provinz,Timisoara,TSR,2,3,1,1,2,"fluegede,idealo",1051.0,Mittel (500-1500km)
69d400827dca6ba0935b1d57,BEG,NUE,nach DE,NUE,Provinz,Belgrad,BEG,2,3,1,1,2,"fluegede,idealo",870.0,Mittel (500-1500km)
69d400827dca6ba0935b3d05,GZT,STR,nach DE,STR,Hub,Gaziantep,GZT,2,3,1,1,2,"fluegede,idealo",2627.0,Lang (>1500km)
69d400827dca6ba0935a8765,HAM,NAP,ab DE,HAM,Hub,Napoli,NAP,2,3,1,1,2,"fluegede,idealo",1453.0,Mittel (500-1500km)
69d400827dca6ba0935b1e00,BER,NTE,ab DE,BER,Hub,Nantes,NTE,2,3,1,1,2,"fluegede,idealo",1227.0,Mittel (500-1500km)
69d400827dca6ba0935b3fa5,HHN,RJK,ab DE,HHN,Provinz,Rijeka,RJK,2,3,1,1,2,"fluegede,idealo",759.0,Mittel (500-1500km)
69d400827dca6ba0935b7583,STR,TZX,ab DE,STR,Hub,Trabzon,TZX,2,3,1,1,2,"fluegede,idealo",2537.0,Lang (>1500km)
69d400827dca6ba0935b1fde,BIO,HAM,nach DE,HAM,Hub,Bilbao,BIO,2,3,1,1,2,"fluegede,idealo",1487.0,Mittel (500-1500km)
69d400827dca6ba0935b7b91,TLL,DUS,nach DE,DUS,Hub,Tallinn,TLL,2,3,1,1,2,"fluegede,idealo",1448.0,Mittel (500-1500km)
69d400827dca6ba0935b5a7e,MUC,SXB,ab DE,MUC,Hub,Strasbourg,SXB,2,3,1,1,2,"fluegede,idealo",307.0,Kurz (0-500km)
69d400827dca6ba0935b3fa2,HHN,VAR,ab DE,HHN,Provinz,Varna,VAR,2,3,1,1,2,"fluegede,idealo",1732.0,Lang (>1500km)
69d400827dca6ba0935ad23a,NRN,OUD,ab DE,NRN,Provinz,Oujda,OUD,2,3,1,1,2,"fluegede,idealo",1978.0,Lang (>1500km)
69d400827dca6ba0935b17f7,ALC,FMO,nach DE,FMO,Provinz,Alicante,ALC,2,3,1,1,2,"fluegede,idealo",1668.0,Lang (>1500km)
69d400827dca6ba0935b68d7,PUY,FMM,nach DE,FMM,Provinz,Pula,PUY,2,3,1,1,2,"fluegede,idealo",445.0,Kurz (0-500km)
69d400827dca6ba0935b5f04,NTE,BER,nach DE,BER,Hub,Nantes,NTE,2,3,1,1,2,"fluegede,idealo",1227.0,Mittel (500-1500km)
69d400827dca6ba0935b7e0c,TSR,FKB,nach DE,FKB,Provinz,Timisoara,TSR,2,3,1,1,2,"fluegede,idealo",1051.0,Mittel (500-1500km)
69d400827dca6ba0935b7d21,TPS,SCN,nach DE,SCN,Provinz,Trapani,TPS,2,3,1,1,2,"fluegede,idealo",1329.0,Mittel (500-1500km)
69d400827dca6ba0935b5f62,NUE,RBA,ab DE,NUE,Provinz,Rabat,RBA,2,3,1,1,2,"fluegede,idealo",2254.0,Lang (>1500km)
69d400827dca6ba0935a9ba2,CFU,FMO,nach DE,FMO,Provinz,Kerkyra Island,CFU,2,3,1,1,2,"fluegede,idealo",1680.0,Lang (>1500km)
69d400827dca6ba0935b60f7,OPO,NUE,nach DE,NUE,Provinz,Porto,OPO,2,3,1,1,2,"fluegede,idealo",1787.0,Lang (>1500km)
69d400827dca6ba0935abd41,FNC,HAM,nach DE,HAM,Hub,Funchal,FNC,2,3,1,1,2,"fluegede,idealo",3146.0,Lang (>1500km)
69d400827dca6ba0935ae884,HAM,SCN,Inland,HAM,Hub,,,2,3,1,1,2,"fluegede,idealo",530.0,Mittel (500-1500km)
69d400827dca6ba0935b5eba,NRN,PFO,ab DE,NRN,Provinz,Paphos,PFO,2,3,1,1,2,"fluegede,idealo",2816.0,Lang (>1500km)
69d400827dca6ba0935b3d0a,GZT,FRA,nach DE,FRA,Hub,Gaziantep,GZT,2,3,1,1,2,"fluegede,idealo",2724.0,Lang (>1500km)
69d400827dca6ba0935b5f5e,NUE,BEG,ab DE,NUE,Provinz,Belgrad,BEG,2,3,1,1,2,"fluegede,idealo",870.0,Mittel (500-1500km)
69d400827dca6ba0935b3d1b,HAJ,BZO,ab DE,HAJ,Provinz,Bolzano,BZO,2,3,1,1,2,"fluegede,idealo",678.0,Mittel (500-1500km)
69d400827dca6ba0935b307a,DJE,STR,nach DE,STR,Hub,Djerba,DJE,2,3,1,1,2,"fluegede,idealo",1652.0,Lang (>1500km)
69d400827dca6ba0935b6b40,REG,BER,nach DE,BER,Hub,Reggio Calabria,REG,2,3,1,1,2,"fluegede,idealo",1598.0,Lang (>1500km)
69d400827dca6ba0935b76ef,SXB,MUC,nach DE,MUC,Hub,Strasbourg,SXB,2,3,1,1,2,"fluegede,idealo",307.0,Kurz (0-500km)
69d400827dca6ba0935b8060,VAR,HHN,nach DE,HHN,Provinz,Varna,VAR,2,3,1,1,2,"fluegede,idealo",1732.0,Lang (>1500km)
69d400827dca6ba0935b3d1d,HAJ,BEG,ab DE,HAJ,Provinz,Belgrad,BEG,2,3,1,1,2,"fluegede,idealo",1152.0,Mittel (500-1500km)
69d400827dca6ba0935b3868,FMM,PUY,ab DE,FMM,Provinz,Pula,PUY,2,3,1,1,2,"fluegede,idealo",445.0,Kurz (0-500km)
69d400827dca6ba0935b4c3c,KSF,BZO,ab DE,KSF,Provinz,Bolzano,BZO,2,3,1,1,2,"fluegede,idealo",568.0,Mittel (500-1500km)
69d400827dca6ba0935b7574,STR,DJE,ab DE,STR,Hub,Djerba,DJE,2,3,1,1,2,"fluegede,idealo",1652.0,Lang (>1500km)
69d400827dca6ba0935b330a,DUS,EZS,ab DE,DUS,Hub,Elazig,EZS,2,3,1,1,2,"fluegede,idealo",2889.0,Lang (>1500km)
69d400827dca6ba0935b6a85,RAK,HAM,nach DE,HAM,Hub,Marrakech,RAK,2,2,4,4,2,"fluegede,idealo",2840.0,Lang (>1500km)
69d400827dca6ba0935b3db8,HAM,RAK,ab DE,HAM,Hub,Marrakech,RAK,2,2,4,4,2,"fluegede,idealo",2840.0,Lang (>1500km)
69d400827dca6ba0935b6983,PVK,BER,nach DE,BER,Hub,Preveza/Lefkada,PVK,2,2,4,4,2,"fluegede,idealo",1595.0,Lang (>1500km)
69d400827dca6ba0935b3989,FUE,BER,nach DE,BER,Hub,Fuerteventura Island,FUE,2,2,4,4,2,"fluegede,idealo",3485.0,Lang (>1500km)
69d400827dca6ba0935b1db1,BER,FUE,ab DE,BER,Hub,Fuerteventura Island,FUE,2,2,4,4,2,"fluegede,idealo",3485.0,Lang (>1500km)
69d400827dca6ba0935b1e01,BER,PVK,ab DE,BER,Hub,Preveza/Lefkada,PVK,2,2,4,4,2,"fluegede,idealo",1595.0,Lang (>1500km)
69d5517250bd478097d56668,BOJ,DRS,nach DE,DRS,Provinz,Burgas,BOJ,2,2,3,3,2,"fluegede,idealo",1410.0,Mittel (500-1500km)
69d400827dca6ba0935b47e8,JMK,FRA,nach DE,FRA,Hub,Mykonos Island,JMK,2,2,3,3,2,"fluegede,idealo",1936.0,Lang (>1500km)
69d5517550bd478097d5fb08,RHO,FMO,nach DE,FMO,Provinz,Rodes Island,RHO,2,2,3,3,2,"fluegede,idealo",2371.0,Lang (>1500km)
69d400827dca6ba0935b6d78,RSW,FRA,nach DE,FRA,Hub,Fort Myers,RSW,2,2,3,3,2,"fluegede,idealo",7802.0,Lang (>1500km)
69d400827dca6ba0935b5a75,MUC,EFL,ab DE,MUC,Hub,Kefallinia Island,EFL,2,2,3,3,2,"fluegede,idealo",1337.0,Mittel (500-1500km)
69d400827dca6ba0935b34d1,EFL,MUC,nach DE,MUC,Hub,Kefallinia Island,EFL,2,2,3,3,2,"fluegede,idealo",1337.0,Mittel (500-1500km)
69d400827dca6ba0935a916d,MUC,KLX,ab DE,MUC,Hub,Kalamata,KLX,2,2,3,3,2,"fluegede,idealo",1505.0,Lang (>1500km)
69d400827dca6ba0935b3924,FRA,RSW,ab DE,FRA,Hub,Fort Myers,RSW,2,2,3,3,2,"fluegede,idealo",7802.0,Lang (>1500km)
69d5517350bd478097d5950a,FMO,RHO,ab DE,FMO,Provinz,Rodes Island,RHO,2,2,3,3,2,"fluegede,idealo",2371.0,Lang (>1500km)
69d400827dca6ba0935b5a86,MUC,EVE,ab DE,MUC,Hub,Evenes,EVE,2,2,2,2,2,"fluegede,idealo",2256.0,Lang (>1500km)
69d400827dca6ba0935a9126,DUS,KLX,ab DE,DUS,Hub,Kalamata,KLX,2,2,2,2,2,"fluegede,idealo",1987.0,Lang (>1500km)
69d400827dca6ba0935b4876,JSI,FRA,nach DE,FRA,Hub,Skiathos,JSI,2,2,2,2,2,"fluegede,idealo",1685.0,Lang (>1500km)
69d400827dca6ba0935a9d3f,SPC,DUS,nach DE,DUS,Hub,Sta Cruz de la Palma,SPC,2,2,2,2,2,"fluegede,idealo",3242.0,Lang (>1500km)
69d400827dca6ba0935b2251,BOJ,FRA,nach DE,FRA,Hub,Burgas,BOJ,2,2,2,2,2,"fluegede,idealo",1670.0,Lang (>1500km)
69d400827dca6ba0935b330e,DUS,OGU,ab DE,DUS,Hub,Ordu,OGU,2,2,2,2,2,"fluegede,idealo",2645.0,Lang (>1500km)
69d400827dca6ba0935b7a39,TFU,FRA,nach DE,FRA,Hub,Tianfu,TFU,2,2,2,2,2,"fluegede,idealo",7868.0,Lang (>1500km)
69d400827dca6ba0935b122a,MCT,MUC,nach DE,MUC,Hub,Muscat,MCT,2,2,2,2,2,"fluegede,idealo",4902.0,Lang (>1500km)
69d400827dca6ba0935b1230,MUC,MCT,ab DE,MUC,Hub,Muscat,MCT,2,2,2,2,2,"fluegede,idealo",4902.0,Lang (>1500km)
69d400827dca6ba0935b395b,FRA,BOO,ab DE,FRA,Hub,Bodø,BOO,2,2,2,2,2,"fluegede,idealo",1945.0,Lang (>1500km)
69d400827dca6ba0935b393d,FRA,BOJ,ab DE,FRA,Hub,Burgas,BOJ,2,2,2,2,2,"fluegede,idealo",1670.0,Lang (>1500km)
69d400827dca6ba0935b2898,CGN,EZS,ab DE,CGN,Hub,Elazig,EZS,2,2,2,2,2,"fluegede,idealo",2850.0,Lang (>1500km)
69d400827dca6ba0935b3945,FRA,JSI,ab DE,FRA,Hub,Skiathos,JSI,2,2,2,2,2,"fluegede,idealo",1685.0,Lang (>1500km)
69d400827dca6ba0935b3600,EVE,MUC,nach DE,MUC,Hub,Evenes,EVE,2,2,2,2,2,"fluegede,idealo",2256.0,Lang (>1500km)
69d400827dca6ba0935b229a,BOO,FRA,nach DE,FRA,Hub,Bodø,BOO,2,2,2,2,2,"fluegede,idealo",1945.0,Lang (>1500km)
69d400827dca6ba0935b3929,FRA,TFU,ab DE,FRA,Hub,Tianfu,TFU,2,2,2,2,2,"fluegede,idealo",7868.0,Lang (>1500km)
69d400827dca6ba0935a8743,HAJ,MXP,ab DE,HAJ,Provinz,Milan,MXP,2,2,1,1,3,"check24,fluegede,idealo",763.0,Mittel (500-1500km)
69d400827dca6ba0935b621a,OSI,MUC,nach DE,MUC,Hub,Osijek,OSI,2,2,1,1,2,"fluegede,idealo",623.0,Mittel (500-1500km)
69d400827dca6ba0935b7b7c,TLL,HAM,nach DE,HAM,Hub,Tallinn,TLL,2,2,1,1,2,"fluegede,idealo",1111.0,Mittel (500-1500km)
69d400827dca6ba0935b2a87,CLJ,NUE,nach DE,NUE,Provinz,Cluj-Napoca,CLJ,2,2,1,1,2,"fluegede,idealo",982.0,Mittel (500-1500km)
69d400827dca6ba0935b1e0d,BER,XRY,ab DE,BER,Hub,Jerez de la Forntera,XRY,2,2,1,1,2,"fluegede,idealo",2313.0,Lang (>1500km)
69d400827dca6ba0935b3a51,GDN,DUS,nach DE,DUS,Hub,Gdańsk,GDN,2,2,1,1,2,"fluegede,idealo",856.0,Mittel (500-1500km)
69d400827dca6ba0935ad29b,OUD,NRN,nach DE,NRN,Provinz,Oujda,OUD,2,2,1,1,2,"fluegede,idealo",1978.0,Lang (>1500km)
69d400827dca6ba0935b1dd9,BER,PFO,ab DE,BER,Hub,Paphos,PFO,2,2,1,1,2,"fluegede,idealo",2472.0,Lang (>1500km)
69d400827dca6ba0935b6c02,RIX,FMM,nach DE,FMM,Provinz,Riga,RIX,2,2,1,1,2,"fluegede,idealo",1356.0,Mittel (500-1500km)
69d5517350bd478097d59efa,HAJ,SID,ab DE,HAJ,Provinz,Espargos,SID,2,2,1,1,2,"fluegede,idealo",4889.0,Lang (>1500km)
69d400827dca6ba0935b327a,DTM,GHV,ab DE,DTM,Provinz,Braşov,GHV,2,2,1,1,2,"fluegede,idealo",1462.0,Mittel (500-1500km)
69d400827dca6ba0935aff56,ASB,FRA,nach DE,FRA,Hub,Ashgabat,ASB,2,2,1,1,2,"fluegede,idealo",4117.0,Lang (>1500km)
69d400827dca6ba0935acdaf,BRE,AGP,ab DE,BRE,Provinz,Malaga,AGP,2,2,1,1,2,"fluegede,idealo",2093.0,Lang (>1500km)
69d400827dca6ba0935b7a72,TGD,FKB,nach DE,FKB,Provinz,Podgorica,TGD,2,2,1,1,2,"fluegede,idealo",1123.0,Mittel (500-1500km)
69d400827dca6ba0935b5f6d,NUE,RMF,ab DE,NUE,Provinz,Marsa Alam,RMF,2,2,1,1,2,"fluegede,idealo",3345.0,Lang (>1500km)
69d400827dca6ba0935b224f,BOJ,HAJ,nach DE,HAJ,Provinz,Burgas,BOJ,2,2,1,1,2,"fluegede,idealo",1725.0,Lang (>1500km)
69d400827dca6ba0935b3aa5,GHV,FMM,nach DE,FMM,Provinz,Braşov,GHV,2,2,1,1,2,"fluegede,idealo",1188.0,Mittel (500-1500km)
69d400827dca6ba0935b37cc,FKB,SJJ,ab DE,FKB,Provinz,Sarajevo,SJJ,2,2,1,1,2,"fluegede,idealo",960.0,Mittel (500-1500km)
69d400827dca6ba0935a876d,HAM,RJK,ab DE,HAM,Hub,Rijeka,RJK,2,2,1,1,2,"fluegede,idealo",992.0,Mittel (500-1500km)
69d400827dca6ba0935abdbf,SDQ,FRA,nach DE,FRA,Hub,Santo Domingo,SDQ,2,2,1,1,2,"fluegede,idealo",7615.0,Lang (>1500km)
69d400827dca6ba0935a871f,DUS,NQY,ab DE,DUS,Hub,Newquay,NQY,2,2,1,1,2,"fluegede,idealo",830.0,Mittel (500-1500km)
69d400827dca6ba0935b2612,BZO,DRS,nach DE,DRS,Provinz,Bolzano,BZO,2,2,1,1,2,"fluegede,idealo",549.0,Mittel (500-1500km)
69d400827dca6ba0935b0a12,FRA,CMB,ab DE,FRA,Hub,Colombo,CMB,2,2,1,1,2,"fluegede,idealo",8068.0,Lang (>1500km)
69d400827dca6ba0935b3438,EBL,HAM,nach DE,HAM,Hub,Arbil,EBL,2,2,1,1,2,"fluegede,idealo",3251.0,Lang (>1500km)
69d400827dca6ba0935b1c66,BBU,HHN,nach DE,HHN,Provinz,Bucharest,BBU,2,2,1,1,2,"fluegede,idealo",1541.0,Lang (>1500km)
69d400827dca6ba0935b331f,DUS,GDN,ab DE,DUS,Hub,Gdańsk,GDN,2,2,1,1,2,"fluegede,idealo",856.0,Mittel (500-1500km)
69d400827dca6ba0935abd76,HAJ,LCA,ab DE,HAJ,Provinz,Larnarca,LCA,2,2,1,1,2,"fluegede,idealo",2720.0,Lang (>1500km)
69d400827dca6ba0935b1886,AMM,HAM,nach DE,HAM,Hub,Amman,AMM,2,2,1,1,2,"fluegede,idealo",3197.0,Lang (>1500km)
69d400827dca6ba0935b755f,STR,NCE,ab DE,STR,Hub,Nice,NCE,2,2,1,1,2,"fluegede,idealo",580.0,Mittel (500-1500km)
69d400827dca6ba0935b7e22,TSR,BER,nach DE,BER,Hub,Timisoara,TSR,2,2,1,1,2,"fluegede,idealo",924.0,Mittel (500-1500km)
69d400827dca6ba0935b8062,VAR,HAJ,nach DE,HAJ,Provinz,Varna,VAR,2,2,1,1,2,"fluegede,idealo",1691.0,Lang (>1500km)
69d400827dca6ba0935b21bd,BNX,FKB,nach DE,FKB,Provinz,Banja Luka,BNX,2,2,1,1,2,"fluegede,idealo",820.0,Mittel (500-1500km)
69d400827dca6ba0935b5f57,NUE,CLJ,ab DE,NUE,Provinz,Cluj-Napoca,CLJ,2,2,1,1,2,"fluegede,idealo",982.0,Mittel (500-1500km)
69d400827dca6ba0935acc7c,AGP,BRE,nach DE,BRE,Provinz,Malaga,AGP,2,2,1,1,2,"fluegede,idealo",2093.0,Lang (>1500km)
69d400827dca6ba0935b37db,FKB,RBA,ab DE,FKB,Provinz,Rabat,RBA,2,2,1,1,2,"fluegede,idealo",2044.0,Lang (>1500km)
69d400827dca6ba0935b29cc,CIT,MUC,nach DE,MUC,Hub,Shymkent,CIT,2,2,1,1,2,"fluegede,idealo",4449.0,Lang (>1500km)
69d400827dca6ba0935abdd0,STR,TFS,ab DE,STR,Hub,Tenerife Island,TFS,2,2,1,1,2,"fluegede,idealo",3184.0,Lang (>1500km)
69d400827dca6ba0935abd71,HAJ,ACE,ab DE,HAJ,Provinz,Lanzarote Island,ACE,2,2,1,1,2,"fluegede,idealo",3239.0,Lang (>1500km)
69d400827dca6ba0935b2ccf,CRV,NRN,nach DE,NRN,Provinz,Crotone,CRV,2,2,1,1,2,"fluegede,idealo",1638.0,Lang (>1500km)
69d400827dca6ba0935b2f12,DBV,FKB,nach DE,FKB,Provinz,Dubrovnik,DBV,2,2,1,1,2,"fluegede,idealo",1049.0,Mittel (500-1500km)
69d400827dca6ba0935b234b,BRI,BER,nach DE,BER,Hub,Bari,BRI,2,2,1,1,2,"fluegede,idealo",1272.0,Mittel (500-1500km)
69d400827dca6ba0935b386d,FMM,OHD,ab DE,FMM,Provinz,Ohrid,OHD,2,2,1,1,2,"fluegede,idealo",1123.0,Mittel (500-1500km)
69d400827dca6ba0935b4f0a,LCA,HAM,nach DE,HAM,Hub,Larnarca,LCA,2,2,1,1,2,"fluegede,idealo",2783.0,Lang (>1500km)
69d400827dca6ba0935acc89,AGP,FMO,nach DE,FMO,Provinz,Malaga,AGP,2,2,1,1,2,"fluegede,idealo",1967.0,Lang (>1500km)
69d400827dca6ba0935b124a,HAJ,FNC,ab DE,HAJ,Provinz,Funchal,FNC,2,2,1,1,2,"fluegede,idealo",3053.0,Lang (>1500km)
69d400827dca6ba0935ad0a3,HHN,VLC,ab DE,HHN,Provinz,Valencia,VLC,2,2,1,1,2,"fluegede,idealo",1313.0,Mittel (500-1500km)
69d400827dca6ba0935b28ac,CGN,RMO,ab DE,CGN,Hub,Chișinău,RMO,2,2,1,1,2,"fluegede,idealo",1645.0,Lang (>1500km)
69d400827dca6ba0935b3fa4,HHN,BBU,ab DE,HHN,Provinz,Bucharest,BBU,2,2,1,1,2,"fluegede,idealo",1541.0,Lang (>1500km)
69d400827dca6ba0935b5f5c,NUE,VLC,ab DE,NUE,Provinz,Valencia,VLC,2,2,1,1,2,"fluegede,idealo",1438.0,Mittel (500-1500km)
69d400827dca6ba0935b6cc5,RMO,CGN,nach DE,CGN,Hub,Chișinău,RMO,2,2,1,1,2,"fluegede,idealo",1645.0,Lang (>1500km)
69d400827dca6ba0935b3dd1,HAM,VLC,ab DE,HAM,Hub,Valencia,VLC,2,2,1,1,2,"fluegede,idealo",1760.0,Lang (>1500km)
69d400827dca6ba0935b5a6e,MUC,TAS,ab DE,MUC,Hub,Tashkent,TAS,2,2,1,1,2,"fluegede,idealo",4495.0,Lang (>1500km)
69d400827dca6ba0935b3d1f,HAJ,COV,ab DE,HAJ,Provinz,Tarsus,COV,2,2,1,1,2,"fluegede,idealo",2626.0,Lang (>1500km)
69d400827dca6ba0935b4d44,KUT,HAM,nach DE,HAM,Hub,Kutaisi,KUT,2,2,1,1,2,"fluegede,idealo",2704.0,Lang (>1500km)
69d400827dca6ba0935b2833,CFU,FKB,nach DE,FKB,Provinz,Kerkyra Island,CFU,2,2,1,1,2,"fluegede,idealo",1386.0,Mittel (500-1500km)
69d400827dca6ba0935b2f13,DBV,FMM,nach DE,FMM,Provinz,Dubrovnik,DBV,2,2,1,1,2,"fluegede,idealo",870.0,Mittel (500-1500km)
69d400827dca6ba0935b306e,DIY,DUS,nach DE,DUS,Hub,Diyarbakir,DIY,2,2,1,1,2,"fluegede,idealo",3001.0,Lang (>1500km)
69d400827dca6ba0935b7b32,TIV,FRA,nach DE,FRA,Hub,Tivat,TIV,2,2,1,1,2,"fluegede,idealo",1152.0,Mittel (500-1500km)
69d400827dca6ba0935b4d47,KUT,DTM,nach DE,DTM,Provinz,Kutaisi,KUT,2,2,1,1,2,"fluegede,idealo",2815.0,Lang (>1500km)
69d400827dca6ba0935b5ec0,NRN,ESU,ab DE,NRN,Provinz,Essaouira,ESU,2,2,1,1,2,"fluegede,idealo",2592.0,Lang (>1500km)
69d400827dca6ba0935b3db0,HAM,AMM,ab DE,HAM,Hub,Amman,AMM,2,2,1,1,2,"fluegede,idealo",3197.0,Lang (>1500km)
69d400827dca6ba0935b0edb,TGM,DTM,nach DE,DTM,Provinz,Targu Mures,TGM,2,2,1,1,2,"fluegede,idealo",1344.0,Mittel (500-1500km)
69d400827dca6ba0935b1df1,BER,BIA,ab DE,BER,Hub,Bastia/Poretta,BIA,2,2,1,1,2,"fluegede,idealo",1131.0,Mittel (500-1500km)
69d400827dca6ba0935b3d31,HAJ,ALC,ab DE,HAJ,Provinz,Alicante,ALC,2,2,1,1,2,"fluegede,idealo",1764.0,Lang (>1500km)
69d400827dca6ba0935b6802,PRN,NUE,nach DE,NUE,Provinz,Lipjan,PRN,2,2,1,1,2,"fluegede,idealo",1087.0,Mittel (500-1500km)
69d400827dca6ba0935b1fc4,BIA,BER,nach DE,BER,Hub,Bastia/Poretta,BIA,2,2,1,1,2,"fluegede,idealo",1131.0,Mittel (500-1500km)
69d5517150bd478097d55db1,BER,TSR,ab DE,BER,Hub,Timisoara,TSR,2,2,1,1,2,"fluegede,idealo",924.0,Mittel (500-1500km)
69d400827dca6ba0935b698f,PVK,NUE,nach DE,NUE,Provinz,Preveza/Lefkada,PVK,2,2,1,1,2,"fluegede,idealo",1404.0,Mittel (500-1500km)
69d400827dca6ba0935b6c5c,RMF,HAJ,nach DE,HAJ,Provinz,Marsa Alam,RMF,2,2,1,1,2,"fluegede,idealo",3646.0,Lang (>1500km)
69d400827dca6ba0935b37dd,FKB,TGD,ab DE,FKB,Provinz,Podgorica,TGD,2,2,1,1,2,"fluegede,idealo",1123.0,Mittel (500-1500km)
69d400827dca6ba0935b3aa4,GHV,DTM,nach DE,DTM,Provinz,Braşov,GHV,2,2,1,1,2,"fluegede,idealo",1462.0,Mittel (500-1500km)
69d400827dca6ba0935b196b,ARN,HAJ,nach DE,HAJ,Provinz,Stockholm,ARN,2,2,1,1,2,"fluegede,idealo",947.0,Mittel (500-1500km)
69d400827dca6ba0935b30d1,DLM,BER,nach DE,BER,Hub,Dalaman,DLM,2,2,1,1,2,"fluegede,idealo",2111.0,Lang (>1500km)
69d400827dca6ba0935b6982,PVK,FRA,nach DE,FRA,Hub,Preveza/Lefkada,PVK,2,2,1,1,2,"fluegede,idealo",1566.0,Lang (>1500km)
69d400827dca6ba0935b5f49,NUE,RMO,ab DE,NUE,Provinz,Chișinău,RMO,2,2,1,1,2,"fluegede,idealo",1351.0,Mittel (500-1500km)
69d400827dca6ba0935a9d46,STR,GWT,Inland,STR,Hub,,,2,2,1,1,2,"fluegede,idealo",695.0,Mittel (500-1500km)
69d400827dca6ba0935b387e,FMM,DBV,ab DE,FMM,Provinz,Dubrovnik,DBV,2,2,1,1,2,"fluegede,idealo",870.0,Mittel (500-1500km)
69d400827dca6ba0935b7566,STR,CLJ,ab DE,STR,Hub,Cluj-Napoca,CLJ,2,2,1,1,2,"fluegede,idealo",1100.0,Mittel (500-1500km)
69d400827dca6ba0935b5eb4,NRN,CRV,ab DE,NRN,Provinz,Crotone,CRV,2,2,1,1,2,"fluegede,idealo",1638.0,Lang (>1500km)
69d400827dca6ba0935b4360,IAS,FMM,nach DE,FMM,Provinz,Iasi,IAS,2,2,1,1,2,"fluegede,idealo",1304.0,Mittel (500-1500km)
69d400827dca6ba0935b3d22,HAJ,DJE,ab DE,HAJ,Provinz,Djerba,DJE,2,2,1,1,2,"fluegede,idealo",2069.0,Lang (>1500km)
69d400827dca6ba0935b1de1,BER,DLM,ab DE,BER,Hub,Dalaman,DLM,2,2,1,1,2,"fluegede,idealo",2111.0,Lang (>1500km)
69d400827dca6ba0935b5f56,NUE,FAO,ab DE,NUE,Provinz,Faro,FAO,2,2,1,1,2,"fluegede,idealo",2063.0,Lang (>1500km)
69d400827dca6ba0935b5eb8,NRN,SJJ,ab DE,NRN,Provinz,Sarajevo,SJJ,2,2,1,1,2,"fluegede,idealo",1254.0,Mittel (500-1500km)
69d400827dca6ba0935b5a6d,MUC,SGN,ab DE,MUC,Hub,Ho Chi Minh City,SGN,2,2,1,1,2,"fluegede,idealo",9466.0,Lang (>1500km)
69d400827dca6ba0935b3872,FMM,ZAG,ab DE,FMM,Provinz,Zagreb,ZAG,2,2,1,1,2,"fluegede,idealo",508.0,Mittel (500-1500km)
69d400827dca6ba0935b378f,FDH,ALC,ab DE,FDH,Provinz,Alicante,ALC,2,2,1,1,2,"fluegede,idealo",1325.0,Mittel (500-1500km)
69d400827dca6ba0935b5f6e,NUE,PVK,ab DE,NUE,Provinz,Preveza/Lefkada,PVK,2,2,1,1,2,"fluegede,idealo",1404.0,Mittel (500-1500km)
69d400827dca6ba0935b5eb7,NRN,SZY,ab DE,NRN,Provinz,Szymany,SZY,2,2,1,1,2,"fluegede,idealo",1020.0,Mittel (500-1500km)
69d400827dca6ba0935b8a39,ZAG,FMM,nach DE,FMM,Provinz,Zagreb,ZAG,2,2,1,1,2,"fluegede,idealo",508.0,Mittel (500-1500km)
69d400827dca6ba0935b289c,CGN,NOC,ab DE,CGN,Hub,Charleston,NOC,2,2,1,1,2,"fluegede,idealo",1132.0,Mittel (500-1500km)
69d400827dca6ba0935b3201,DRS,BZO,ab DE,DRS,Provinz,Bolzano,BZO,2,2,1,1,2,"fluegede,idealo",549.0,Mittel (500-1500km)
69d400827dca6ba0935ad22b,NRN,BZR,ab DE,NRN,Provinz,Beziers/Vias,BZR,2,2,1,1,2,"fluegede,idealo",944.0,Mittel (500-1500km)
69d400827dca6ba0935b3d25,HAJ,ESB,ab DE,HAJ,Provinz,Ankara,ESB,2,2,1,1,2,"fluegede,idealo",2239.0,Lang (>1500km)
69d400827dca6ba0935b5a64,MUC,CIT,ab DE,MUC,Hub,Shymkent,CIT,2,2,1,1,2,"fluegede,idealo",4449.0,Lang (>1500km)
69d400827dca6ba0935b37d7,FKB,PMO,ab DE,FKB,Provinz,Palermo,PMO,2,2,1,1,2,"fluegede,idealo",1246.0,Mittel (500-1500km)
69d400827dca6ba0935b1dd1,BER,BRI,ab DE,BER,Hub,Bari,BRI,2,2,1,1,2,"fluegede,idealo",1272.0,Mittel (500-1500km)
69d400827dca6ba0935b5173,LIS,HAJ,nach DE,HAJ,Provinz,Lisbon,LIS,2,2,1,1,2,"fluegede,idealo",2099.0,Lang (>1500km)
69d400827dca6ba0935b3879,FMM,GHV,ab DE,FMM,Provinz,Braşov,GHV,2,2,1,1,2,"fluegede,idealo",1188.0,Mittel (500-1500km)
69d400827dca6ba0935b805f,VAR,NUE,nach DE,NUE,Provinz,Varna,VAR,2,2,1,1,2,"fluegede,idealo",1458.0,Mittel (500-1500km)
69d400827dca6ba0935a87af,NQY,DUS,nach DE,DUS,Hub,Newquay,NQY,2,2,1,1,2,"fluegede,idealo",830.0,Mittel (500-1500km)
69d400827dca6ba0935b24c3,BTS,DTM,nach DE,DTM,Provinz,Bratislava,BTS,2,2,1,1,2,"fluegede,idealo",782.0,Mittel (500-1500km)
69d400827dca6ba0935b3275,DTM,TGM,ab DE,DTM,Provinz,Targu Mures,TGM,2,2,1,1,2,"fluegede,idealo",1344.0,Mittel (500-1500km)
69d400827dca6ba0935b3877,FMM,EVN,ab DE,FMM,Provinz,Yerevan,EVN,2,2,1,1,2,"fluegede,idealo",2838.0,Lang (>1500km)
69d400827dca6ba0935b1dfb,BER,KUT,ab DE,BER,Hub,Kutaisi,KUT,2,2,1,1,2,"fluegede,idealo",2440.0,Lang (>1500km)
69d400827dca6ba0935b4d42,KUT,BER,nach DE,BER,Hub,Kutaisi,KUT,2,2,1,1,2,"fluegede,idealo",2440.0,Lang (>1500km)
69d400827dca6ba0935b75e5,SUF,SCN,nach DE,SCN,Provinz,Lamezia Terme,SUF,2,2,1,1,2,"fluegede,idealo",1357.0,Mittel (500-1500km)
69d400827dca6ba0935b7b2d,TIV,DUS,nach DE,DUS,Hub,Tivat,TIV,2,2,1,1,2,"fluegede,idealo",1339.0,Mittel (500-1500km)
69d400827dca6ba0935b5cce,NCL,BER,nach DE,BER,Hub,Newcastle,NCL,2,2,1,1,2,"fluegede,idealo",1041.0,Mittel (500-1500km)
69d400827dca6ba0935b5f5b,NUE,VAR,ab DE,NUE,Provinz,Varna,VAR,2,2,1,1,2,"fluegede,idealo",1458.0,Mittel (500-1500km)
69d400827dca6ba0935b1240,FNC,HAJ,nach DE,HAJ,Provinz,Funchal,FNC,2,2,1,1,2,"fluegede,idealo",3053.0,Lang (>1500km)
69d400827dca6ba0935b685f,PSR,FMM,nach DE,FMM,Provinz,Pescara,PSR,2,2,1,1,2,"fluegede,idealo",691.0,Mittel (500-1500km)
69d400827dca6ba0935b32fd,DUS,DIY,ab DE,DUS,Hub,Diyarbakir,DIY,2,2,1,1,2,"fluegede,idealo",3001.0,Lang (>1500km)
69d400827dca6ba0935b5f60,NUE,GRO,ab DE,NUE,Provinz,Girona,GRO,2,2,1,1,2,"fluegede,idealo",1062.0,Mittel (500-1500km)
69d400827dca6ba0935b17f6,ALC,FDH,nach DE,FDH,Provinz,Alicante,ALC,2,2,1,1,2,"fluegede,idealo",1325.0,Mittel (500-1500km)
69d400827dca6ba0935b75d5,SUF,FMM,nach DE,FMM,Provinz,Lamezia Terme,SUF,2,2,1,1,2,"fluegede,idealo",1119.0,Mittel (500-1500km)
69d400827dca6ba0935b16dc,AGP,PAD,nach DE,PAD,Provinz,Malaga,AGP,2,2,1,1,2,"fluegede,idealo",1957.0,Lang (>1500km)
69d400827dca6ba0935b5fe8,OHD,FMM,nach DE,FMM,Provinz,Ohrid,OHD,2,2,1,1,2,"fluegede,idealo",1123.0,Mittel (500-1500km)
69d400827dca6ba0935a86a9,CAG,STR,nach DE,STR,Hub,Cagliari,CAG,2,2,1,1,2,"fluegede,idealo",1050.0,Mittel (500-1500km)
69d400827dca6ba0935ae3d3,PRN,FRA,nach DE,FRA,Hub,Lipjan,PRN,2,2,1,1,2,"fluegede,idealo",1265.0,Mittel (500-1500km)
69d400827dca6ba0935b1e1e,BER,MIR,ab DE,BER,Hub,Monastir,MIR,2,2,1,1,2,"fluegede,idealo",1859.0,Lang (>1500km)
69d400827dca6ba0935b1282,BRE,ADB,ab DE,BRE,Provinz,Izmir,ADB,2,2,1,1,2,"fluegede,idealo",2162.0,Lang (>1500km)
69d400827dca6ba0935b32fc,DUS,BVC,ab DE,DUS,Hub,Rabil,BVC,2,2,1,1,2,"fluegede,idealo",4710.0,Lang (>1500km)
69d400827dca6ba0935b633f,PAD,AGP,ab DE,PAD,Provinz,Malaga,AGP,2,2,1,1,2,"fluegede,idealo",1957.0,Lang (>1500km)
69d5517250bd478097d56d06,BVC,HAJ,nach DE,HAJ,Provinz,Rabil,BVC,2,2,1,1,2,"fluegede,idealo",4945.0,Lang (>1500km)
69d400827dca6ba0935b3d14,HAJ,LIS,ab DE,HAJ,Provinz,Lisbon,LIS,2,2,1,1,2,"fluegede,idealo",2099.0,Lang (>1500km)
69d400827dca6ba0935b5ca0,NCE,STR,nach DE,STR,Hub,Nice,NCE,2,2,1,1,2,"fluegede,idealo",580.0,Mittel (500-1500km)
69d400827dca6ba0935b7e13,TSR,HHN,nach DE,HHN,Provinz,Timisoara,TSR,2,2,1,1,2,"fluegede,idealo",1144.0,Mittel (500-1500km)
69d400827dca6ba0935b7572,STR,COV,ab DE,STR,Hub,Tarsus,COV,2,2,1,1,2,"fluegede,idealo",2465.0,Lang (>1500km)
69d400827dca6ba0935b6f20,SCN,ALC,ab DE,SCN,Provinz,Alicante,ALC,2,2,1,1,2,"fluegede,idealo",1361.0,Mittel (500-1500km)
69d400827dca6ba0935b5f68,NUE,CHQ,ab DE,NUE,Provinz,Souda,CHQ,2,2,1,1,2,"fluegede,idealo",1881.0,Lang (>1500km)
69d400827dca6ba0935b81c0,VLC,HAM,nach DE,HAM,Hub,Valencia,VLC,2,2,1,1,2,"fluegede,idealo",1760.0,Lang (>1500km)
69d400827dca6ba0935b125c,SID,HAJ,nach DE,HAJ,Provinz,Espargos,SID,2,2,1,1,2,"fluegede,idealo",4889.0,Lang (>1500km)
69d400827dca6ba0935b0a09,CMB,FRA,nach DE,FRA,Hub,Colombo,CMB,2,2,1,1,2,"fluegede,idealo",8068.0,Lang (>1500km)
69d400827dca6ba0935b3fa6,HHN,RBA,ab DE,HHN,Provinz,Rabat,RBA,2,2,1,1,2,"fluegede,idealo",2106.0,Lang (>1500km)
69d400827dca6ba0935b6ca4,RMO,NUE,nach DE,NUE,Provinz,Chișinău,RMO,2,2,1,1,2,"fluegede,idealo",1351.0,Mittel (500-1500km)
69d400827dca6ba0935b3dbc,HAM,TLL,ab DE,HAM,Hub,Tallinn,TLL,2,2,1,1,2,"fluegede,idealo",1111.0,Mittel (500-1500km)
69d400827dca6ba0935b5a83,MUC,AJA,ab DE,MUC,Hub,Ajaccio/Napoleon Bonaparte,AJA,2,2,1,1,2,"fluegede,idealo",752.0,Mittel (500-1500km)
69d400827dca6ba0935b715e,SID,DUS,nach DE,DUS,Hub,Espargos,SID,2,2,1,1,2,"fluegede,idealo",4654.0,Lang (>1500km)
69d400827dca6ba0935b387a,FMM,IAS,ab DE,FMM,Provinz,Iasi,IAS,2,2,1,1,2,"fluegede,idealo",1304.0,Mittel (500-1500km)
69d400827dca6ba0935b2bf5,COV,STR,nach DE,STR,Hub,Tarsus,COV,2,2,1,1,2,"fluegede,idealo",2465.0,Lang (>1500km)
69d400827dca6ba0935b646f,PFO,BER,nach DE,BER,Hub,Paphos,PFO,2,2,1,1,2,"fluegede,idealo",2472.0,Lang (>1500km)
69d400827dca6ba0935b1dfe,BER,MLA,ab DE,BER,Hub,Luqa,MLA,2,2,1,1,2,"fluegede,idealo",1837.0,Lang (>1500km)
69d400827dca6ba0935b5fe7,OHD,DTM,nach DE,DTM,Provinz,Ohrid,OHD,2,2,1,1,2,"fluegede,idealo",1524.0,Lang (>1500km)
69d400827dca6ba0935b3869,FMM,PSR,ab DE,FMM,Provinz,Pescara,PSR,2,2,1,1,2,"fluegede,idealo",691.0,Mittel (500-1500km)
69d400827dca6ba0935b3d17,HAJ,ARN,ab DE,HAJ,Provinz,Stockholm,ARN,2,2,1,1,2,"fluegede,idealo",947.0,Mittel (500-1500km)
69d400827dca6ba0935b37d9,FKB,DBV,ab DE,FKB,Provinz,Dubrovnik,DBV,2,2,1,1,2,"fluegede,idealo",1049.0,Mittel (500-1500km)
69d400827dca6ba0935b78e9,TBS,BER,nach DE,BER,Hub,Tbilisi,TBS,2,2,1,1,2,"fluegede,idealo",2636.0,Lang (>1500km)
69d400827dca6ba0935b66cd,PMO,FKB,nach DE,FKB,Provinz,Palermo,PMO,2,2,1,1,2,"fluegede,idealo",1246.0,Mittel (500-1500km)
69d400827dca6ba0935b3319,DUS,BDS,ab DE,DUS,Hub,Brindisi,BDS,2,2,1,1,2,"fluegede,idealo",1461.0,Mittel (500-1500km)
69d400827dca6ba0935b48a7,JTR,DUS,nach DE,DUS,Hub,Santorini Island,JTR,2,2,1,1,2,"fluegede,idealo",2222.0,Lang (>1500km)
69d400827dca6ba0935b1810,ALC,HAJ,nach DE,HAJ,Provinz,Alicante,ALC,2,2,1,1,2,"fluegede,idealo",1764.0,Lang (>1500km)
69d400827dca6ba0935b1272,ADB,BRE,nach DE,BRE,Provinz,Izmir,ADB,2,2,1,1,2,"fluegede,idealo",2162.0,Lang (>1500km)
69d400827dca6ba0935b3876,FMM,CRA,ab DE,FMM,Provinz,Craiova,CRA,2,2,1,1,2,"fluegede,idealo",1126.0,Mittel (500-1500km)
69d400827dca6ba0935b2899,CGN,INI,ab DE,CGN,Hub,Nis,INI,2,2,1,1,2,"fluegede,idealo",1389.0,Mittel (500-1500km)
69d400827dca6ba0935b8635,XRY,BER,nach DE,BER,Hub,Jerez de la Forntera,XRY,2,2,1,1,2,"fluegede,idealo",2313.0,Lang (>1500km)
69d400827dca6ba0935b3db1,HAM,BRI,ab DE,HAM,Hub,Bari,BRI,2,2,1,1,2,"fluegede,idealo",1478.0,Mittel (500-1500km)
69d400827dca6ba0935b3315,DUS,TIV,ab DE,DUS,Hub,Tivat,TIV,2,2,1,1,2,"fluegede,idealo",1339.0,Mittel (500-1500km)
69d400827dca6ba0935b2955,CHQ,NUE,nach DE,NUE,Provinz,Souda,CHQ,2,2,1,1,2,"fluegede,idealo",1881.0,Lang (>1500km)
69d400827dca6ba0935b37dc,FKB,CFU,ab DE,FKB,Provinz,Kerkyra Island,CFU,2,2,1,1,2,"fluegede,idealo",1386.0,Mittel (500-1500km)
69d400827dca6ba0935b2354,BRI,HAM,nach DE,HAM,Hub,Bari,BRI,2,2,1,1,2,"fluegede,idealo",1478.0,Mittel (500-1500km)
69d400827dca6ba0935b3dbe,HAM,VNO,ab DE,HAM,Hub,Vilnius,VNO,2,2,1,1,2,"fluegede,idealo",1001.0,Mittel (500-1500km)
69d400827dca6ba0935b1802,ALC,SCN,nach DE,SCN,Provinz,Alicante,ALC,2,2,1,1,2,"fluegede,idealo",1361.0,Mittel (500-1500km)
69d400827dca6ba0935b2bf4,COV,HAJ,nach DE,HAJ,Provinz,Tarsus,COV,2,2,1,1,2,"fluegede,idealo",2626.0,Lang (>1500km)
69d400827dca6ba0935b173a,AJA,MUC,nach DE,MUC,Hub,Ajaccio/Napoleon Bonaparte,AJA,2,2,1,1,2,"fluegede,idealo",752.0,Mittel (500-1500km)
69d400827dca6ba0935b307d,DJE,HAJ,nach DE,HAJ,Provinz,Djerba,DJE,2,2,1,1,2,"fluegede,idealo",2069.0,Lang (>1500km)
69d400827dca6ba0935b387c,FMM,PFO,ab DE,FMM,Provinz,Paphos,PFO,2,2,1,1,2,"fluegede,idealo",2357.0,Lang (>1500km)
69d400827dca6ba0935b386a,FMM,SUF,ab DE,FMM,Provinz,Lamezia Terme,SUF,2,2,1,1,2,"fluegede,idealo",1119.0,Mittel (500-1500km)
69d400827dca6ba0935b81b3,VLC,FMM,nach DE,FMM,Provinz,Valencia,VLC,2,2,1,1,2,"fluegede,idealo",1276.0,Mittel (500-1500km)
69d400827dca6ba0935b5f4d,NUE,BUD,ab DE,NUE,Provinz,Budapest,BUD,2,2,1,1,2,"fluegede,idealo",645.0,Mittel (500-1500km)
69d400827dca6ba0935aff5c,FRA,ASB,ab DE,FRA,Hub,Ashgabat,ASB,2,2,1,1,2,"fluegede,idealo",4117.0,Lang (>1500km)
69d400827dca6ba0935b1d51,BEG,FDH,nach DE,FDH,Provinz,Belgrad,BEG,2,2,1,1,2,"fluegede,idealo",888.0,Mittel (500-1500km)
69d400827dca6ba0935b1247,HAJ,BVC,ab DE,HAJ,Provinz,Rabil,BVC,2,2,1,1,2,"fluegede,idealo",4945.0,Lang (>1500km)
69d400827dca6ba0935acce1,AOI,NRN,nach DE,NRN,Provinz,Ancona,AOI,2,2,1,1,2,"fluegede,idealo",1039.0,Mittel (500-1500km)
69d400827dca6ba0935b28a1,CGN,SOF,ab DE,CGN,Hub,Sofia,SOF,2,2,1,1,2,"fluegede,idealo",1531.0,Lang (>1500km)
69d400827dca6ba0935b5a76,MUC,GPA,ab DE,MUC,Hub,Patras,GPA,2,2,1,1,2,"fluegede,idealo",1375.0,Mittel (500-1500km)
69d400827dca6ba0935ad008,FMM,DUB,ab DE,FMM,Provinz,Dublin,DUB,2,2,1,1,2,"fluegede,idealo",1306.0,Mittel (500-1500km)
69d400827dca6ba0935b3939,FRA,TIV,ab DE,FRA,Hub,Tivat,TIV,2,2,1,1,2,"fluegede,idealo",1152.0,Mittel (500-1500km)
69d400827dca6ba0935b78ab,TAS,MUC,nach DE,MUC,Hub,Tashkent,TAS,2,2,1,1,2,"fluegede,idealo",4495.0,Lang (>1500km)
69d400827dca6ba0935b3069,DIY,HAJ,nach DE,HAJ,Provinz,Diyarbakir,DIY,2,2,1,1,2,"fluegede,idealo",2855.0,Lang (>1500km)
69d400827dca6ba0935b7568,STR,GZT,ab DE,STR,Hub,Gaziantep,GZT,2,2,1,1,2,"fluegede,idealo",2627.0,Lang (>1500km)
69d400827dca6ba0935b44a9,INI,HHN,nach DE,HHN,Provinz,Nis,INI,2,2,1,1,2,"fluegede,idealo",1331.0,Mittel (500-1500km)
69d400827dca6ba0935b3276,DTM,OHD,ab DE,DTM,Provinz,Ohrid,OHD,2,2,1,1,2,"fluegede,idealo",1524.0,Lang (>1500km)
69d400827dca6ba0935b3d20,HAJ,VAR,ab DE,HAJ,Provinz,Varna,VAR,2,2,1,1,2,"fluegede,idealo",1691.0,Lang (>1500km)
69d400827dca6ba0935b1dff,BER,NCL,ab DE,BER,Hub,Newcastle,NCL,2,2,1,1,2,"fluegede,idealo",1041.0,Mittel (500-1500km)
69d400827dca6ba0935b3fa3,HHN,TSR,ab DE,HHN,Provinz,Timisoara,TSR,2,2,1,1,2,"fluegede,idealo",1144.0,Mittel (500-1500km)
69d400827dca6ba0935b2c74,CRA,FMM,nach DE,FMM,Provinz,Craiova,CRA,2,2,1,1,2,"fluegede,idealo",1126.0,Mittel (500-1500km)
69d400827dca6ba0935b44a7,INI,CGN,nach DE,CGN,Hub,Nis,INI,2,2,1,1,2,"fluegede,idealo",1389.0,Mittel (500-1500km)
69d400827dca6ba0935b387f,FMM,RIX,ab DE,FMM,Provinz,Riga,RIX,2,2,1,1,2,"fluegede,idealo",1356.0,Mittel (500-1500km)
69d400827dca6ba0935b5e42,NOC,CGN,nach DE,CGN,Hub,Charleston,NOC,2,2,1,1,2,"fluegede,idealo",1132.0,Mittel (500-1500km)
69d400827dca6ba0935ad00a,FMM,GRO,ab DE,FMM,Provinz,Girona,GRO,2,2,1,1,2,"fluegede,idealo",896.0,Mittel (500-1500km)
69d400827dca6ba0935b3db7,HAM,LCA,ab DE,HAM,Hub,Larnarca,LCA,2,2,1,1,2,"fluegede,idealo",2783.0,Lang (>1500km)
69d400827dca6ba0935b3277,DTM,KUT,ab DE,DTM,Provinz,Kutaisi,KUT,2,2,1,1,2,"fluegede,idealo",2815.0,Lang (>1500km)
69d400827dca6ba0935b1d26,BDS,DUS,nach DE,DUS,Hub,Brindisi,BDS,2,2,1,1,2,"fluegede,idealo",1461.0,Mittel (500-1500km)
69d400827dca6ba0935ace53,BZR,NRN,nach DE,NRN,Provinz,Beziers/Vias,BZR,2,2,1,1,2,"fluegede,idealo",944.0,Mittel (500-1500km)
69d400827dca6ba0935b81b8,VLC,NUE,nach DE,NUE,Provinz,Valencia,VLC,2,2,1,1,2,"fluegede,idealo",1438.0,Mittel (500-1500km)
69d400827dca6ba0935b37d4,FKB,ARN,ab DE,FKB,Provinz,Stockholm,ARN,2,2,1,1,2,"fluegede,idealo",1364.0,Mittel (500-1500km)
69d400827dca6ba0935b361a,EVN,FMM,nach DE,FMM,Provinz,Yerevan,EVN,2,2,1,1,2,"fluegede,idealo",2838.0,Lang (>1500km)
69d400827dca6ba0935b3db6,HAM,KUT,ab DE,HAM,Hub,Kutaisi,KUT,2,2,1,1,2,"fluegede,idealo",2704.0,Lang (>1500km)
69d400827dca6ba0935b16d6,AGP,LBC,nach DE,LBC,Provinz,Malaga,AGP,2,2,1,1,2,"fluegede,idealo",2236.0,Lang (>1500km)
69d400827dca6ba0935b3bc0,GRO,NUE,nach DE,NUE,Provinz,Girona,GRO,2,2,1,1,2,"fluegede,idealo",1062.0,Mittel (500-1500km)
69d400827dca6ba0935b123c,DUS,GPA,ab DE,DUS,Hub,Patras,GPA,2,2,1,1,2,"fluegede,idealo",1857.0,Lang (>1500km)
69d400827dca6ba0935b1e09,BER,TBS,ab DE,BER,Hub,Tbilisi,TBS,2,2,1,1,2,"fluegede,idealo",2636.0,Lang (>1500km)
69d400827dca6ba0935b2a94,CLJ,STR,nach DE,STR,Hub,Cluj-Napoca,CLJ,2,2,1,1,2,"fluegede,idealo",1100.0,Mittel (500-1500km)
69d400827dca6ba0935b3d16,HAJ,RMF,ab DE,HAJ,Provinz,Marsa Alam,RMF,2,2,1,1,2,"fluegede,idealo",3646.0,Lang (>1500km)
69d400827dca6ba0935b3272,DTM,BTS,ab DE,DTM,Provinz,Bratislava,BTS,2,2,1,1,2,"fluegede,idealo",782.0,Mittel (500-1500km)
69d400827dca6ba0935b647d,PFO,FMM,nach DE,FMM,Provinz,Paphos,PFO,2,2,1,1,2,"fluegede,idealo",2357.0,Lang (>1500km)
69d400827dca6ba0935b3ba3,GPA,MUC,nach DE,MUC,Hub,Patras,GPA,2,2,1,1,2,"fluegede,idealo",1375.0,Mittel (500-1500km)
69d400827dca6ba0935b3790,FDH,BEG,ab DE,FDH,Provinz,Belgrad,BEG,2,2,1,1,2,"fluegede,idealo",888.0,Mittel (500-1500km)
69d400827dca6ba0935abda4,MBJ,FRA,nach DE,FRA,Hub,Montego Bay,MBJ,1,199,1,16,2,"fluegede,idealo",8194.0,Lang (>1500km)
69d400827dca6ba0935ae70c,MLA,HAM,nach DE,HAM,Hub,Luqa,MLA,1,178,1,20,2,"fluegede,idealo",2007.0,Lang (>1500km)
69d400827dca6ba0935a9cfe,PDL,DUS,nach DE,DUS,Hub,Ponta Delgada,PDL,1,165,1,12,2,"fluegede,idealo",2947.0,Lang (>1500km)
69d400827dca6ba0935ae6fb,HAM,MLA,ab DE,HAM,Hub,Luqa,MLA,1,160,1,18,2,"fluegede,idealo",2007.0,Lang (>1500km)
69d400827dca6ba0935abd54,FRA,MBJ,ab DE,FRA,Hub,Montego Bay,MBJ,1,156,1,16,2,"fluegede,idealo",8194.0,Lang (>1500km)
69d400827dca6ba0935a86fa,DBV,HAM,nach DE,HAM,Hub,Dubrovnik,DBV,1,154,1,13,2,"fluegede,idealo",1374.0,Mittel (500-1500km)
69d400827dca6ba0935a8759,HAM,DBV,ab DE,HAM,Hub,Dubrovnik,DBV,1,151,1,19,2,"fluegede,idealo",1374.0,Mittel (500-1500km)
69d400827dca6ba0935ab68f,SHE,FRA,nach DE,FRA,Hub,Shenyang,SHE,1,143,1,17,2,"fluegede,idealo",8021.0,Lang (>1500km)
69d400827dca6ba0935a9d64,TLV,DUS,nach DE,DUS,Hub,Tel Aviv,TLV,1,141,1,19,2,"fluegede,idealo",3135.0,Lang (>1500km)
69d400827dca6ba0935a86bb,CGN,DBV,ab DE,CGN,Hub,Dubrovnik,DBV,1,139,1,10,2,"fluegede,idealo",1251.0,Mittel (500-1500km)
69d400827dca6ba0935a9beb,DUS,PDL,ab DE,DUS,Hub,Ponta Delgada,PDL,1,138,1,13,2,"fluegede,idealo",2947.0,Lang (>1500km)
69d400827dca6ba0935abd78,HAM,DLM,ab DE,HAM,Hub,Dalaman,DLM,1,132,1,15,2,"fluegede,idealo",2374.0,Lang (>1500km)
69d400827dca6ba0935abd5e,FRA,SEZ,ab DE,FRA,Hub,Mahe Island,SEZ,1,131,2,17,2,"fluegede,idealo",7563.0,Lang (>1500km)
69d400827dca6ba0935a9d24,RHO,DRS,nach DE,DRS,Provinz,Rodes Island,RHO,1,113,1,19,2,"fluegede,idealo",1993.0,Lang (>1500km)
69d400827dca6ba0935a8712,DUS,DBV,ab DE,DUS,Hub,Dubrovnik,DBV,1,96,1,12,2,"fluegede,idealo",1303.0,Mittel (500-1500km)
69d400827dca6ba0935abd22,ACE,STR,nach DE,STR,Hub,Lanzarote Island,ACE,1,86,1,15,2,"fluegede,idealo",2932.0,Lang (>1500km)
69d400827dca6ba0935a9d5f,TFS,NUE,nach DE,NUE,Provinz,Tenerife Island,TFS,1,85,1,17,2,"fluegede,idealo",3345.0,Lang (>1500km)
69d400827dca6ba0935a9c71,JER,DUS,nach DE,DUS,Hub,Saint Helier,JER,1,75,1,11,2,"fluegede,idealo",677.0,Mittel (500-1500km)
69d400827dca6ba0935a9bc9,DRS,RHO,ab DE,DRS,Provinz,Rodes Island,RHO,1,74,3,10,2,"fluegede,idealo",1993.0,Lang (>1500km)
69d400827dca6ba0935abd1f,ACE,HAJ,nach DE,HAJ,Provinz,Lanzarote Island,ACE,1,74,1,18,2,"fluegede,idealo",3239.0,Lang (>1500km)
69d400827dca6ba0935a87ef,STR,BIA,ab DE,STR,Hub,Bastia/Poretta,BIA,1,74,1,13,2,"fluegede,idealo",683.0,Mittel (500-1500km)
69d400827dca6ba0935ad140,LPA,FKB,nach DE,FKB,Provinz,Gran Canaria Island,LPA,1,71,3,13,2,"fluegede,idealo",3067.0,Lang (>1500km)
69d400827dca6ba0935a86e4,CGN,TLV,ab DE,CGN,Hub,Tel Aviv,TLV,1,67,2,10,2,"fluegede,idealo",3088.0,Lang (>1500km)
69d400827dca6ba0935a9cf0,NUE,TFS,ab DE,NUE,Provinz,Tenerife Island,TFS,1,66,2,17,2,"fluegede,idealo",3345.0,Lang (>1500km)
69d400827dca6ba0935a8695,BIA,CGN,nach DE,CGN,Hub,Bastia/Poretta,BIA,1,66,1,10,2,"fluegede,idealo",941.0,Mittel (500-1500km)
69d400827dca6ba0935a8698,BIA,STR,nach DE,STR,Hub,Bastia/Poretta,BIA,1,55,1,12,2,"fluegede,idealo",683.0,Mittel (500-1500km)
69d400827dca6ba0935a86b5,CGN,BRI,ab DE,CGN,Hub,Bari,BRI,1,53,1,8,2,"fluegede,idealo",1310.0,Mittel (500-1500km)
69d400827dca6ba0935a9be1,DUS,JER,ab DE,DUS,Hub,Saint Helier,JER,1,47,1,7,2,"fluegede,idealo",677.0,Mittel (500-1500km)
69d400827dca6ba0935a9bb2,CLY,FMM,nach DE,FMM,Provinz,Calvi/Sainte-Catherine,CLY,1,45,3,11,2,"fluegede,idealo",617.0,Mittel (500-1500km)
69d400827dca6ba0935a9c0c,FMM,CLY,ab DE,FMM,Provinz,Calvi/Sainte-Catherine,CLY,1,45,2,12,2,"fluegede,idealo",617.0,Mittel (500-1500km)
69d400827dca6ba0935a869f,BRI,CGN,nach DE,CGN,Hub,Bari,BRI,1,43,1,7,2,"fluegede,idealo",1310.0,Mittel (500-1500km)
69d400827dca6ba0935a872d,DUS,ZAD,ab DE,DUS,Hub,Zadar,ZAD,1,43,1,5,2,"fluegede,idealo",1023.0,Mittel (500-1500km)
69d400827dca6ba0935ad04c,GRO,FMM,nach DE,FMM,Provinz,Girona,GRO,1,42,1,13,2,"fluegede,idealo",896.0,Mittel (500-1500km)
69d400827dca6ba0935a86b3,CGN,BIA,ab DE,CGN,Hub,Bastia/Poretta,BIA,1,39,1,7,2,"fluegede,idealo",941.0,Mittel (500-1500km)
69d400827dca6ba0935abd60,FRA,SPC,ab DE,FRA,Hub,Sta Cruz de la Palma,SPC,1,37,1,8,2,"fluegede,idealo",3250.0,Lang (>1500km)
69d400827dca6ba0935ad233,NRN,FUE,ab DE,NRN,Provinz,Fuerteventura Island,FUE,1,32,1,7,2,"fluegede,idealo",3065.0,Lang (>1500km)
69d400827dca6ba0935ad09f,HHN,TFS,ab DE,HHN,Provinz,Tenerife Island,TFS,1,25,1,3,2,"fluegede,idealo",3162.0,Lang (>1500km)
69d400827dca6ba0935abdad,MUC,SPC,ab DE,MUC,Hub,Sta Cruz de la Palma,SPC,1,24,1,5,2,"fluegede,idealo",3343.0,Lang (>1500km)
69d400827dca6ba0935ad215,NDR,HHN,nach DE,HHN,Provinz,Nador,NDR,1,23,1,9,2,"fluegede,idealo",1861.0,Lang (>1500km)
69d400827dca6ba0935a9b5f,ACE,CGN,nach DE,CGN,Hub,Lanzarote Island,ACE,1,22,1,6,2,"fluegede,idealo",2990.0,Lang (>1500km)
69d400827dca6ba0935abd25,AGA,FRA,nach DE,FRA,Hub,Agadir,AGA,1,14,1,4,2,"fluegede,idealo",2654.0,Lang (>1500km)
69d400827dca6ba0935a884c,ZAD,DUS,nach DE,DUS,Hub,Zadar,ZAD,1,14,1,2,2,"fluegede,idealo",1023.0,Mittel (500-1500km)
69d400827dca6ba0935b5ebf,NRN,KGS,ab DE,NRN,Provinz,Kos Island,KGS,1,12,1,4,2,"fluegede,idealo",2329.0,Lang (>1500km)
69d400827dca6ba0935ace8f,CHQ,HHN,nach DE,HHN,Provinz,Souda,CHQ,1,12,1,3,2,"fluegede,idealo",2105.0,Lang (>1500km)
69d400827dca6ba0935ad083,HHN,CHQ,ab DE,HHN,Provinz,Souda,CHQ,1,11,1,3,2,"fluegede,idealo",2105.0,Lang (>1500km)
69d400827dca6ba0935ad48a,TFS,HHN,nach DE,HHN,Provinz,Tenerife Island,TFS,1,11,1,3,2,"fluegede,idealo",3162.0,Lang (>1500km)
69d400827dca6ba0935ad024,FUE,NRN,nach DE,NRN,Provinz,Fuerteventura Island,FUE,1,9,1,5,2,"fluegede,idealo",3065.0,Lang (>1500km)
69d400827dca6ba0935b49cc,KGS,NRN,nach DE,NRN,Provinz,Kos Island,KGS,1,9,1,4,2,"fluegede,idealo",2329.0,Lang (>1500km)
69d400827dca6ba0935b123b,CGN,FNC,ab DE,CGN,Hub,Funchal,FNC,1,9,1,3,2,"fluegede,idealo",2806.0,Lang (>1500km)
69d400827dca6ba0935b123f,FNC,CGN,nach DE,CGN,Hub,Funchal,FNC,1,9,1,3,2,"fluegede,idealo",2806.0,Lang (>1500km)
69d400827dca6ba0935b2be8,COV,DUS,nach DE,DUS,Hub,Tarsus,COV,1,8,1,2,2,"fluegede,idealo",2742.0,Lang (>1500km)
69d400827dca6ba0935b3331,DUS,PUY,ab DE,DUS,Hub,Pula,PUY,1,8,1,2,2,"fluegede,idealo",887.0,Mittel (500-1500km)
69d400827dca6ba0935b68e9,PUY,DUS,nach DE,DUS,Hub,Pula,PUY,1,8,1,2,2,"fluegede,idealo",887.0,Mittel (500-1500km)
69d400827dca6ba0935b7536,STN,LBC,nach DE,LBC,Provinz,London,STN,1,7,1,2,2,"fluegede,idealo",735.0,Mittel (500-1500km)
69d400827dca6ba0935afcdc,EBL,DUS,nach DE,DUS,Hub,Arbil,EBL,1,6,1,3,2,"fluegede,idealo",3373.0,Lang (>1500km)
69d400827dca6ba0935afcd8,DUS,EBL,ab DE,DUS,Hub,Arbil,EBL,1,6,1,2,2,"fluegede,idealo",3373.0,Lang (>1500km)
69d400827dca6ba0935b7ae7,TIA,NRN,nach DE,NRN,Provinz,Tirana,TIA,1,6,1,2,2,"fluegede,idealo",1532.0,Lang (>1500km)
69d400827dca6ba0935ae2fa,MUC,GRU,ab DE,MUC,Hub,Sao Paulo,GRU,1,6,1,1,2,"fluegede,idealo",9857.0,Lang (>1500km)
69d400827dca6ba0935a9ba8,CGN,ACE,ab DE,CGN,Hub,Lanzarote Island,ACE,1,5,1,3,2,"fluegede,idealo",2990.0,Lang (>1500km)
69d400827dca6ba0935b295b,CHQ,LEJ,nach DE,LEJ,Provinz,Souda,CHQ,1,5,1,2,2,"fluegede,idealo",2006.0,Lang (>1500km)
69d400827dca6ba0935b3538,EMA,BER,nach DE,BER,Hub,Nottingham,EMA,1,5,1,2,2,"fluegede,idealo",1001.0,Mittel (500-1500km)
69d400827dca6ba0935b3304,DUS,TZX,ab DE,DUS,Hub,Trabzon,TZX,1,5,1,2,2,"fluegede,idealo",2760.0,Lang (>1500km)
69d400827dca6ba0935aea4b,TLV,FRA,nach DE,FRA,Hub,Tel Aviv,TLV,1,5,1,1,2,"fluegede,idealo",2954.0,Lang (>1500km)
69d400827dca6ba0935b3ee8,HER,FMM,nach DE,FMM,Provinz,Heraklion,HER,1,5,1,1,2,"fluegede,idealo",1869.0,Lang (>1500km)
69d400827dca6ba0935b1b99,AYT,FKB,nach DE,FKB,Provinz,Antalya,AYT,1,4,2,3,2,"fluegede,idealo",2261.0,Lang (>1500km)
69d400827dca6ba0935b3d0b,GZT,CGN,nach DE,CGN,Hub,Gaziantep,GZT,1,4,1,2,2,"fluegede,idealo",2850.0,Lang (>1500km)
69d400827dca6ba0935a86f8,DBV,DUS,nach DE,DUS,Hub,Dubrovnik,DBV,1,4,1,2,2,"fluegede,idealo",1303.0,Mittel (500-1500km)
69d400827dca6ba0935b1c67,BBU,FKB,nach DE,FKB,Provinz,Bucharest,BBU,1,4,1,2,2,"fluegede,idealo",1451.0,Mittel (500-1500km)
69d400827dca6ba0935b28a9,CGN,GZT,ab DE,CGN,Hub,Gaziantep,GZT,1,4,1,2,2,"fluegede,idealo",2850.0,Lang (>1500km)
69d400827dca6ba0935b73ae,SOF,FKB,nach DE,FKB,Provinz,Sofia,SOF,1,4,1,2,2,"fluegede,idealo",1365.0,Mittel (500-1500km)
69d400827dca6ba0935b3881,FMM,HER,ab DE,FMM,Provinz,Heraklion,HER,1,4,1,1,2,"fluegede,idealo",1869.0,Lang (>1500km)
69d400827dca6ba0935b27b4,CDT,NRN,nach DE,NRN,Provinz,Castellón de la Plana,CDT,1,4,1,1,2,"fluegede,idealo",1349.0,Mittel (500-1500km)
69d400827dca6ba0935b379d,FEZ,FKB,nach DE,FKB,Provinz,Fes,FEZ,1,4,1,1,2,"fluegede,idealo",1973.0,Lang (>1500km)
69d400827dca6ba0935afcc6,AYT,FDH,nach DE,FDH,Provinz,Antalya,AYT,1,3,2,2,2,"fluegede,idealo",2111.0,Lang (>1500km)
69d400827dca6ba0935b3fa9,HHN,AGA,ab DE,HHN,Provinz,Agadir,AGA,1,3,1,2,2,"fluegede,idealo",2589.0,Lang (>1500km)
69d400827dca6ba0935b7efa,TZX,CGN,nach DE,CGN,Hub,Trabzon,TZX,1,3,1,2,2,"fluegede,idealo",2725.0,Lang (>1500km)
69d400827dca6ba0935abd44,FRA,AGA,ab DE,FRA,Hub,Agadir,AGA,1,3,1,2,2,"fluegede,idealo",2654.0,Lang (>1500km)
69d400827dca6ba0935a86f7,DBV,CGN,nach DE,CGN,Hub,Dubrovnik,DBV,1,3,1,2,2,"fluegede,idealo",1251.0,Mittel (500-1500km)
69d400827dca6ba0935b28a6,CGN,DIY,ab DE,CGN,Hub,Diyarbakir,DIY,1,3,1,2,2,"fluegede,idealo",2962.0,Lang (>1500km)
69d400827dca6ba0935b3434,EBL,HAJ,nach DE,HAJ,Provinz,Arbil,EBL,1,3,1,2,2,"fluegede,idealo",3222.0,Lang (>1500km)
69d400827dca6ba0935b8b46,ZTH,HAM,nach DE,HAM,Hub,Zakynthos Island,ZTH,1,3,1,2,2,"fluegede,idealo",1953.0,Lang (>1500km)
69d400827dca6ba0935b5ebc,NRN,CDT,ab DE,NRN,Provinz,Castellón de la Plana,CDT,1,3,1,1,2,"fluegede,idealo",1349.0,Mittel (500-1500km)
69d400827dca6ba0935b28ad,CGN,SZF,ab DE,CGN,Hub,Samsun,SZF,1,3,1,1,2,"fluegede,idealo",2487.0,Lang (>1500km)
69d400827dca6ba0935b73ab,SOF,NUE,nach DE,NUE,Provinz,Sofia,SOF,1,3,1,1,2,"fluegede,idealo",1213.0,Mittel (500-1500km)
69d400827dca6ba0935acff1,FEZ,NRN,nach DE,NRN,Provinz,Fes,FEZ,1,3,1,1,2,"fluegede,idealo",2159.0,Lang (>1500km)
69d400827dca6ba0935ad342,RAK,NRN,nach DE,NRN,Provinz,Marrakech,RAK,1,3,1,1,2,"fluegede,idealo",2506.0,Lang (>1500km)
69d400827dca6ba0935b4baf,KRK,FMM,nach DE,FMM,Provinz,Kraków,KRK,1,3,1,1,2,"fluegede,idealo",733.0,Mittel (500-1500km)
69d400827dca6ba0935b231f,BRE,ZAD,ab DE,BRE,Provinz,Zadar,ZAD,1,3,1,1,2,"fluegede,idealo",1104.0,Mittel (500-1500km)
69d400827dca6ba0935b780d,SZX,FRA,nach DE,FRA,Hub,Shenzhen,SZX,1,2,2,2,2,"fluegede,idealo",9120.0,Lang (>1500km)
69d400827dca6ba0935aff0f,BRN,MUC,nach DE,MUC,Hub,Bern,BRN,1,2,2,2,2,"fluegede,idealo",359.0,Kurz (0-500km)
69d400827dca6ba0935aff19,MUC,BRN,ab DE,MUC,Hub,Bern,BRN,1,2,1,2,2,"fluegede,idealo",359.0,Kurz (0-500km)
69d400827dca6ba0935b16a5,AGA,HHN,nach DE,HHN,Provinz,Agadir,AGA,1,2,1,2,2,"fluegede,idealo",2589.0,Lang (>1500km)
69d400827dca6ba0935a9bf9,DUS,TLV,ab DE,DUS,Hub,Tel Aviv,TLV,1,2,1,2,2,"fluegede,idealo",3135.0,Lang (>1500km)
69d400827dca6ba0935b5a6f,MUC,ASR,ab DE,MUC,Hub,Kayseri,ASR,1,2,1,1,2,"fluegede,idealo",2175.0,Lang (>1500km)
69d400827dca6ba0935b5f53,NUE,PRN,ab DE,NUE,Provinz,Lipjan,PRN,1,2,1,1,2,"fluegede,idealo",1087.0,Mittel (500-1500km)
69d400827dca6ba0935b2b4a,CMN,DUS,nach DE,DUS,Hub,Casablanca,CMN,1,2,1,1,2,"fluegede,idealo",2307.0,Lang (>1500km)
69d400827dca6ba0935b3db3,HAM,EBL,ab DE,HAM,Hub,Arbil,EBL,1,2,1,1,2,"fluegede,idealo",3251.0,Lang (>1500km)
69d400827dca6ba0935b756d,STR,SZF,ab DE,STR,Hub,Samsun,SZF,1,2,1,1,2,"fluegede,idealo",2289.0,Lang (>1500km)
69d400827dca6ba0935b6f21,SCN,SUF,ab DE,SCN,Provinz,Lamezia Terme,SUF,1,2,1,1,2,"fluegede,idealo",1357.0,Mittel (500-1500km)
69d5517250bd478097d56cfd,BVC,FRA,nach DE,FRA,Hub,Rabil,BVC,1,2,1,1,2,"fluegede,idealo",4704.0,Lang (>1500km)
69d400827dca6ba0935b3eef,HER,SCN,nach DE,SCN,Provinz,Heraklion,HER,1,2,1,1,2,"fluegede,idealo",2132.0,Lang (>1500km)
69d400827dca6ba0935afcd7,DTM,ONQ,ab DE,DTM,Provinz,Zonguldak,ONQ,1,2,1,1,2,"fluegede,idealo",2163.0,Lang (>1500km)
69d5517350bd478097d58a08,DUS,SID,ab DE,DUS,Hub,Espargos,SID,1,2,1,1,2,"fluegede,idealo",4654.0,Lang (>1500km)
69d400827dca6ba0935b6ac6,RBA,NUE,nach DE,NUE,Provinz,Rabat,RBA,1,2,1,1,2,"fluegede,idealo",2254.0,Lang (>1500km)
69d400827dca6ba0935b24f7,BUD,NUE,nach DE,NUE,Provinz,Budapest,BUD,1,2,1,1,2,"fluegede,idealo",645.0,Mittel (500-1500km)
69d400827dca6ba0935b6ac1,RBA,FKB,nach DE,FKB,Provinz,Rabat,RBA,1,2,1,1,2,"fluegede,idealo",2044.0,Lang (>1500km)
69d400827dca6ba0935b4d4d,KVA,NUE,nach DE,NUE,Provinz,Kavala,KVA,1,2,1,1,2,"fluegede,idealo",1424.0,Mittel (500-1500km)
69d400827dca6ba0935b1245,GPA,DUS,nach DE,DUS,Hub,Patras,GPA,1,2,1,1,2,"fluegede,idealo",1857.0,Lang (>1500km)
69d400827dca6ba0935b7799,SZF,FRA,nach DE,FRA,Hub,Samsun,SZF,1,2,1,1,2,"fluegede,idealo",2369.0,Lang (>1500km)
69d400827dca6ba0935b5f6c,NUE,KVA,ab DE,NUE,Provinz,Kavala,KVA,1,2,1,1,2,"fluegede,idealo",1424.0,Mittel (500-1500km)
69d400827dca6ba0935b6cc1,RMO,BRE,nach DE,BRE,Provinz,Chișinău,RMO,1,2,1,1,2,"fluegede,idealo",1586.0,Lang (>1500km)
69d400827dca6ba0935b7530,STN,FMO,nach DE,FMO,Provinz,London,STN,1,2,1,1,2,"fluegede,idealo",510.0,Mittel (500-1500km)
69d400827dca6ba0935b5837,MLA,BER,nach DE,BER,Hub,Luqa,MLA,1,2,1,1,2,"fluegede,idealo",1837.0,Lang (>1500km)
69d400827dca6ba0935b35e0,ESU,NRN,nach DE,NRN,Provinz,Essaouira,ESU,1,2,1,1,2,"fluegede,idealo",2592.0,Lang (>1500km)
69d5517150bd478097d55e95,BEY,BRE,nach DE,BRE,Provinz,Beirut,BEY,1,2,1,1,2,"fluegede,idealo",3003.0,Lang (>1500km)
69d400827dca6ba0935b125b,SID,FRA,nach DE,FRA,Hub,Espargos,SID,1,2,1,1,2,"fluegede,idealo",4649.0,Lang (>1500km)
69d400827dca6ba0935b81ea,VNO,HAM,nach DE,HAM,Hub,Vilnius,VNO,1,2,1,1,2,"fluegede,idealo",1001.0,Mittel (500-1500km)
69d400827dca6ba0935b7554,STR,EBL,ab DE,STR,Hub,Arbil,EBL,1,2,1,1,2,"fluegede,idealo",3132.0,Lang (>1500km)
69d400827dca6ba0935b7797,SZF,BER,nach DE,BER,Hub,Samsun,SZF,1,2,1,1,2,"fluegede,idealo",2131.0,Lang (>1500km)
69d400827dca6ba0935b6a7c,RAK,BER,nach DE,BER,Hub,Marrakech,RAK,1,2,1,1,2,"fluegede,idealo",2891.0,Lang (>1500km)
69d400827dca6ba0935b1241,FRA,BVC,ab DE,FRA,Hub,Rabil,BVC,1,2,1,1,2,"fluegede,idealo",4704.0,Lang (>1500km)
69d400827dca6ba0935b2320,BRE,RMO,ab DE,BRE,Provinz,Chișinău,RMO,1,2,1,1,2,"fluegede,idealo",1586.0,Lang (>1500km)
69d400827dca6ba0935ad509,VLC,HHN,nach DE,HHN,Provinz,Valencia,VLC,1,2,1,1,2,"fluegede,idealo",1313.0,Mittel (500-1500km)
69d400827dca6ba0935b3436,EBL,BER,nach DE,BER,Hub,Arbil,EBL,1,2,1,1,2,"fluegede,idealo",2979.0,Lang (>1500km)
69d400827dca6ba0935b36e9,FAO,NUE,nach DE,NUE,Provinz,Faro,FAO,1,2,1,1,2,"fluegede,idealo",2063.0,Lang (>1500km)
69d400827dca6ba0935b19d4,ASR,MUC,nach DE,MUC,Hub,Kayseri,ASR,1,2,1,1,2,"fluegede,idealo",2175.0,Lang (>1500km)
69d400827dca6ba0935afcf7,ONQ,DTM,nach DE,DTM,Provinz,Zonguldak,ONQ,1,2,1,1,2,"fluegede,idealo",2163.0,Lang (>1500km)
69d400827dca6ba0935b74c5,SSH,BER,nach DE,BER,Hub,Sharm el-Sheikh,SSH,1,1,4,4,2,"fluegede,idealo",3215.0,Lang (>1500km)
69d400827dca6ba0935b1e07,BER,SSH,ab DE,BER,Hub,Sharm el-Sheikh,SSH,1,1,4,4,2,"fluegede,idealo",3215.0,Lang (>1500km)
69d5517250bd478097d56851,BRE,RHO,ab DE,BRE,Provinz,Rodes Island,RHO,1,1,3,3,2,"fluegede,idealo",2382.0,Lang (>1500km)
69d5517450bd478097d5b68e,KGS,DRS,nach DE,DRS,Provinz,Kos Island,KGS,1,1,3,3,2,"fluegede,idealo",1912.0,Lang (>1500km)
69d5517350bd478097d59505,FMO,FUE,ab DE,FMO,Provinz,Fuerteventura Island,FUE,1,1,3,3,2,"fluegede,idealo",3179.0,Lang (>1500km)
69d5517350bd478097d59779,FUE,FMO,nach DE,FMO,Provinz,Fuerteventura Island,FUE,1,1,3,3,2,"fluegede,idealo",3179.0,Lang (>1500km)
69d5517250bd478097d587e5,DRS,KGS,ab DE,DRS,Provinz,Kos Island,KGS,1,1,3,3,2,"fluegede,idealo",1912.0,Lang (>1500km)
69d400827dca6ba0935b3076,DJE,BER,nach DE,BER,Hub,Djerba,DJE,1,1,2,2,2,"fluegede,idealo",2067.0,Lang (>1500km)
69d400827dca6ba0935b3928,FRA,SZX,ab DE,FRA,Hub,Shenzhen,SZX,1,1,2,2,2,"fluegede,idealo",9120.0,Lang (>1500km)
69d400827dca6ba0935b3956,FRA,URA,ab DE,FRA,Hub,Uralsk,URA,1,1,2,2,2,"fluegede,idealo",2995.0,Lang (>1500km)
69d400827dca6ba0935b395c,FRA,SNN,ab DE,FRA,Hub,Shannon,SNN,1,1,2,2,2,"fluegede,idealo",1245.0,Mittel (500-1500km)
69d400827dca6ba0935b8b5f,ZTH,STR,nach DE,STR,Hub,Zakynthos Island,ZTH,1,1,2,2,2,"fluegede,idealo",1537.0,Lang (>1500km)
69d400827dca6ba0935b820f,VOL,DUS,nach DE,DUS,Hub,Nea Anchialos,VOL,1,1,2,2,2,"fluegede,idealo",1829.0,Lang (>1500km)
69d400827dca6ba0935b7fad,URA,FRA,nach DE,FRA,Hub,Uralsk,URA,1,1,2,2,2,"fluegede,idealo",2995.0,Lang (>1500km)
69d5517650bd478097d5fb24,RHO,BRE,nach DE,BRE,Provinz,Rodes Island,RHO,1,1,2,2,2,"fluegede,idealo",2382.0,Lang (>1500km)
69d400827dca6ba0935b7393,SNN,FRA,nach DE,FRA,Hub,Shannon,SNN,1,1,2,2,2,"fluegede,idealo",1245.0,Mittel (500-1500km)
69d400827dca6ba0935b3335,DUS,VOL,ab DE,DUS,Hub,Nea Anchialos,VOL,1,1,2,2,2,"fluegede,idealo",1829.0,Lang (>1500km)
69d400827dca6ba0935b7584,STR,ZTH,ab DE,STR,Hub,Zakynthos Island,ZTH,1,1,2,2,2,"fluegede,idealo",1537.0,Lang (>1500km)
69d400827dca6ba0935a881d,TLV,CGN,nach DE,CGN,Hub,Tel Aviv,TLV,1,1,1,1,2,"fluegede,idealo",3088.0,Lang (>1500km)
69d400827dca6ba0935b3973,FSC,FRA,nach DE,FRA,Hub,Figari Sud-Corse,FSC,1,1,1,1,2,"fluegede,idealo",949.0,Mittel (500-1500km)
69d400827dca6ba0935b1e16,BER,COV,ab DE,BER,Hub,Tarsus,COV,1,1,1,1,2,"fluegede,idealo",2405.0,Lang (>1500km)
69d400827dca6ba0935b3312,DUS,SSH,ab DE,DUS,Hub,Sharm el-Sheikh,SSH,1,1,1,1,2,"fluegede,idealo",3469.0,Lang (>1500km)
69d5517550bd478097d5d40e,MIR,LEJ,nach DE,LEJ,Provinz,Monastir,MIR,1,1,1,1,2,"fluegede,idealo",1747.0,Lang (>1500km)
69d5517250bd478097d587eb,DRS,BOJ,ab DE,DRS,Provinz,Burgas,BOJ,1,1,1,1,2,"fluegede,idealo",1410.0,Mittel (500-1500km)
69d400827dca6ba0935b5a74,MUC,COV,ab DE,MUC,Hub,Tarsus,COV,1,1,1,1,2,"fluegede,idealo",2278.0,Lang (>1500km)
69d400827dca6ba0935b3cab,GWT,LUX,ab DE,GWT,Provinz,Luxembourg,LUX,1,1,1,1,2,"fluegede,idealo",634.0,Mittel (500-1500km)
69d400827dca6ba0935b125e,SID,STR,nach DE,STR,Hub,Espargos,SID,1,1,1,1,2,"fluegede,idealo",4590.0,Lang (>1500km)
69d400827dca6ba0935b1260,STR,MAH,ab DE,STR,Hub,Menorca Island,MAH,1,1,1,1,2,"fluegede,idealo",1059.0,Mittel (500-1500km)
69d400827dca6ba0935b7b31,TIV,MUC,nach DE,MUC,Hub,Tivat,TIV,1,1,1,1,2,"fluegede,idealo",854.0,Mittel (500-1500km)
69d400827dca6ba0935b1fc5,BIA,HAJ,nach DE,HAJ,Provinz,Bastia/Poretta,BIA,1,1,1,1,2,"fluegede,idealo",1102.0,Mittel (500-1500km)
69d400827dca6ba0935b3620,EVN,BER,nach DE,BER,Hub,Yerevan,EVN,1,1,1,1,2,"fluegede,idealo",2706.0,Lang (>1500km)
69d400827dca6ba0935b1e11,BER,ASR,ab DE,BER,Hub,Kayseri,ASR,1,1,1,1,2,"fluegede,idealo",2267.0,Lang (>1500km)
69d400827dca6ba0935b421c,HTY,DUS,nach DE,DUS,Hub,Hatay,HTY,1,1,1,1,2,"fluegede,idealo",2860.0,Lang (>1500km)
69d400827dca6ba0935b5a78,MUC,JER,ab DE,MUC,Hub,Saint Helier,JER,1,1,1,1,2,"fluegede,idealo",1027.0,Mittel (500-1500km)
69d400827dca6ba0935b34b6,EDO,STR,nach DE,STR,Hub,Edremit,EDO,1,1,1,1,2,"fluegede,idealo",1739.0,Lang (>1500km)
69d400827dca6ba0935b203c,BJV,NUE,nach DE,NUE,Provinz,Bodrum,BJV,1,1,1,1,2,"fluegede,idealo",1903.0,Lang (>1500km)
69d400827dca6ba0935b2037,BJV,STR,nach DE,STR,Hub,Bodrum,BJV,1,1,1,1,2,"fluegede,idealo",1958.0,Lang (>1500km)
69d400827dca6ba0935b7581,STR,TIV,ab DE,STR,Hub,Tivat,TIV,1,1,1,1,2,"fluegede,idealo",1016.0,Mittel (500-1500km)
69d400827dca6ba0935b1e10,BER,ZTH,ab DE,BER,Hub,Zakynthos Island,ZTH,1,1,1,1,2,"fluegede,idealo",1723.0,Lang (>1500km)
69d400827dca6ba0935b35cd,ESB,HAM,nach DE,HAM,Hub,Ankara,ESB,1,1,1,1,2,"fluegede,idealo",2286.0,Lang (>1500km)
69d400827dca6ba0935b7573,STR,DIY,ab DE,STR,Hub,Diyarbakir,DIY,1,1,1,1,2,"fluegede,idealo",2754.0,Lang (>1500km)
69d400827dca6ba0935b3d08,GZT,MUC,nach DE,MUC,Hub,Gaziantep,GZT,1,1,1,1,2,"fluegede,idealo",2437.0,Lang (>1500km)
69d400827dca6ba0935b7b35,TIV,STR,nach DE,STR,Hub,Tivat,TIV,1,1,1,1,2,"fluegede,idealo",1016.0,Mittel (500-1500km)
69d400827dca6ba0935b4e32,KZR,DUS,nach DE,DUS,Hub,Altintas,KZR,1,1,1,1,2,"fluegede,idealo",2261.0,Lang (>1500km)
69d400827dca6ba0935b46ef,JER,MUC,nach DE,MUC,Hub,Saint Helier,JER,1,1,1,1,2,"fluegede,idealo",1027.0,Mittel (500-1500km)
69d400827dca6ba0935b7577,STR,GPA,ab DE,STR,Hub,Patras,GPA,1,1,1,1,2,"fluegede,idealo",1527.0,Lang (>1500km)
69d400827dca6ba0935b7ef9,TZX,FRA,nach DE,FRA,Hub,Trabzon,TZX,1,1,1,1,2,"fluegede,idealo",2610.0,Lang (>1500km)
69d400827dca6ba0935b5a81,MUC,TOS,ab DE,MUC,Hub,Tromsø,TOS,1,1,1,1,2,"fluegede,idealo",2403.0,Lang (>1500km)
69d400827dca6ba0935b3d2a,HAJ,GPA,ab DE,HAJ,Provinz,Patras,GPA,1,1,1,1,2,"fluegede,idealo",1832.0,Lang (>1500km)
69d400827dca6ba0935b7571,STR,BJV,ab DE,STR,Hub,Bodrum,BJV,1,1,1,1,2,"fluegede,idealo",1958.0,Lang (>1500km)
69d5517250bd478097d56cf6,BVC,STR,nach DE,STR,Hub,Rabil,BVC,1,1,1,1,2,"fluegede,idealo",4644.0,Lang (>1500km)
69d400827dca6ba0935b3cfe,GZP,DUS,nach DE,DUS,Hub,Gazipasa,GZP,1,1,1,1,2,"fluegede,idealo",2618.0,Lang (>1500km)
69d400827dca6ba0935b6c5e,RMF,STR,nach DE,STR,Hub,Marsa Alam,RMF,1,1,1,1,2,"fluegede,idealo",3384.0,Lang (>1500km)
69d400827dca6ba0935b1e1b,BER,GZT,ab DE,BER,Hub,Gaziantep,GZT,1,1,1,1,2,"fluegede,idealo",2534.0,Lang (>1500km)
69d400827dca6ba0935b589e,MLX,DUS,nach DE,DUS,Hub,Malatya,MLX,1,1,1,1,2,"fluegede,idealo",2821.0,Lang (>1500km)
69d400827dca6ba0935b3318,DUS,AOK,ab DE,DUS,Hub,Karpathos Island,AOK,1,1,1,1,2,"fluegede,idealo",2398.0,Lang (>1500km)
69d400827dca6ba0935b74c4,SSH,DUS,nach DE,DUS,Hub,Sharm el-Sheikh,SSH,1,1,1,1,2,"fluegede,idealo",3469.0,Lang (>1500km)
69d400827dca6ba0935b3942,FRA,FSC,ab DE,FRA,Hub,Figari Sud-Corse,FSC,1,1,1,1,2,"fluegede,idealo",949.0,Mittel (500-1500km)
69d400827dca6ba0935b192c,AOK,DUS,nach DE,DUS,Hub,Karpathos Island,AOK,1,1,1,1,2,"fluegede,idealo",2398.0,Lang (>1500km)
69d400827dca6ba0935b3ba6,GPA,STR,nach DE,STR,Hub,Patras,GPA,1,1,1,1,2,"fluegede,idealo",1527.0,Lang (>1500km)
69d400827dca6ba0935b19d5,ASR,HAJ,nach DE,HAJ,Provinz,Kayseri,ASR,1,1,1,1,2,"fluegede,idealo",2497.0,Lang (>1500km)
69d5517450bd478097d5c23b,LEJ,MIR,ab DE,LEJ,Provinz,Monastir,MIR,1,1,1,1,2,"fluegede,idealo",1747.0,Lang (>1500km)
69d400827dca6ba0935b3dc8,HAM,MIR,ab DE,HAM,Hub,Monastir,MIR,1,1,1,1,2,"fluegede,idealo",1988.0,Lang (>1500km)
69d400827dca6ba0935b1e1a,BER,EVN,ab DE,BER,Hub,Yerevan,EVN,1,1,1,1,2,"fluegede,idealo",2706.0,Lang (>1500km)
69d400827dca6ba0935b3d2b,HAJ,GZT,ab DE,HAJ,Provinz,Gaziantep,GZT,1,1,1,1,2,"fluegede,idealo",2764.0,Lang (>1500km)
69d400827dca6ba0935b3955,FRA,TZX,ab DE,FRA,Hub,Trabzon,TZX,1,1,1,1,2,"fluegede,idealo",2610.0,Lang (>1500km)
69d400827dca6ba0935b3952,FRA,SZF,ab DE,FRA,Hub,Samsun,SZF,1,1,1,1,2,"fluegede,idealo",2369.0,Lang (>1500km)
69d400827dca6ba0935b1256,MUC,BVC,ab DE,MUC,Hub,Rabil,BVC,1,1,1,1,2,"fluegede,idealo",4769.0,Lang (>1500km)
69d400827dca6ba0935b3dc3,HAM,CAG,ab DE,HAM,Hub,Cagliari,CAG,1,1,1,1,2,"fluegede,idealo",1600.0,Lang (>1500km)
69d400827dca6ba0935abdc5,SPC,FRA,nach DE,FRA,Hub,Sta Cruz de la Palma,SPC,1,1,1,1,2,"fluegede,idealo",3250.0,Lang (>1500km)
69d400827dca6ba0935b71fa,SJJ,BER,nach DE,BER,Hub,Sarajevo,SJJ,1,1,1,1,2,"fluegede,idealo",1014.0,Mittel (500-1500km)
69d400827dca6ba0935b7578,STR,JMK,ab DE,STR,Hub,Mykonos Island,JMK,1,1,1,1,2,"fluegede,idealo",1805.0,Lang (>1500km)
69d400827dca6ba0935b3330,DUS,OMO,ab DE,DUS,Hub,Mostar,OMO,1,1,1,1,2,"fluegede,idealo",1218.0,Mittel (500-1500km)
69d400827dca6ba0935b5a71,MUC,BIQ,ab DE,MUC,Hub,Biarritz/Anglet/Bayonne,BIQ,1,1,1,1,2,"fluegede,idealo",1162.0,Mittel (500-1500km)
69d400827dca6ba0935b394f,FRA,SMI,ab DE,FRA,Hub,Samos Island,SMI,1,1,1,1,2,"fluegede,idealo",2003.0,Lang (>1500km)
69d400827dca6ba0935b36bf,EZS,STR,nach DE,STR,Hub,Elazig,EZS,1,1,1,1,2,"fluegede,idealo",2644.0,Lang (>1500km)
69d400827dca6ba0935b1e25,BER,SJJ,ab DE,BER,Hub,Sarajevo,SJJ,1,1,1,1,2,"fluegede,idealo",1014.0,Mittel (500-1500km)
69d400827dca6ba0935b2044,BJV,LEJ,nach DE,LEJ,Provinz,Bodrum,BJV,1,1,1,1,2,"fluegede,idealo",1989.0,Lang (>1500km)
69d400827dca6ba0935b3321,DUS,GZP,ab DE,DUS,Hub,Gazipasa,GZP,1,1,1,1,2,"fluegede,idealo",2618.0,Lang (>1500km)
69d400827dca6ba0935b3d28,HAJ,BJV,ab DE,HAJ,Provinz,Bodrum,BJV,1,1,1,1,2,"fluegede,idealo",2194.0,Lang (>1500km)
69d400827dca6ba0935abd37,DLM,HAM,nach DE,HAM,Hub,Dalaman,DLM,1,1,1,1,2,"fluegede,idealo",2374.0,Lang (>1500km)
69d5517350bd478097d58c31,DYU,MUC,nach DE,MUC,Hub,Dushanbe,DYU,1,1,1,1,2,"fluegede,idealo",4620.0,Lang (>1500km)
69d400827dca6ba0935b3dd2,HAM,ZAD,ab DE,HAM,Hub,Zadar,ZAD,1,1,1,1,2,"fluegede,idealo",1128.0,Mittel (500-1500km)
69d400827dca6ba0935b5360,LUX,GWT,nach DE,GWT,Provinz,Luxembourg,LUX,1,1,1,1,2,"fluegede,idealo",634.0,Mittel (500-1500km)
69d400827dca6ba0935b3e35,HDF,LUX,ab DE,HDF,Provinz,Luxembourg,LUX,1,1,1,1,2,"fluegede,idealo",746.0,Mittel (500-1500km)
69d400827dca6ba0935b3d09,GZT,HAJ,nach DE,HAJ,Provinz,Gaziantep,GZT,1,1,1,1,2,"fluegede,idealo",2764.0,Lang (>1500km)
69d400827dca6ba0935b203f,BJV,HAM,nach DE,HAM,Hub,Bodrum,BJV,1,1,1,1,2,"fluegede,idealo",2271.0,Lang (>1500km)
69d400827dca6ba0935b1242,FRA,GPA,ab DE,FRA,Hub,Patras,GPA,1,1,1,1,2,"fluegede,idealo",1669.0,Lang (>1500km)
69d400827dca6ba0935b2024,BJV,MUC,nach DE,MUC,Hub,Bodrum,BJV,1,1,1,1,2,"fluegede,idealo",1783.0,Lang (>1500km)
69d400827dca6ba0935b6087,OMO,STR,nach DE,STR,Hub,Mostar,OMO,1,1,1,1,2,"fluegede,idealo",896.0,Mittel (500-1500km)
69d400827dca6ba0935b306d,DIY,CGN,nach DE,CGN,Hub,Diyarbakir,DIY,1,1,1,1,2,"fluegede,idealo",2962.0,Lang (>1500km)
69d400827dca6ba0935b7cbd,TOS,MUC,nach DE,MUC,Hub,Tromsø,TOS,1,1,1,1,2,"fluegede,idealo",2403.0,Lang (>1500km)
69d400827dca6ba0935b7575,STR,EDO,ab DE,STR,Hub,Edremit,EDO,1,1,1,1,2,"fluegede,idealo",1739.0,Lang (>1500km)
69d400827dca6ba0935b4fa7,LEJ,BJV,ab DE,LEJ,Provinz,Bodrum,BJV,1,1,1,1,2,"fluegede,idealo",1989.0,Lang (>1500km)
69d400827dca6ba0935b4df4,KYA,DUS,nach DE,DUS,Hub,Konya,KYA,1,1,1,1,2,"fluegede,idealo",2500.0,Lang (>1500km)
69d400827dca6ba0935b8b15,ZRH,HDF,nach DE,HDF,Provinz,Zurich,ZRH,1,1,1,1,2,"fluegede,idealo",815.0,Mittel (500-1500km)
69d400827dca6ba0935abdc9,STR,ACE,ab DE,STR,Hub,Lanzarote Island,ACE,1,1,1,1,2,"fluegede,idealo",2932.0,Lang (>1500km)
69d400827dca6ba0935b3ba1,GPA,HAJ,nach DE,HAJ,Provinz,Patras,GPA,1,1,1,1,2,"fluegede,idealo",1832.0,Lang (>1500km)
69d400827dca6ba0935b1255,MAH,STR,nach DE,STR,Hub,Menorca Island,MAH,1,1,1,1,2,"fluegede,idealo",1059.0,Mittel (500-1500km)
69d400827dca6ba0935b4acf,KLX,HAM,nach DE,HAM,Hub,Kalamata,KLX,1,1,1,1,2,"fluegede,idealo",2061.0,Lang (>1500km)
69d400827dca6ba0935b5a72,MUC,BJV,ab DE,MUC,Hub,Bodrum,BJV,1,1,1,1,2,"fluegede,idealo",1783.0,Lang (>1500km)
69d400827dca6ba0935b3940,FRA,EZS,ab DE,FRA,Hub,Elazig,EZS,1,1,1,1,2,"fluegede,idealo",2729.0,Lang (>1500km)
69d400827dca6ba0935b779b,SZF,MUC,nach DE,MUC,Hub,Samsun,SZF,1,1,1,1,2,"fluegede,idealo",2097.0,Lang (>1500km)
69d400827dca6ba0935abdc6,SPC,MUC,nach DE,MUC,Hub,Sta Cruz de la Palma,SPC,1,1,1,1,2,"fluegede,idealo",3343.0,Lang (>1500km)
69d400827dca6ba0935ab4c6,FRA,SHE,ab DE,FRA,Hub,Shenyang,SHE,1,1,1,1,2,"fluegede,idealo",8021.0,Lang (>1500km)
69d400827dca6ba0935b734d,SMI,FRA,nach DE,FRA,Hub,Samos Island,SMI,1,1,1,1,2,"fluegede,idealo",2003.0,Lang (>1500km)
69d400827dca6ba0935b779a,SZF,HAJ,nach DE,HAJ,Provinz,Samsun,SZF,1,1,1,1,2,"fluegede,idealo",2373.0,Lang (>1500km)
69d5517250bd478097d56d03,BVC,MUC,nach DE,MUC,Hub,Rabil,BVC,1,1,1,1,2,"fluegede,idealo",4769.0,Lang (>1500km)
69d400827dca6ba0935b2008,BIQ,MUC,nach DE,MUC,Hub,Biarritz/Anglet/Bayonne,BIQ,1,1,1,1,2,"fluegede,idealo",1162.0,Mittel (500-1500km)
69d400827dca6ba0935b2bf2,COV,MUC,nach DE,MUC,Hub,Tarsus,COV,1,1,1,1,2,"fluegede,idealo",2278.0,Lang (>1500km)
69d400827dca6ba0935b4df5,KYA,STR,nach DE,STR,Hub,Konya,KYA,1,1,1,1,2,"fluegede,idealo",2218.0,Lang (>1500km)
69d400827dca6ba0935b332b,DUS,KZR,ab DE,DUS,Hub,Altintas,KZR,1,1,1,1,2,"fluegede,idealo",2261.0,Lang (>1500km)
69d400827dca6ba0935b57df,MIR,HAM,nach DE,HAM,Hub,Monastir,MIR,1,1,1,1,2,"fluegede,idealo",1988.0,Lang (>1500km)
69d400827dca6ba0935b38ae,FNC,NUE,nach DE,NUE,Provinz,Funchal,FNC,1,1,1,1,2,"fluegede,idealo",2959.0,Lang (>1500km)
69d400827dca6ba0935b1e13,BER,BJV,ab DE,BER,Hub,Bodrum,BJV,1,1,1,1,2,"fluegede,idealo",2010.0,Lang (>1500km)
69d400827dca6ba0935b5a7f,MUC,SZF,ab DE,MUC,Hub,Samsun,SZF,1,1,1,1,2,"fluegede,idealo",2097.0,Lang (>1500km)
69d400827dca6ba0935b757a,STR,KYA,ab DE,STR,Hub,Konya,KYA,1,1,1,1,2,"fluegede,idealo",2218.0,Lang (>1500km)
69d400827dca6ba0935b3322,DUS,HTY,ab DE,DUS,Hub,Hatay,HTY,1,1,1,1,2,"fluegede,idealo",2860.0,Lang (>1500km)
69d400827dca6ba0935b3cac,GWT,VIE,ab DE,GWT,Provinz,Vienna,VIE,1,1,1,1,2,"fluegede,idealo",946.0,Mittel (500-1500km)
69d400827dca6ba0935b124c,HAJ,MAH,ab DE,HAJ,Provinz,Menorca Island,MAH,1,1,1,1,2,"fluegede,idealo",1462.0,Mittel (500-1500km)
69d400827dca6ba0935b757c,STR,OGU,ab DE,STR,Hub,Ordu,OGU,1,1,1,1,2,"fluegede,idealo",2415.0,Lang (>1500km)
69d400827dca6ba0935b3fa1,HHN,INI,ab DE,HHN,Provinz,Nis,INI,1,1,1,1,2,"fluegede,idealo",1331.0,Mittel (500-1500km)
69d5517550bd478097d5d944,MUC,SID,ab DE,MUC,Hub,Espargos,SID,1,1,1,1,2,"fluegede,idealo",4717.0,Lang (>1500km)
69d400827dca6ba0935b3e36,HDF,ZRH,ab DE,HDF,Provinz,Zurich,ZRH,1,1,1,1,2,"fluegede,idealo",815.0,Mittel (500-1500km)
69d400827dca6ba0935b3d30,HAJ,EDO,ab DE,HAJ,Provinz,Edremit,EDO,1,1,1,1,2,"fluegede,idealo",1952.0,Lang (>1500km)
69d400827dca6ba0935b3332,DUS,RJK,ab DE,DUS,Hub,Rijeka,RJK,1,1,1,1,2,"fluegede,idealo",888.0,Mittel (500-1500km)
69d400827dca6ba0935b3d18,HAJ,PUY,ab DE,HAJ,Provinz,Pula,PUY,1,1,1,1,2,"fluegede,idealo",897.0,Mittel (500-1500km)
69d400827dca6ba0935b3dd4,HAM,BJV,ab DE,HAM,Hub,Bodrum,BJV,1,1,1,1,2,"fluegede,idealo",2271.0,Lang (>1500km)
69d400827dca6ba0935b2007,BIQ,FRA,nach DE,FRA,Hub,Biarritz/Anglet/Bayonne,BIQ,1,1,1,1,2,"fluegede,idealo",1057.0,Mittel (500-1500km)
69d400827dca6ba0935b68e3,PUY,STR,nach DE,STR,Hub,Pula,PUY,1,1,1,1,2,"fluegede,idealo",553.0,Mittel (500-1500km)
69d400827dca6ba0935b5f66,NUE,BJV,ab DE,NUE,Provinz,Bodrum,BJV,1,1,1,1,2,"fluegede,idealo",1903.0,Lang (>1500km)
69d400827dca6ba0935b68dc,PUY,HAJ,nach DE,HAJ,Provinz,Pula,PUY,1,1,1,1,2,"fluegede,idealo",897.0,Mittel (500-1500km)
69d5517650bd478097d60ddd,STR,SID,ab DE,STR,Hub,Espargos,SID,1,1,1,1,2,"fluegede,idealo",4590.0,Lang (>1500km)
69d400827dca6ba0935b2bf0,COV,BER,nach DE,BER,Hub,Tarsus,COV,1,1,1,1,2,"fluegede,idealo",2405.0,Lang (>1500km)
69d400827dca6ba0935b1e19,BER,DJE,ab DE,BER,Hub,Djerba,DJE,1,1,1,1,2,"fluegede,idealo",2067.0,Lang (>1500km)
69d400827dca6ba0935b6c2d,RJK,DUS,nach DE,DUS,Hub,Rijeka,RJK,1,1,1,1,2,"fluegede,idealo",888.0,Mittel (500-1500km)
69d400827dca6ba0935b6085,OMO,DUS,nach DE,DUS,Hub,Mostar,OMO,1,1,1,1,2,"fluegede,idealo",1218.0,Mittel (500-1500km)
69d400827dca6ba0935b36bd,EZS,FRA,nach DE,FRA,Hub,Elazig,EZS,1,1,1,1,2,"fluegede,idealo",2729.0,Lang (>1500km)
69d400827dca6ba0935b1e20,BER,SZF,ab DE,BER,Hub,Samsun,SZF,1,1,1,1,2,"fluegede,idealo",2131.0,Lang (>1500km)
69d400827dca6ba0935b5a77,MUC,GZT,ab DE,MUC,Hub,Gaziantep,GZT,1,1,1,1,2,"fluegede,idealo",2437.0,Lang (>1500km)
69d400827dca6ba0935b5a80,MUC,TIV,ab DE,MUC,Hub,Tivat,TIV,1,1,1,1,2,"fluegede,idealo",854.0,Mittel (500-1500km)
69d400827dca6ba0935b3d2c,HAJ,BIA,ab DE,HAJ,Provinz,Bastia/Poretta,BIA,1,1,1,1,2,"fluegede,idealo",1102.0,Mittel (500-1500km)
69d400827dca6ba0935b3d23,HAJ,SZF,ab DE,HAJ,Provinz,Samsun,SZF,1,1,1,1,2,"fluegede,idealo",2373.0,Lang (>1500km)
69d400827dca6ba0935b5f6b,NUE,FNC,ab DE,NUE,Provinz,Funchal,FNC,1,1,1,1,2,"fluegede,idealo",2959.0,Lang (>1500km)
69d400827dca6ba0935abdcb,STR,FNC,ab DE,STR,Hub,Funchal,FNC,1,1,1,1,2,"fluegede,idealo",2798.0,Lang (>1500km)
69d400827dca6ba0935b7576,STR,EZS,ab DE,STR,Hub,Elazig,EZS,1,1,1,1,2,"fluegede,idealo",2644.0,Lang (>1500km)
69d400827dca6ba0935b5fdc,OGU,STR,nach DE,STR,Hub,Ordu,OGU,1,1,1,1,2,"fluegede,idealo",2415.0,Lang (>1500km)
69d400827dca6ba0935b34b7,EDO,HAJ,nach DE,HAJ,Provinz,Edremit,EDO,1,1,1,1,2,"fluegede,idealo",1952.0,Lang (>1500km)
69d400827dca6ba0935b332a,DUS,KYA,ab DE,DUS,Hub,Konya,KYA,1,1,1,1,2,"fluegede,idealo",2500.0,Lang (>1500km)
69d400827dca6ba0935b7558,STR,RMF,ab DE,STR,Hub,Marsa Alam,RMF,1,1,1,1,2,"fluegede,idealo",3384.0,Lang (>1500km)
69d400827dca6ba0935b5361,LUX,HDF,nach DE,HDF,Provinz,Luxembourg,LUX,1,1,1,1,2,"fluegede,idealo",746.0,Mittel (500-1500km)
69d400827dca6ba0935b265c,CAG,HAM,nach DE,HAM,Hub,Cagliari,CAG,1,1,1,1,2,"fluegede,idealo",1600.0,Lang (>1500km)
69d400827dca6ba0935b34b8,EDO,MUC,nach DE,MUC,Hub,Edremit,EDO,1,1,1,1,2,"fluegede,idealo",1558.0,Lang (>1500km)
69d400827dca6ba0935b757d,STR,OMO,ab DE,STR,Hub,Mostar,OMO,1,1,1,1,2,"fluegede,idealo",896.0,Mittel (500-1500km)
69d400827dca6ba0935b125f,STR,BVC,ab DE,STR,Hub,Rabil,BVC,1,1,1,1,2,"fluegede,idealo",4644.0,Lang (>1500km)
69d400827dca6ba0935b1246,GPA,FRA,nach DE,FRA,Hub,Patras,GPA,1,1,1,1,2,"fluegede,idealo",1669.0,Lang (>1500km)
69d400827dca6ba0935b47ef,JMK,STR,nach DE,STR,Hub,Mykonos Island,JMK,1,1,1,1,2,"fluegede,idealo",1805.0,Lang (>1500km)
69d400827dca6ba0935b393c,FRA,BIQ,ab DE,FRA,Hub,Biarritz/Anglet/Bayonne,BIQ,1,1,1,1,2,"fluegede,idealo",1057.0,Mittel (500-1500km)
69d400827dca6ba0935abd42,FNC,STR,nach DE,STR,Hub,Funchal,FNC,1,1,1,1,2,"fluegede,idealo",2798.0,Lang (>1500km)
69d400827dca6ba0935b331b,DUS,CMN,ab DE,DUS,Hub,Casablanca,CMN,1,1,1,1,2,"fluegede,idealo",2307.0,Lang (>1500km)
69d400827dca6ba0935b5a65,MUC,DYU,ab DE,MUC,Hub,Dushanbe,DYU,1,1,1,1,2,"fluegede,idealo",4620.0,Lang (>1500km)
69d400827dca6ba0935b8a12,ZAD,HAM,nach DE,HAM,Hub,Zadar,ZAD,1,1,1,1,2,"fluegede,idealo",1128.0,Mittel (500-1500km)
69d5517350bd478097d596f7,FRA,SID,ab DE,FRA,Hub,Espargos,SID,1,1,1,1,2,"fluegede,idealo",4649.0,Lang (>1500km)
69d400827dca6ba0935b3dc7,HAM,KLX,ab DE,HAM,Hub,Kalamata,KLX,1,1,1,1,2,"fluegede,idealo",2061.0,Lang (>1500km)
69d400827dca6ba0935b125d,SID,MUC,nach DE,MUC,Hub,Espargos,SID,1,1,1,1,2,"fluegede,idealo",4717.0,Lang (>1500km)
69d400827dca6ba0935b3d19,HAJ,ASR,ab DE,HAJ,Provinz,Kayseri,ASR,1,1,1,1,2,"fluegede,idealo",2497.0,Lang (>1500km)
69d400827dca6ba0935b8b56,ZTH,BER,nach DE,BER,Hub,Zakynthos Island,ZTH,1,1,1,1,2,"fluegede,idealo",1723.0,Lang (>1500km)
69d5517550bd478097d5d41c,MIR,STR,nach DE,STR,Hub,Monastir,MIR,1,1,1,1,2,"fluegede,idealo",1443.0,Mittel (500-1500km)
69d400827dca6ba0935b8122,VIE,GWT,nach DE,GWT,Provinz,Vienna,VIE,1,1,1,1,2,"fluegede,idealo",946.0,Mittel (500-1500km)
69d400827dca6ba0935b2040,BJV,HAJ,nach DE,HAJ,Provinz,Bodrum,BJV,1,1,1,1,2,"fluegede,idealo",2194.0,Lang (>1500km)
69d400827dca6ba0935b2036,BJV,BER,nach DE,BER,Hub,Bodrum,BJV,1,1,1,1,2,"fluegede,idealo",2010.0,Lang (>1500km)
69d400827dca6ba0935afcf4,MUC,EBL,ab DE,MUC,Hub,Arbil,EBL,1,1,1,1,2,"fluegede,idealo",2940.0,Lang (>1500km)
69d400827dca6ba0935b757e,STR,PUY,ab DE,STR,Hub,Pula,PUY,1,1,1,1,2,"fluegede,idealo",553.0,Mittel (500-1500km)
69d400827dca6ba0935b3d02,GZT,BER,nach DE,BER,Hub,Gaziantep,GZT,1,1,1,1,2,"fluegede,idealo",2534.0,Lang (>1500km)
69d400827dca6ba0935b1253,MAH,HAJ,nach DE,HAJ,Provinz,Menorca Island,MAH,1,1,1,1,2,"fluegede,idealo",1462.0,Mittel (500-1500km)
69d400827dca6ba0935b3070,DIY,STR,nach DE,STR,Hub,Diyarbakir,DIY,1,1,1,1,2,"fluegede,idealo",2754.0,Lang (>1500km)
69d400827dca6ba0935a9a23,RSW,DUS,nach DE,DUS,Hub,Fort Myers,RSW,0,306,0,26,1,fluegede,7640.0,Lang (>1500km)
69d400827dca6ba0935a987f,ORD,DUS,nach DE,DUS,Hub,Chicago,ORD,0,301,0,32,1,fluegede,6789.0,Lang (>1500km)
69d400827dca6ba0935ae915,EWR,DUS,nach DE,DUS,Hub,Newark,EWR,0,292,0,30,1,fluegede,6038.0,Lang (>1500km)
69d400827dca6ba0935a9524,DUS,JFK,ab DE,DUS,Hub,New York,JFK,0,273,0,33,1,fluegede,6017.0,Lang (>1500km)
69d400827dca6ba0935ae902,DUS,EWR,ab DE,DUS,Hub,Newark,EWR,0,271,0,31,1,fluegede,6038.0,Lang (>1500km)
69d400827dca6ba0935a9528,DUS,ORD,ab DE,DUS,Hub,Chicago,ORD,0,271,0,29,1,fluegede,6789.0,Lang (>1500km)
69d400827dca6ba0935abd5f,FRA,SJU,ab DE,FRA,Hub,San Juan,SJU,0,267,0,33,1,fluegede,7352.0,Lang (>1500km)
69d400827dca6ba0935ae990,HAM,EWR,ab DE,HAM,Hub,Newark,EWR,0,258,0,30,1,fluegede,6138.0,Lang (>1500km)
69d400827dca6ba0935a9527,DUS,MIA,ab DE,DUS,Hub,Miami,MIA,0,248,0,27,1,fluegede,7603.0,Lang (>1500km)
69d400827dca6ba0935a963e,KUL,FRA,nach DE,FRA,Hub,Kuala Lumpur,KUL,0,244,0,40,1,fluegede,10000.0,Lang (>1500km)
69d400827dca6ba0935abd62,FRA,SSA,ab DE,FRA,Hub,Salvador,SSA,0,239,0,19,1,fluegede,8352.0,Lang (>1500km)
69d400827dca6ba0935ae908,DUS,NRT,ab DE,DUS,Hub,Tokyo,NRT,0,233,0,32,1,fluegede,9331.0,Lang (>1500km)
69d400827dca6ba0935abd5a,FRA,REC,ab DE,FRA,Hub,Recife,REC,0,230,0,26,1,fluegede,7707.0,Lang (>1500km)
69d400827dca6ba0935ae627,ICN,FRA,nach DE,FRA,Hub,Seoul,ICN,0,229,0,31,1,fluegede,8545.0,Lang (>1500km)
69d400827dca6ba0935abd55,FRA,MLE,ab DE,FRA,Hub,Malé,MLE,0,225,0,25,1,fluegede,7886.0,Lang (>1500km)
69d400827dca6ba0935a9817,MUC,PHL,ab DE,MUC,Hub,Philadelphia,PHL,0,224,0,27,1,fluegede,6631.0,Lang (>1500km)
69d400827dca6ba0935a9529,DUS,RSW,ab DE,DUS,Hub,Fort Myers,RSW,0,222,0,29,1,fluegede,7640.0,Lang (>1500km)
69d400827dca6ba0935ae93c,FRA,DMM,ab DE,FRA,Hub,Ad Dammam,DMM,0,221,0,22,1,fluegede,4369.0,Lang (>1500km)
69d400827dca6ba0935ab4b1,DUS,PEK,ab DE,DUS,Hub,Beijing,PEK,0,220,0,27,1,fluegede,7796.0,Lang (>1500km)
69d400827dca6ba0935a9e38,FRA,YOW,ab DE,FRA,Hub,Ottawa,YOW,0,217,0,20,1,fluegede,5983.0,Lang (>1500km)
69d400827dca6ba0935a9bbc,CUN,DUS,nach DE,DUS,Hub,Cancun,CUN,0,214,0,28,1,fluegede,8444.0,Lang (>1500km)
69d400827dca6ba0935ae9a5,KIX,FRA,nach DE,FRA,Hub,Osaka,KIX,0,212,0,37,1,fluegede,9263.0,Lang (>1500km)
69d400827dca6ba0935a876b,HAM,PRG,ab DE,HAM,Hub,Prague,PRG,0,206,0,21,1,fluegede,490.0,Kurz (0-500km)
69d400827dca6ba0935aa373,CDG,STR,nach DE,STR,Hub,Paris,CDG,0,204,0,17,1,fluegede,489.0,Kurz (0-500km)
69d400827dca6ba0935aad3a,FRA,HAN,ab DE,FRA,Hub,Hanoi,HAN,0,203,0,25,1,fluegede,8714.0,Lang (>1500km)
69d400827dca6ba0935abdb8,REC,FRA,nach DE,FRA,Hub,Recife,REC,0,202,0,19,1,fluegede,7707.0,Lang (>1500km)
69d400827dca6ba0935a875e,HAM,GVA,ab DE,HAM,Hub,Geneva,GVA,0,196,0,20,1,fluegede,867.0,Mittel (500-1500km)
69d400827dca6ba0935ae92b,FRA,ACC,ab DE,FRA,Hub,Accra,ACC,0,192,0,26,1,fluegede,5006.0,Lang (>1500km)
69d400827dca6ba0935ab47d,CTU,FRA,nach DE,FRA,Hub,Chengdu,CTU,0,191,0,27,1,fluegede,7812.0,Lang (>1500km)
69d400827dca6ba0935a9bed,DUS,PUJ,ab DE,DUS,Hub,Punta Cana,PUJ,0,190,0,19,1,fluegede,7382.0,Lang (>1500km)
69d400827dca6ba0935aad3c,FRA,SGN,ab DE,FRA,Hub,Ho Chi Minh City,SGN,0,189,0,19,1,fluegede,9658.0,Lang (>1500km)
69d400827dca6ba0935a87f3,STR,BRU,ab DE,STR,Hub,Brussels,BRU,0,186,0,13,1,fluegede,410.0,Kurz (0-500km)
69d400827dca6ba0935a9d1f,PUJ,DUS,nach DE,DUS,Hub,Punta Cana,PUJ,0,185,0,20,1,fluegede,7382.0,Lang (>1500km)
69d400827dca6ba0935a9be6,DUS,MJT,ab DE,DUS,Hub,Mytilene,MJT,0,183,0,12,1,fluegede,2054.0,Lang (>1500km)
69d400827dca6ba0935aad47,HAN,FRA,nach DE,FRA,Hub,Hanoi,HAN,0,182,0,21,1,fluegede,8714.0,Lang (>1500km)
69d400827dca6ba0935a9ef8,YOW,FRA,nach DE,FRA,Hub,Ottawa,YOW,0,181,0,17,1,fluegede,5983.0,Lang (>1500km)
69d400827dca6ba0935a87c3,PRG,HAM,nach DE,HAM,Hub,Prague,PRG,0,179,0,18,1,fluegede,490.0,Kurz (0-500km)
69d400827dca6ba0935a873d,GVA,HAM,nach DE,HAM,Hub,Geneva,GVA,0,179,0,18,1,fluegede,867.0,Mittel (500-1500km)
69d400827dca6ba0935acdbe,BRE,OPO,ab DE,BRE,Provinz,Porto,OPO,0,178,0,16,1,fluegede,1852.0,Lang (>1500km)
69d400827dca6ba0935a9cc8,MUC,PUJ,ab DE,MUC,Hub,Punta Cana,PUJ,0,177,0,20,1,fluegede,7759.0,Lang (>1500km)
69d400827dca6ba0935ae9b5,LNZ,DUS,nach DE,DUS,Hub,Linz,LNZ,0,173,0,10,1,fluegede,632.0,Mittel (500-1500km)
69d400827dca6ba0935aea04,MUC,SJJ,ab DE,MUC,Hub,Sarajevo,SJJ,0,172,0,15,1,fluegede,713.0,Mittel (500-1500km)
69d400827dca6ba0935a86a2,BRU,STR,nach DE,STR,Hub,Brussels,BRU,0,172,0,14,1,fluegede,410.0,Kurz (0-500km)
69d400827dca6ba0935a9ca6,MJT,DUS,nach DE,DUS,Hub,Mytilene,MJT,0,172,0,12,1,fluegede,2054.0,Lang (>1500km)
69d400827dca6ba0935ae9fa,MUC,PAD,Inland,MUC,Hub,,,0,169,0,9,1,fluegede,427.0,Kurz (0-500km)
69d400827dca6ba0935ae906,DUS,LNZ,ab DE,DUS,Hub,Linz,LNZ,0,168,0,7,1,fluegede,632.0,Mittel (500-1500km)
69d400827dca6ba0935ab016,DUS,BLL,ab DE,DUS,Hub,Billund,BLL,0,167,0,10,1,fluegede,519.0,Mittel (500-1500km)
69d400827dca6ba0935a9d20,PUJ,MUC,nach DE,MUC,Hub,Punta Cana,PUJ,0,165,0,22,1,fluegede,7759.0,Lang (>1500km)
69d400827dca6ba0935a9cef,NUE,SPU,ab DE,NUE,Provinz,Split,SPU,0,165,0,21,1,fluegede,774.0,Mittel (500-1500km)
69d400827dca6ba0935a8772,HAM,TLS,ab DE,HAM,Hub,Toulouse/Blagnac,TLS,0,165,0,17,1,fluegede,1278.0,Mittel (500-1500km)
69d400827dca6ba0935ac792,FRA,TLS,ab DE,FRA,Hub,Toulouse/Blagnac,TLS,0,162,0,16,1,fluegede,896.0,Mittel (500-1500km)
69d400827dca6ba0935a8753,HAM,BHX,ab DE,HAM,Hub,Birmingham,BHX,0,161,0,13,1,fluegede,794.0,Mittel (500-1500km)
69d400827dca6ba0935ae98a,HAJ,BRU,ab DE,HAJ,Provinz,Brussels,BRU,0,160,0,15,1,fluegede,430.0,Kurz (0-500km)
69d400827dca6ba0935ad4a0,TLL,BRE,nach DE,BRE,Provinz,Tallinn,TLL,0,160,0,12,1,fluegede,1213.0,Mittel (500-1500km)
69d400827dca6ba0935acdbf,BRE,RIX,ab DE,BRE,Provinz,Riga,RIX,0,159,0,14,1,fluegede,1057.0,Mittel (500-1500km)
69d400827dca6ba0935aea28,PAD,MUC,Inland,PAD,Provinz,,,0,159,0,13,1,fluegede,427.0,Kurz (0-500km)
69d400827dca6ba0935ab000,BLL,DUS,nach DE,DUS,Hub,Billund,BLL,0,159,0,12,1,fluegede,519.0,Mittel (500-1500km)
69d400827dca6ba0935aaad0,MUC,RAK,ab DE,MUC,Hub,Marrakech,RAK,0,157,0,21,1,fluegede,2499.0,Lang (>1500km)
69d400827dca6ba0935ae903,DUS,GLA,ab DE,DUS,Hub,Glasgow,GLA,0,156,0,16,1,fluegede,896.0,Mittel (500-1500km)
69d400827dca6ba0935a8723,DUS,POZ,ab DE,DUS,Hub,Poznań,POZ,0,156,0,8,1,fluegede,702.0,Mittel (500-1500km)
69d400827dca6ba0935a872c,DUS,WRO,ab DE,DUS,Hub,Wrocław,WRO,0,156,0,7,1,fluegede,705.0,Mittel (500-1500km)
69d400827dca6ba0935ae8fc,DMM,FRA,nach DE,FRA,Hub,Ad Dammam,DMM,0,155,0,20,1,fluegede,4369.0,Lang (>1500km)
69d400827dca6ba0935ab29b,BRE,TLS,ab DE,BRE,Provinz,Toulouse/Blagnac,TLS,0,155,0,13,1,fluegede,1181.0,Mittel (500-1500km)
69d400827dca6ba0935a9db6,VIE,NUE,nach DE,NUE,Provinz,Vienna,VIE,0,155,0,12,1,fluegede,431.0,Kurz (0-500km)
69d400827dca6ba0935ab0a6,MUC,BLL,ab DE,MUC,Hub,Billund,BLL,0,154,0,12,1,fluegede,841.0,Mittel (500-1500km)
69d400827dca6ba0935ac884,STR,GVA,ab DE,STR,Hub,Geneva,GVA,0,152,0,12,1,fluegede,359.0,Kurz (0-500km)
69d400827dca6ba0935ab5b9,NKG,FRA,nach DE,FRA,Hub,Nanjing,NKG,0,151,0,24,1,fluegede,8637.0,Lang (>1500km)
69d400827dca6ba0935ac7f8,TLS,FRA,nach DE,FRA,Hub,Toulouse/Blagnac,TLS,0,150,0,19,1,fluegede,896.0,Mittel (500-1500km)
69d400827dca6ba0935a87e3,SPU,HAJ,nach DE,HAJ,Provinz,Split,SPU,0,148,0,15,1,fluegede,1106.0,Mittel (500-1500km)
69d400827dca6ba0935abda7,MLE,FRA,nach DE,FRA,Hub,Malé,MLE,0,147,0,19,1,fluegede,7886.0,Lang (>1500km)
69d400827dca6ba0935a87a9,NAP,HAJ,nach DE,HAJ,Provinz,Napoli,NAP,0,147,0,18,1,fluegede,1333.0,Mittel (500-1500km)
69d400827dca6ba0935ac533,MUC,ORK,ab DE,MUC,Hub,Cork,ORK,0,147,0,16,1,fluegede,1492.0,Mittel (500-1500km)
69d400827dca6ba0935a870e,DUS,BSL,ab DE,DUS,Hub,Bale/Mulhouse,BSL,0,147,0,12,1,fluegede,415.0,Kurz (0-500km)
69d400827dca6ba0935ad51b,VNO,BRE,nach DE,BRE,Provinz,Vilnius,VNO,0,147,0,10,1,fluegede,1094.0,Mittel (500-1500km)
69d400827dca6ba0935a86f9,DBV,HAJ,nach DE,HAJ,Provinz,Dubrovnik,DBV,0,145,0,16,1,fluegede,1274.0,Mittel (500-1500km)
69d400827dca6ba0935aea0c,MUC,TRS,ab DE,MUC,Hub,Trieste,TRS,0,145,0,9,1,fluegede,309.0,Kurz (0-500km)
69d400827dca6ba0935aea2d,POZ,MUC,nach DE,MUC,Hub,Poznań,POZ,0,145,0,8,1,fluegede,576.0,Mittel (500-1500km)
69d400827dca6ba0935ae97c,GDN,MUC,nach DE,MUC,Hub,Gdańsk,GDN,0,144,0,8,1,fluegede,814.0,Mittel (500-1500km)
69d400827dca6ba0935a880e,STR,SJJ,ab DE,STR,Hub,Sarajevo,SJJ,0,143,0,17,1,fluegede,884.0,Mittel (500-1500km)
69d400827dca6ba0935ae9fe,MUC,PSA,ab DE,MUC,Hub,Pisa,PSA,0,143,0,12,1,fluegede,530.0,Mittel (500-1500km)
69d400827dca6ba0935a8729,DUS,TRN,ab DE,DUS,Hub,Torino,TRN,0,143,0,12,1,fluegede,680.0,Mittel (500-1500km)
69d400827dca6ba0935a9cf1,NUE,VIE,ab DE,NUE,Provinz,Vienna,VIE,0,141,0,16,1,fluegede,431.0,Kurz (0-500km)
69d400827dca6ba0935ab142,BHX,STR,nach DE,STR,Hub,Birmingham,BHX,0,141,0,13,1,fluegede,879.0,Mittel (500-1500km)
69d400827dca6ba0935aea41,STR,GRZ,ab DE,STR,Hub,Graz,GRZ,0,140,0,8,1,fluegede,501.0,Mittel (500-1500km)
69d400827dca6ba0935ae92a,FRA,ABZ,ab DE,FRA,Hub,Aberdeen,ABZ,0,139,0,14,1,fluegede,1065.0,Mittel (500-1500km)
69d400827dca6ba0935ae9fc,MUC,POZ,ab DE,MUC,Hub,Poznań,POZ,0,139,0,9,1,fluegede,576.0,Mittel (500-1500km)
69d400827dca6ba0935a9bbd,CUR,DUS,nach DE,DUS,Hub,Willemstad,CUR,0,138,0,16,1,fluegede,7963.0,Lang (>1500km)
69d400827dca6ba0935acdc0,BRE,SKG,ab DE,BRE,Provinz,Thessaloniki,SKG,0,138,0,14,1,fluegede,1756.0,Lang (>1500km)
69d400827dca6ba0935a86c7,CGN,JTR,ab DE,CGN,Hub,Santorini Island,JTR,0,136,0,14,1,fluegede,2171.0,Lang (>1500km)
69d400827dca6ba0935ae8e9,BRU,HAJ,nach DE,HAJ,Provinz,Brussels,BRU,0,136,0,11,1,fluegede,430.0,Kurz (0-500km)
69d400827dca6ba0935ae9db,MUC,GDN,ab DE,MUC,Hub,Gdańsk,GDN,0,135,0,13,1,fluegede,814.0,Mittel (500-1500km)
69d400827dca6ba0935acf6c,EDI,BRE,nach DE,BRE,Provinz,Edinburgh,EDI,0,135,0,12,1,fluegede,847.0,Mittel (500-1500km)
69d400827dca6ba0935ae970,FRA,SVG,ab DE,FRA,Hub,Stavanger,SVG,0,135,0,11,1,fluegede,1002.0,Mittel (500-1500km)
69d400827dca6ba0935a8754,HAM,BIA,ab DE,HAM,Hub,Bastia/Poretta,BIA,0,134,0,14,1,fluegede,1232.0,Mittel (500-1500km)
69d400827dca6ba0935ab18a,HAJ,MAN,ab DE,HAJ,Provinz,Manchester,MAN,0,133,0,16,1,fluegede,807.0,Mittel (500-1500km)
69d400827dca6ba0935aea67,ZRH,NUE,nach DE,NUE,Provinz,Zurich,ZRH,0,133,0,12,1,fluegede,293.0,Kurz (0-500km)
69d400827dca6ba0935aea3a,SJJ,MUC,nach DE,MUC,Hub,Sarajevo,SJJ,0,133,0,10,1,fluegede,713.0,Mittel (500-1500km)
69d400827dca6ba0935ae97d,GLA,DUS,nach DE,DUS,Hub,Glasgow,GLA,0,132,0,14,1,fluegede,896.0,Mittel (500-1500km)
69d400827dca6ba0935a8849,WRO,DUS,nach DE,DUS,Hub,Wrocław,WRO,0,132,0,9,1,fluegede,705.0,Mittel (500-1500km)
69d400827dca6ba0935aa308,CDG,BRE,nach DE,BRE,Provinz,Paris,CDG,0,131,0,11,1,fluegede,625.0,Mittel (500-1500km)
69d400827dca6ba0935a9c0a,FLR,STR,nach DE,STR,Hub,Firenze,FLR,0,131,0,11,1,fluegede,564.0,Mittel (500-1500km)
69d400827dca6ba0935a87c0,POZ,DUS,nach DE,DUS,Hub,Poznań,POZ,0,131,0,8,1,fluegede,702.0,Mittel (500-1500km)
69d400827dca6ba0935ab2a6,FRA,BRS,ab DE,FRA,Hub,Bristol,BRS,0,130,0,12,1,fluegede,806.0,Mittel (500-1500km)
69d400827dca6ba0935aacd9,CGN,AMS,ab DE,CGN,Hub,Amsterdam,AMS,0,130,0,6,1,fluegede,230.0,Kurz (0-500km)
69d400827dca6ba0935ab2a9,HAM,BRS,ab DE,HAM,Hub,Bristol,BRS,0,129,0,15,1,fluegede,894.0,Mittel (500-1500km)
69d400827dca6ba0935aea2f,PSA,MUC,nach DE,MUC,Hub,Pisa,PSA,0,128,0,14,1,fluegede,530.0,Mittel (500-1500km)
69d400827dca6ba0935a8760,HAM,KLU,ab DE,HAM,Hub,Klagenfurt am Worthersee,KLU,0,126,0,8,1,fluegede,836.0,Mittel (500-1500km)
69d400827dca6ba0935a874d,HAJ,VCE,ab DE,HAJ,Provinz,Venezia,VCE,0,125,0,15,1,fluegede,797.0,Mittel (500-1500km)
69d400827dca6ba0935ac5f4,HAM,DXB,ab DE,HAM,Hub,Dubai,DXB,0,124,0,13,1,fluegede,4884.0,Lang (>1500km)
69d400827dca6ba0935a86c6,CGN,JMK,ab DE,CGN,Hub,Mykonos Island,JMK,0,124,0,12,1,fluegede,2072.0,Lang (>1500km)
69d400827dca6ba0935a86ae,CGN,ALG,ab DE,CGN,Hub,Algiers,ALG,0,124,0,10,1,fluegede,1607.0,Lang (>1500km)
69d400827dca6ba0935ae986,GRZ,STR,nach DE,STR,Hub,Graz,GRZ,0,124,0,5,1,fluegede,501.0,Mittel (500-1500km)
69d400827dca6ba0935a9cee,NUE,SMI,ab DE,NUE,Provinz,Samos Island,SMI,0,123,0,15,1,fluegede,1824.0,Lang (>1500km)
69d400827dca6ba0935aa2d8,BRE,CDG,ab DE,BRE,Provinz,Paris,CDG,0,122,0,11,1,fluegede,625.0,Mittel (500-1500km)
69d400827dca6ba0935a9c6c,IBZ,NUE,nach DE,NUE,Provinz,Ibiza,IBZ,0,119,0,14,1,fluegede,1409.0,Mittel (500-1500km)
69d400827dca6ba0935ac519,HAJ,DUB,ab DE,HAJ,Provinz,Dublin,DUB,0,119,0,13,1,fluegede,1072.0,Mittel (500-1500km)
69d400827dca6ba0935a881e,TRN,DUS,nach DE,DUS,Hub,Torino,TRN,0,119,0,10,1,fluegede,680.0,Mittel (500-1500km)
69d400827dca6ba0935a9c74,JER,STR,nach DE,STR,Hub,Saint Helier,JER,0,118,0,13,1,fluegede,835.0,Mittel (500-1500km)
69d400827dca6ba0935abd2c,BGI,FRA,nach DE,FRA,Hub,Bridgetown,BGI,0,117,0,17,1,fluegede,7334.0,Lang (>1500km)
69d400827dca6ba0935ab13b,BHX,HAJ,nach DE,HAJ,Provinz,Birmingham,BHX,0,117,0,13,1,fluegede,774.0,Mittel (500-1500km)
69d400827dca6ba0935ac4e7,DUB,HAJ,nach DE,HAJ,Provinz,Dublin,DUB,0,117,0,11,1,fluegede,1072.0,Mittel (500-1500km)
69d400827dca6ba0935ad272,OPO,DTM,nach DE,DTM,Provinz,Porto,OPO,0,116,0,5,1,fluegede,1686.0,Lang (>1500km)
69d400827dca6ba0935a9bbf,DJE,NUE,nach DE,NUE,Provinz,Djerba,DJE,0,115,0,13,1,fluegede,1737.0,Lang (>1500km)
69d400827dca6ba0935a9ca7,MJT,MUC,nach DE,MUC,Hub,Mytilene,MJT,0,115,0,13,1,fluegede,1572.0,Lang (>1500km)
69d400827dca6ba0935aea4e,TRS,MUC,nach DE,MUC,Hub,Trieste,TRS,0,115,0,8,1,fluegede,309.0,Kurz (0-500km)
69d400827dca6ba0935a86ea,CGN,WAW,ab DE,CGN,Hub,Warsaw,WAW,0,115,0,5,1,fluegede,966.0,Mittel (500-1500km)
69d400827dca6ba0935a8749,HAJ,SPU,ab DE,HAJ,Provinz,Split,SPU,0,114,0,15,1,fluegede,1106.0,Mittel (500-1500km)
69d400827dca6ba0935ab189,HAJ,BHX,ab DE,HAJ,Provinz,Birmingham,BHX,0,111,0,13,1,fluegede,774.0,Mittel (500-1500km)
69d400827dca6ba0935a883d,VCE,HAJ,nach DE,HAJ,Provinz,Venezia,VCE,0,111,0,10,1,fluegede,797.0,Mittel (500-1500km)
69d400827dca6ba0935ac54b,ORK,MUC,nach DE,MUC,Hub,Cork,ORK,0,111,0,10,1,fluegede,1492.0,Mittel (500-1500km)
69d400827dca6ba0935a9bb1,CLY,DUS,nach DE,DUS,Hub,Calvi/Sainte-Catherine,CLY,0,110,0,10,1,fluegede,986.0,Mittel (500-1500km)
69d400827dca6ba0935a8702,DTM,MUC,Inland,DTM,Provinz,,,0,110,0,8,1,fluegede,461.0,Kurz (0-500km)
69d400827dca6ba0935a8693,BHX,HAM,nach DE,HAM,Hub,Birmingham,BHX,0,109,0,10,1,fluegede,794.0,Mittel (500-1500km)
69d400827dca6ba0935ab1b6,MAN,HAJ,nach DE,HAJ,Provinz,Manchester,MAN,0,108,0,14,1,fluegede,807.0,Mittel (500-1500km)
69d400827dca6ba0935ab29e,BRS,HAM,nach DE,HAM,Hub,Bristol,BRS,0,106,0,11,1,fluegede,894.0,Mittel (500-1500km)
69d400827dca6ba0935a8787,JMK,CGN,nach DE,CGN,Hub,Mykonos Island,JMK,0,105,0,11,1,fluegede,2072.0,Lang (>1500km)
69d400827dca6ba0935a9d59,TFS,DRS,nach DE,DRS,Provinz,Tenerife Island,TFS,0,104,0,22,1,fluegede,3606.0,Lang (>1500km)
69d400827dca6ba0935a9bc6,DRS,HRG,ab DE,DRS,Provinz,Hurghada,HRG,0,104,0,12,1,fluegede,3152.0,Lang (>1500km)
69d400827dca6ba0935a9be9,DUS,NBE,ab DE,DUS,Hub,Enfidha,NBE,0,103,0,14,1,fluegede,1717.0,Lang (>1500km)
69d400827dca6ba0935ad3ba,SKG,BRE,nach DE,BRE,Provinz,Thessaloniki,SKG,0,103,0,9,1,fluegede,1756.0,Lang (>1500km)
69d400827dca6ba0935a9cc3,MUC,MJT,ab DE,MUC,Hub,Mytilene,MJT,0,100,0,12,1,fluegede,1572.0,Lang (>1500km)
69d400827dca6ba0935ae9b0,LEJ,MUC,Inland,LEJ,Provinz,,,0,100,0,3,1,fluegede,344.0,Kurz (0-500km)
69d400827dca6ba0935a9d1e,POP,DUS,nach DE,DUS,Hub,Puerto Plata,POP,0,99,0,19,1,fluegede,7436.0,Lang (>1500km)
69d400827dca6ba0935aaab7,FRA,CMN,ab DE,FRA,Hub,Casablanca,CMN,0,99,0,15,1,fluegede,2275.0,Lang (>1500km)
69d400827dca6ba0935ad13a,LPA,BRE,nach DE,BRE,Provinz,Gran Canaria Island,LPA,0,99,0,11,1,fluegede,3426.0,Lang (>1500km)
69d400827dca6ba0935aea35,RZE,FRA,nach DE,FRA,Hub,Rzeszow,RZE,0,98,0,10,1,fluegede,961.0,Mittel (500-1500km)
69d400827dca6ba0935a87a1,MPL,DUS,nach DE,DUS,Hub,Montpellier/Mediterranee,MPL,0,98,0,7,1,fluegede,883.0,Mittel (500-1500km)
69d400827dca6ba0935ae90d,EBL,FRA,nach DE,FRA,Hub,Arbil,EBL,0,97,0,12,2,"fluegede,idealo",3216.0,Lang (>1500km)
69d400827dca6ba0935a9bae,CGN,NBE,ab DE,CGN,Hub,Enfidha,NBE,0,97,0,11,1,fluegede,1666.0,Lang (>1500km)
69d400827dca6ba0935a9bec,DUS,POP,ab DE,DUS,Hub,Puerto Plata,POP,0,96,0,14,1,fluegede,7436.0,Lang (>1500km)
69d400827dca6ba0935a8815,STR,ZAD,ab DE,STR,Hub,Zadar,ZAD,0,96,0,13,1,fluegede,692.0,Mittel (500-1500km)
69d400827dca6ba0935ae9a8,KTW,FRA,nach DE,FRA,Hub,Katowice,KTW,0,96,0,11,1,fluegede,750.0,Mittel (500-1500km)
69d400827dca6ba0935a9c73,JER,HAJ,nach DE,HAJ,Provinz,Saint Helier,JER,0,95,0,13,1,fluegede,908.0,Mittel (500-1500km)
69d400827dca6ba0935a87fc,STR,HAJ,Inland,STR,Hub,,,0,95,0,5,1,fluegede,421.0,Kurz (0-500km)
69d400827dca6ba0935aaa8a,CMN,MUC,nach DE,MUC,Hub,Casablanca,CMN,0,94,0,12,1,fluegede,2318.0,Lang (>1500km)
69d400827dca6ba0935ab29d,BRS,FRA,nach DE,FRA,Hub,Bristol,BRS,0,94,0,9,1,fluegede,806.0,Mittel (500-1500km)
69d400827dca6ba0935a87cb,RAK,CGN,nach DE,CGN,Hub,Marrakech,RAK,0,93,0,15,2,"fluegede,idealo",2478.0,Lang (>1500km)
69d400827dca6ba0935ac3d7,OSL,CGN,nach DE,CGN,Hub,Oslo,OSL,0,93,0,6,1,fluegede,1066.0,Mittel (500-1500km)
69d400827dca6ba0935a9c40,HAJ,JER,ab DE,HAJ,Provinz,Saint Helier,JER,0,92,0,12,1,fluegede,908.0,Mittel (500-1500km)
69d400827dca6ba0935a8793,LEJ,STR,Inland,LEJ,Provinz,,,0,90,0,5,1,fluegede,373.0,Kurz (0-500km)
69d400827dca6ba0935a9bca,DRS,TFS,ab DE,DRS,Provinz,Tenerife Island,TFS,0,89,0,17,1,fluegede,3606.0,Lang (>1500km)
69d400827dca6ba0935ae93e,FRA,EBL,ab DE,FRA,Hub,Arbil,EBL,0,89,0,16,2,"fluegede,idealo",3216.0,Lang (>1500km)
69d400827dca6ba0935abda9,MUC,AGA,ab DE,MUC,Hub,Agadir,AGA,0,89,0,12,1,fluegede,2691.0,Lang (>1500km)
69d400827dca6ba0935ae93a,FRA,CCS,ab DE,FRA,Hub,Caracas,CCS,0,88,0,14,1,fluegede,8075.0,Lang (>1500km)
69d400827dca6ba0935a86fd,DRS,CFU,ab DE,DRS,Provinz,Kerkyra Island,CFU,0,88,0,13,1,fluegede,1368.0,Mittel (500-1500km)
69d400827dca6ba0935a874b,HAJ,STR,Inland,HAJ,Provinz,,,0,88,0,5,1,fluegede,421.0,Kurz (0-500km)
69d400827dca6ba0935a86ac,CFU,DRS,nach DE,DRS,Provinz,Kerkyra Island,CFU,0,87,0,16,1,fluegede,1368.0,Mittel (500-1500km)
69d400827dca6ba0935ac31e,CGN,OSL,ab DE,CGN,Hub,Oslo,OSL,0,87,0,5,1,fluegede,1066.0,Mittel (500-1500km)
69d400827dca6ba0935a8700,DRS,STR,Inland,DRS,Provinz,,,0,86,0,3,1,fluegede,424.0,Kurz (0-500km)
69d400827dca6ba0935a9cc5,MUC,NBE,ab DE,MUC,Hub,Enfidha,NBE,0,85,0,14,1,fluegede,1370.0,Mittel (500-1500km)
69d400827dca6ba0935a8792,LEJ,DUS,Inland,LEJ,Provinz,,,0,84,0,2,1,fluegede,380.0,Kurz (0-500km)
69d400827dca6ba0935a87f9,STR,DRS,Inland,STR,Hub,,,0,83,0,5,1,fluegede,424.0,Kurz (0-500km)
69d400827dca6ba0935a9c72,JER,FRA,nach DE,FRA,Hub,Saint Helier,JER,0,82,0,13,1,fluegede,778.0,Mittel (500-1500km)
69d400827dca6ba0935a8b32,GWT,HAM,Inland,GWT,Provinz,,,0,81,0,6,1,fluegede,178.0,Kurz (0-500km)
69d400827dca6ba0935a8b33,HAM,GWT,Inland,HAM,Hub,,,0,81,0,5,1,fluegede,178.0,Kurz (0-500km)
69d400827dca6ba0935a9ce9,NUE,NBE,ab DE,NUE,Provinz,Enfidha,NBE,0,80,0,16,1,fluegede,1493.0,Mittel (500-1500km)
69d400827dca6ba0935a8711,DUS,CWL,ab DE,DUS,Hub,Cardiff,CWL,0,79,0,7,1,fluegede,702.0,Mittel (500-1500km)
69d400827dca6ba0935a8697,BIA,HAM,nach DE,HAM,Hub,Bastia/Poretta,BIA,0,77,0,11,1,fluegede,1232.0,Mittel (500-1500km)
69d400827dca6ba0935a8705,DTM,SPU,ab DE,DTM,Provinz,Split,SPU,0,77,0,9,1,fluegede,1100.0,Mittel (500-1500km)
69d400827dca6ba0935aea32,RTM,MUC,nach DE,MUC,Hub,Rotterdam,RTM,0,76,0,16,1,fluegede,659.0,Mittel (500-1500km)
69d400827dca6ba0935aea00,MUC,RTM,ab DE,MUC,Hub,Rotterdam,RTM,0,75,0,13,1,fluegede,659.0,Mittel (500-1500km)
69d400827dca6ba0935a8782,HER,TXL,nach DE,TXL,Provinz,Heraklion,HER,0,75,0,7,1,fluegede,2132.0,Lang (>1500km)
69d400827dca6ba0935abd33,DJE,LEJ,nach DE,LEJ,Provinz,Djerba,DJE,0,73,0,13,1,fluegede,1956.0,Lang (>1500km)
69d400827dca6ba0935abd63,FRA,TAB,ab DE,FRA,Hub,Scarborough,TAB,0,72,0,22,1,fluegede,7591.0,Lang (>1500km)
69d400827dca6ba0935ab017,DUS,LCY,ab DE,DUS,Hub,London,LCY,0,72,0,7,1,fluegede,466.0,Kurz (0-500km)
69d400827dca6ba0935ad012,FMO,GRO,ab DE,FMO,Provinz,Girona,GRO,0,71,0,10,1,fluegede,1197.0,Mittel (500-1500km)
69d400827dca6ba0935a9b63,ACE,LEJ,nach DE,LEJ,Provinz,Lanzarote Island,ACE,0,70,0,18,1,fluegede,3293.0,Lang (>1500km)
69d400827dca6ba0935abd27,AGA,MUC,nach DE,MUC,Hub,Agadir,AGA,0,70,0,16,1,fluegede,2691.0,Lang (>1500km)
69d400827dca6ba0935ad4a9,TMP,BRE,nach DE,BRE,Provinz,Tampere / Pirkkala,TMP,0,70,0,5,1,fluegede,1283.0,Mittel (500-1500km)
69d400827dca6ba0935abd4d,FRA,HAV,ab DE,FRA,Hub,Havana,HAV,0,69,0,8,1,fluegede,8137.0,Lang (>1500km)
69d400827dca6ba0935a8794,LHR,CGN,nach DE,CGN,Hub,London,LHR,0,68,0,5,1,fluegede,534.0,Mittel (500-1500km)
69d400827dca6ba0935a9cdb,NBE,DUS,nach DE,DUS,Hub,Enfidha,NBE,0,67,0,10,1,fluegede,1717.0,Lang (>1500km)
69d400827dca6ba0935a9109,ATH,TXL,nach DE,TXL,Provinz,Athens,ATH,0,66,0,3,1,fluegede,1823.0,Lang (>1500km)
69d400827dca6ba0935a8847,WAW,CGN,nach DE,CGN,Hub,Warsaw,WAW,0,65,0,5,1,fluegede,966.0,Mittel (500-1500km)
69d400827dca6ba0935a9cd9,NBE,CGN,nach DE,CGN,Hub,Enfidha,NBE,0,61,0,9,1,fluegede,1666.0,Lang (>1500km)
69d400827dca6ba0935ae9aa,LAD,FRA,nach DE,FRA,Hub,Luanda,LAD,0,60,0,12,1,fluegede,6563.0,Lang (>1500km)
69d400827dca6ba0935ae927,FMO,FRA,Inland,FMO,Provinz,,,0,60,0,5,1,fluegede,242.0,Kurz (0-500km)
69d400827dca6ba0935a9bc7,DRS,NBE,ab DE,DRS,Provinz,Enfidha,NBE,0,59,0,11,1,fluegede,1695.0,Lang (>1500km)
69d400827dca6ba0935a9c67,IBZ,FMO,nach DE,FMO,Provinz,Ibiza,IBZ,0,59,0,6,1,fluegede,1553.0,Lang (>1500km)
69d400827dca6ba0935acf2b,DTM,GRO,ab DE,DTM,Provinz,Girona,GRO,0,58,0,13,1,fluegede,1131.0,Mittel (500-1500km)
69d400827dca6ba0935ad23c,NRN,PMO,ab DE,NRN,Provinz,Palermo,PMO,0,58,0,5,1,fluegede,1588.0,Lang (>1500km)
69d400827dca6ba0935a87a2,MUC,DTM,Inland,MUC,Hub,,,0,57,0,6,1,fluegede,461.0,Kurz (0-500km)
69d400827dca6ba0935ad08e,HHN,LIS,ab DE,HHN,Provinz,Lisbon,LIS,0,56,0,5,1,fluegede,1793.0,Lang (>1500km)
69d400827dca6ba0935a9195,TXL,ATH,ab DE,TXL,Provinz,Athens,ATH,0,56,0,2,1,fluegede,1823.0,Lang (>1500km)
69d400827dca6ba0935aaad6,NDR,FRA,nach DE,FRA,Hub,Nador,NDR,0,55,0,14,1,fluegede,1917.0,Lang (>1500km)
69d400827dca6ba0935a9d92,TXL,SKG,ab DE,TXL,Provinz,Thessaloniki,SKG,0,55,0,3,1,fluegede,1527.0,Lang (>1500km)
69d400827dca6ba0935a9d38,SKG,TXL,nach DE,TXL,Provinz,Thessaloniki,SKG,0,55,0,3,1,fluegede,1527.0,Lang (>1500km)
69d400827dca6ba0935a87e8,STN,HAJ,nach DE,HAJ,Provinz,London,STN,0,54,0,11,1,fluegede,647.0,Mittel (500-1500km)
69d400827dca6ba0935abd26,AGA,LEJ,nach DE,LEJ,Provinz,Agadir,AGA,0,54,0,11,1,fluegede,2947.0,Lang (>1500km)
69d400827dca6ba0935a86e3,CGN,SZG,ab DE,CGN,Hub,Salzburg,SZG,0,53,0,2,1,fluegede,545.0,Mittel (500-1500km)
69d400827dca6ba0935abdb1,PAD,LPA,ab DE,PAD,Provinz,Gran Canaria Island,LPA,0,52,0,10,1,fluegede,3306.0,Lang (>1500km)
69d400827dca6ba0935a9cda,NBE,DRS,nach DE,DRS,Provinz,Enfidha,NBE,0,51,0,11,1,fluegede,1695.0,Lang (>1500km)
69d400827dca6ba0935ad040,GRO,BRE,nach DE,BRE,Provinz,Girona,GRO,0,51,0,10,1,fluegede,1318.0,Mittel (500-1500km)
69d400827dca6ba0935a86b9,CGN,CLY,ab DE,CGN,Hub,Calvi/Sainte-Catherine,CLY,0,51,0,10,1,fluegede,935.0,Mittel (500-1500km)
69d400827dca6ba0935aaab8,FRA,NDR,ab DE,FRA,Hub,Nador,NDR,0,50,0,14,1,fluegede,1917.0,Lang (>1500km)
69d400827dca6ba0935abd28,ANU,FRA,nach DE,FRA,Hub,St. George,ANU,0,50,0,11,1,fluegede,7159.0,Lang (>1500km)
69d400827dca6ba0935a8832,TXL,PMI,ab DE,TXL,Provinz,Palma De Mallorca,PMI,0,50,0,6,1,fluegede,1656.0,Lang (>1500km)
69d400827dca6ba0935a87cd,RJK,CGN,nach DE,CGN,Hub,Rijeka,RJK,0,49,0,7,1,fluegede,836.0,Mittel (500-1500km)
69d400827dca6ba0935acdbd,BRE,NYO,ab DE,BRE,Provinz,Stockholm / Nykoping,NYO,0,48,0,15,1,fluegede,814.0,Mittel (500-1500km)
69d400827dca6ba0935ad047,GRO,DTM,nach DE,DTM,Provinz,Girona,GRO,0,48,0,12,1,fluegede,1131.0,Mittel (500-1500km)
69d400827dca6ba0935a874a,HAJ,STN,ab DE,HAJ,Provinz,London,STN,0,48,0,10,1,fluegede,647.0,Mittel (500-1500km)
69d400827dca6ba0935a86ef,CLY,CGN,nach DE,CGN,Hub,Calvi/Sainte-Catherine,CLY,0,48,0,8,1,fluegede,935.0,Mittel (500-1500km)
69d400827dca6ba0935a875d,HAM,FMM,Inland,HAM,Hub,,,0,48,0,5,1,fluegede,628.0,Mittel (500-1500km)
69d400827dca6ba0935ad0a0,HHN,TMP,ab DE,HHN,Provinz,Tampere / Pirkkala,TMP,0,48,0,4,1,fluegede,1626.0,Lang (>1500km)
69d400827dca6ba0935ad01c,FUE,BRE,nach DE,BRE,Provinz,Fuerteventura Island,FUE,0,47,0,12,1,fluegede,3304.0,Lang (>1500km)
69d400827dca6ba0935a87be,PMI,TXL,nach DE,TXL,Provinz,Palma De Mallorca,PMI,0,47,0,6,1,fluegede,1656.0,Lang (>1500km)
69d400827dca6ba0935ad094,HHN,PSA,ab DE,HHN,Provinz,Pisa,PSA,0,45,0,13,1,fluegede,736.0,Mittel (500-1500km)
69d400827dca6ba0935ad254,NYO,BRE,nach DE,BRE,Provinz,Stockholm / Nykoping,NYO,0,45,0,12,1,fluegede,814.0,Mittel (500-1500km)
69d400827dca6ba0935ad489,TFS,FMM,nach DE,FMM,Provinz,Tenerife Island,TFS,0,45,0,11,1,fluegede,3200.0,Lang (>1500km)
69d400827dca6ba0935ad099,HHN,RIX,ab DE,HHN,Provinz,Riga,RIX,0,45,0,10,1,fluegede,1346.0,Mittel (500-1500km)
69d400827dca6ba0935a875c,HAM,FKB,Inland,HAM,Hub,,,0,45,0,9,1,fluegede,555.0,Mittel (500-1500km)
69d400827dca6ba0935abd7d,HAV,FRA,nach DE,FRA,Hub,Havana,HAV,0,45,0,8,1,fluegede,8137.0,Lang (>1500km)
69d400827dca6ba0935ae8b1,LUX,SCN,nach DE,SCN,Provinz,Luxembourg,LUX,0,44,0,11,1,fluegede,74.0,Kurz (0-500km)
69d400827dca6ba0935acf76,EDI,HHN,nach DE,HHN,Provinz,Edinburgh,EDI,0,44,0,7,1,fluegede,974.0,Mittel (500-1500km)
69d400827dca6ba0935a9b8d,BCN,TXL,nach DE,TXL,Provinz,Barcelona,BCN,0,44,0,5,1,fluegede,1510.0,Lang (>1500km)
69d400827dca6ba0935a86e2,CGN,SUF,ab DE,CGN,Hub,Lamezia Terme,SUF,0,44,0,5,1,fluegede,1508.0,Lang (>1500km)
69d400827dca6ba0935a9c1e,FRA,GCI,ab DE,FRA,Hub,Saint Peter Port,GCI,0,43,0,10,1,fluegede,803.0,Mittel (500-1500km)
69d400827dca6ba0935acd1c,BGY,BRE,nach DE,BRE,Provinz,Bergamo,BGY,0,43,0,9,1,fluegede,823.0,Mittel (500-1500km)
69d400827dca6ba0935abdb2,PAD,TFS,ab DE,PAD,Provinz,Tenerife Island,TFS,0,43,0,8,1,fluegede,3356.0,Lang (>1500km)
69d400827dca6ba0935a9c0f,FMO,IBZ,ab DE,FMO,Provinz,Ibiza,IBZ,0,43,0,8,1,fluegede,1553.0,Lang (>1500km)
69d400827dca6ba0935ad237,NRN,LPA,ab DE,NRN,Provinz,Gran Canaria Island,LPA,0,43,0,5,1,fluegede,3185.0,Lang (>1500km)
69d400827dca6ba0935aad46,HAJ,AMS,ab DE,HAJ,Provinz,Amsterdam,AMS,0,43,0,5,1,fluegede,334.0,Kurz (0-500km)
69d400827dca6ba0935a836e,OLB,FDH,nach DE,FDH,Provinz,Olbia,OLB,0,42,0,11,1,fluegede,753.0,Mittel (500-1500km)
69d400827dca6ba0935abde1,TFS,PAD,nach DE,PAD,Provinz,Tenerife Island,TFS,0,42,0,11,1,fluegede,3356.0,Lang (>1500km)
69d400827dca6ba0935a8738,FKB,HAM,Inland,FKB,Provinz,,,0,42,0,9,1,fluegede,555.0,Mittel (500-1500km)
69d400827dca6ba0935abdb0,PAD,FUE,ab DE,PAD,Provinz,Fuerteventura Island,FUE,0,42,0,7,1,fluegede,3181.0,Lang (>1500km)
69d400827dca6ba0935a86cc,CGN,LHR,ab DE,CGN,Hub,London,LHR,0,42,0,3,1,fluegede,534.0,Mittel (500-1500km)
69d400827dca6ba0935ab169,EXT,DUS,nach DE,DUS,Hub,Exeter,EXT,0,41,0,11,1,fluegede,714.0,Mittel (500-1500km)
69d400827dca6ba0935a86c1,CGN,FDH,Inland,CGN,Hub,,,0,41,0,10,1,fluegede,395.0,Kurz (0-500km)
69d400827dca6ba0935ab134,BHX,CGN,nach DE,CGN,Hub,Birmingham,BHX,0,41,0,4,1,fluegede,638.0,Mittel (500-1500km)
69d400827dca6ba0935a9c66,IBZ,FDH,nach DE,FDH,Provinz,Ibiza,IBZ,0,40,0,11,1,fluegede,1178.0,Mittel (500-1500km)
69d400827dca6ba0935abd21,ACE,PAD,nach DE,PAD,Provinz,Lanzarote Island,ACE,0,40,0,10,1,fluegede,3121.0,Lang (>1500km)
69d400827dca6ba0935ae5e8,TSE,FRA,nach DE,FRA,Hub,TSE,TSE,0,40,0,8,1,fluegede,,
69d400827dca6ba0935ad4e2,TSF,BRE,nach DE,BRE,Provinz,Treviso,TSF,0,40,0,8,1,fluegede,859.0,Mittel (500-1500km)
69d400827dca6ba0935ae8c2,SCN,LUX,ab DE,SCN,Provinz,Luxembourg,LUX,0,39,0,12,1,fluegede,74.0,Kurz (0-500km)
69d400827dca6ba0935a9c6d,IBZ,PAD,nach DE,PAD,Provinz,Ibiza,IBZ,0,39,0,6,1,fluegede,1524.0,Lang (>1500km)
69d400827dca6ba0935ad08f,HHN,MPL,ab DE,HHN,Provinz,Montpellier/Mediterranee,MPL,0,38,0,12,1,fluegede,752.0,Mittel (500-1500km)
69d400827dca6ba0935a86bc,CGN,DRS,Inland,CGN,Hub,,,0,38,0,2,1,fluegede,464.0,Kurz (0-500km)
69d400827dca6ba0935a9bdc,DUS,GCI,ab DE,DUS,Hub,Saint Peter Port,GCI,0,37,0,8,1,fluegede,695.0,Mittel (500-1500km)
69d400827dca6ba0935a8737,FDH,CGN,Inland,FDH,Provinz,,,0,37,0,8,1,fluegede,395.0,Kurz (0-500km)
69d400827dca6ba0935ae5c3,FRA,TSE,ab DE,FRA,Hub,TSE,TSE,0,36,0,9,1,fluegede,,
69d400827dca6ba0935a86c2,CGN,HAM,Inland,CGN,Hub,,,0,36,0,3,1,fluegede,363.0,Kurz (0-500km)
69d400827dca6ba0935ad09b,HHN,SDR,ab DE,HHN,Provinz,Santander,SDR,0,35,0,8,1,fluegede,1112.0,Mittel (500-1500km)
69d400827dca6ba0935ac86d,AMS,LEJ,nach DE,LEJ,Provinz,Amsterdam,AMS,0,35,0,4,1,fluegede,522.0,Mittel (500-1500km)
69d400827dca6ba0935ae9f6,MUC,NUE,Inland,MUC,Hub,,,0,35,0,1,1,idealo,138.0,Kurz (0-500km)
69d400827dca6ba0935aea1e,NUE,MUC,Inland,NUE,Provinz,,,0,35,0,1,1,idealo,138.0,Kurz (0-500km)
69d400827dca6ba0935a8366,FDH,OLB,ab DE,FDH,Provinz,Olbia,OLB,0,34,0,14,1,fluegede,753.0,Mittel (500-1500km)
69d400827dca6ba0935ad096,HHN,PUY,ab DE,HHN,Provinz,Pula,PUY,0,34,0,11,1,fluegede,752.0,Mittel (500-1500km)
69d400827dca6ba0935ad3af,SDR,HHN,nach DE,HHN,Provinz,Santander,SDR,0,34,0,9,1,fluegede,1112.0,Mittel (500-1500km)
69d400827dca6ba0935ad09a,HHN,SCQ,ab DE,HHN,Provinz,Santiago de Compostela,SCQ,0,34,0,7,1,fluegede,1431.0,Mittel (500-1500km)
69d400827dca6ba0935a9c05,FDH,IBZ,ab DE,FDH,Provinz,Ibiza,IBZ,0,32,0,9,1,fluegede,1178.0,Mittel (500-1500km)
69d400827dca6ba0935a8797,LHR,TXL,nach DE,TXL,Provinz,London,LHR,0,32,0,4,1,fluegede,947.0,Mittel (500-1500km)
69d400827dca6ba0935aceb2,CIA,HHN,nach DE,HHN,Provinz,Roma,CIA,0,32,0,3,1,fluegede,995.0,Mittel (500-1500km)
69d400827dca6ba0935ae9e9,MUC,KIV,ab DE,MUC,Hub,KIV,KIV,0,31,0,9,1,fluegede,,
69d400827dca6ba0935acf42,DUB,HHN,nach DE,HHN,Provinz,Dublin,DUB,0,31,0,8,1,fluegede,1008.0,Mittel (500-1500km)
69d400827dca6ba0935ad00f,FMM,TFS,ab DE,FMM,Provinz,Tenerife Island,TFS,0,31,0,8,1,fluegede,3200.0,Lang (>1500km)
69d400827dca6ba0935ab226,DJE,MUC,nach DE,MUC,Hub,Djerba,DJE,0,31,0,6,1,fluegede,1612.0,Lang (>1500km)
69d400827dca6ba0935a86db,CGN,RJK,ab DE,CGN,Hub,Rijeka,RJK,0,31,0,5,1,fluegede,836.0,Mittel (500-1500km)
69d400827dca6ba0935b4ed4,LBC,MUC,Inland,LBC,Provinz,,,0,31,0,1,1,fluegede,611.0,Mittel (500-1500km)
69d400827dca6ba0935ad084,HHN,CIA,ab DE,HHN,Provinz,Roma,CIA,0,30,0,2,1,fluegede,995.0,Mittel (500-1500km)
69d400827dca6ba0935b3f9f,HHN,FCO,ab DE,HHN,Provinz,Rome,FCO,0,30,0,2,1,fluegede,984.0,Mittel (500-1500km)
69d400827dca6ba0935b373f,FCO,HHN,nach DE,HHN,Provinz,Rome,FCO,0,30,0,2,1,fluegede,984.0,Mittel (500-1500km)
69d400827dca6ba0935a8739,FMM,HAM,Inland,FMM,Provinz,,,0,29,0,7,1,fluegede,628.0,Mittel (500-1500km)
69d400827dca6ba0935a8757,HAM,CGN,Inland,HAM,Hub,,,0,29,0,4,1,fluegede,363.0,Kurz (0-500km)
69d400827dca6ba0935a9d8f,TXL,RHO,ab DE,TXL,Provinz,Rodes Island,RHO,0,29,0,4,1,fluegede,2137.0,Lang (>1500km)
69d400827dca6ba0935acd2d,BGY,HHN,nach DE,HHN,Provinz,Bergamo,BGY,0,29,0,2,1,fluegede,509.0,Mittel (500-1500km)
69d400827dca6ba0935aa3af,DRS,LCY,ab DE,DRS,Provinz,London,LCY,0,28,0,9,1,fluegede,952.0,Mittel (500-1500km)
69d400827dca6ba0935acecc,CIY,HHN,nach DE,HHN,Provinz,Comiso,CIY,0,28,0,7,1,fluegede,1556.0,Lang (>1500km)
69d400827dca6ba0935a86eb,CGN,XRY,ab DE,CGN,Hub,Jerez de la Forntera,XRY,0,28,0,6,1,fluegede,1888.0,Lang (>1500km)
69d400827dca6ba0935a9d28,RHO,TXL,nach DE,TXL,Provinz,Rodes Island,RHO,0,28,0,4,1,fluegede,2137.0,Lang (>1500km)
69d400827dca6ba0935ad080,HHN,BGY,ab DE,HHN,Provinz,Bergamo,BGY,0,28,0,2,1,fluegede,509.0,Mittel (500-1500km)
69d400827dca6ba0935b5a89,MUC,SEN,ab DE,MUC,Hub,Southend,SEN,0,27,0,4,1,fluegede,869.0,Mittel (500-1500km)
69d400827dca6ba0935ac88b,ZRH,LEJ,nach DE,LEJ,Provinz,Zurich,ZRH,0,27,0,4,1,fluegede,515.0,Mittel (500-1500km)
69d400827dca6ba0935b6fed,SEN,MUC,nach DE,MUC,Hub,Southend,SEN,0,27,0,4,1,fluegede,869.0,Mittel (500-1500km)
69d400827dca6ba0935ad0a2,HHN,TSF,ab DE,HHN,Provinz,Treviso,TSF,0,26,0,2,1,fluegede,603.0,Mittel (500-1500km)
69d400827dca6ba0935ad4ef,TSF,HHN,nach DE,HHN,Provinz,Treviso,TSF,0,26,0,2,1,fluegede,603.0,Mittel (500-1500km)
69d400827dca6ba0935ae925,FDH,FRA,Inland,FDH,Provinz,,,0,25,0,10,1,fluegede,271.0,Kurz (0-500km)
69d400827dca6ba0935a86b7,CGN,CAG,ab DE,CGN,Hub,Cagliari,CAG,0,25,0,6,1,fluegede,1300.0,Mittel (500-1500km)
69d400827dca6ba0935aae27,MSQ,HAJ,nach DE,HAJ,Provinz,Minsk,MSQ,0,25,0,5,1,fluegede,1229.0,Mittel (500-1500km)
69d400827dca6ba0935aae24,MSQ,FRA,nach DE,FRA,Hub,Minsk,MSQ,0,24,0,7,1,fluegede,1397.0,Mittel (500-1500km)
69d400827dca6ba0935a9c25,FRA,TXL,Inland,FRA,Hub,,,0,24,0,1,1,fluegede,434.0,Kurz (0-500km)
69d400827dca6ba0935b0dc0,BUD,HHN,nach DE,HHN,Provinz,Budapest,BUD,0,24,0,1,1,fluegede,922.0,Mittel (500-1500km)
69d400827dca6ba0935b0e3d,HHN,BUD,ab DE,HHN,Provinz,Budapest,BUD,0,24,0,1,1,fluegede,922.0,Mittel (500-1500km)
69d400827dca6ba0935b5a4a,MUC,LBC,Inland,MUC,Hub,,,0,24,0,1,1,fluegede,611.0,Mittel (500-1500km)
69d400827dca6ba0935acff5,FKB,ACE,ab DE,FKB,Provinz,Lanzarote Island,ACE,0,23,0,9,1,fluegede,2875.0,Lang (>1500km)
69d400827dca6ba0935a8736,FCO,TXL,nach DE,TXL,Provinz,Rome,FCO,0,22,0,3,1,fluegede,1198.0,Mittel (500-1500km)
69d400827dca6ba0935a9d78,TXL,FRA,Inland,TXL,Provinz,,,0,22,0,1,1,fluegede,434.0,Kurz (0-500km)
69d400827dca6ba0935ae9a4,KIV,MUC,nach DE,MUC,Hub,KIV,KIV,0,21,0,7,1,fluegede,,
69d400827dca6ba0935a8798,LIN,TXL,nach DE,TXL,Provinz,Milan,LIN,0,21,0,3,1,fluegede,843.0,Mittel (500-1500km)
69d400827dca6ba0935a9cd3,MXP,TXL,nach DE,TXL,Provinz,Milan,MXP,0,21,0,3,1,fluegede,839.0,Mittel (500-1500km)
69d400827dca6ba0935ac87a,LEJ,AMS,ab DE,LEJ,Provinz,Amsterdam,AMS,0,21,0,1,1,fluegede,522.0,Mittel (500-1500km)
69d400827dca6ba0935aaca2,AMS,TXL,nach DE,TXL,Provinz,Amsterdam,AMS,0,21,0,1,1,fluegede,578.0,Mittel (500-1500km)
69d400827dca6ba0935a8368,FDH,ZAD,ab DE,FDH,Provinz,Zadar,ZAD,0,20,0,9,1,fluegede,600.0,Mittel (500-1500km)
69d400827dca6ba0935a8820,TXL,AGP,ab DE,TXL,Provinz,Malaga,AGP,0,20,0,4,1,fluegede,2246.0,Lang (>1500km)
69d400827dca6ba0935a9d87,TXL,MXP,ab DE,TXL,Provinz,Milan,MXP,0,20,0,3,1,fluegede,839.0,Mittel (500-1500km)
69d400827dca6ba0935ad121,LEJ,STN,ab DE,LEJ,Provinz,London,STN,0,20,0,3,1,fluegede,829.0,Mittel (500-1500km)
69d400827dca6ba0935ad244,NRN,SUF,ab DE,NRN,Provinz,Lamezia Terme,SUF,0,20,0,3,1,fluegede,1615.0,Lang (>1500km)
69d400827dca6ba0935ad40c,STN,LEJ,nach DE,LEJ,Provinz,London,STN,0,20,0,3,1,fluegede,829.0,Mittel (500-1500km)
69d400827dca6ba0935a882e,TXL,LHR,ab DE,TXL,Provinz,London,LHR,0,20,0,3,1,fluegede,947.0,Mittel (500-1500km)
69d400827dca6ba0935aadec,TXL,AMS,ab DE,TXL,Provinz,Amsterdam,AMS,0,20,0,1,1,fluegede,578.0,Mittel (500-1500km)
69d400827dca6ba0935a882b,TXL,HER,ab DE,TXL,Provinz,Heraklion,HER,0,19,0,6,1,fluegede,2132.0,Lang (>1500km)
69d400827dca6ba0935a8786,IBZ,TXL,nach DE,TXL,Provinz,Ibiza,IBZ,0,19,0,5,1,fluegede,1776.0,Lang (>1500km)
69d400827dca6ba0935a9c7c,KGS,TXL,nach DE,TXL,Provinz,Kos Island,KGS,0,19,0,5,1,fluegede,2057.0,Lang (>1500km)
69d400827dca6ba0935a9d80,TXL,KGS,ab DE,TXL,Provinz,Kos Island,KGS,0,19,0,5,1,fluegede,2057.0,Lang (>1500km)
69d400827dca6ba0935ad144,LPA,NRN,nach DE,NRN,Provinz,Gran Canaria Island,LPA,0,18,0,6,1,fluegede,3185.0,Lang (>1500km)
69d400827dca6ba0935a98d0,ORD,TXL,nach DE,TXL,Provinz,Chicago,ORD,0,18,0,3,1,fluegede,7082.0,Lang (>1500km)
69d400827dca6ba0935a962a,JFK,TXL,nach DE,TXL,Provinz,New York,JFK,0,18,0,2,1,fluegede,6368.0,Lang (>1500km)
69d400827dca6ba0935a8817,SUF,CGN,nach DE,CGN,Hub,Lamezia Terme,SUF,0,17,0,6,1,fluegede,1508.0,Lang (>1500km)
69d400827dca6ba0935a8708,DUS,AOI,ab DE,DUS,Hub,Ancona,AOI,0,17,0,4,1,fluegede,986.0,Mittel (500-1500km)
69d400827dca6ba0935adfd0,LEJ,BCN,ab DE,LEJ,Provinz,Barcelona,BCN,0,17,0,3,1,fluegede,1368.0,Mittel (500-1500km)
69d400827dca6ba0935a9d6d,TXL,BCN,ab DE,TXL,Provinz,Barcelona,BCN,0,17,0,3,1,fluegede,1510.0,Lang (>1500km)
69d400827dca6ba0935adf56,BCN,LEJ,nach DE,LEJ,Provinz,Barcelona,BCN,0,17,0,3,1,fluegede,1368.0,Mittel (500-1500km)
69d400827dca6ba0935ad114,LBC,PSA,ab DE,LBC,Provinz,Pisa,PSA,0,17,0,2,1,fluegede,1126.0,Mittel (500-1500km)
69d400827dca6ba0935a8fde,KIV,FRA,nach DE,FRA,Hub,KIV,KIV,0,16,0,5,1,fluegede,,
69d400827dca6ba0935aa42c,LCY,DRS,nach DE,DRS,Provinz,London,LCY,0,16,0,4,1,fluegede,952.0,Mittel (500-1500km)
69d400827dca6ba0935abdaf,PAD,ACE,ab DE,PAD,Provinz,Lanzarote Island,ACE,0,16,0,4,1,fluegede,3121.0,Lang (>1500km)
69d400827dca6ba0935a9d7e,TXL,HRG,ab DE,TXL,Provinz,Hurghada,HRG,0,16,0,4,1,fluegede,3295.0,Lang (>1500km)
69d400827dca6ba0935a9d83,TXL,LPA,ab DE,TXL,Provinz,Gran Canaria Island,LPA,0,16,0,4,1,fluegede,3617.0,Lang (>1500km)
69d400827dca6ba0935a9cf8,ORY,TXL,nach DE,TXL,Provinz,Paris,ORY,0,16,0,2,1,fluegede,879.0,Mittel (500-1500km)
69d400827dca6ba0935aa37c,CDG,TXL,nach DE,TXL,Provinz,Paris,CDG,0,16,0,2,1,fluegede,850.0,Mittel (500-1500km)
69d400827dca6ba0935ad112,LBC,BGY,ab DE,LBC,Provinz,Bergamo,BGY,0,16,0,2,1,fluegede,907.0,Mittel (500-1500km)
69d400827dca6ba0935a9d6c,TXL,AYT,ab DE,TXL,Provinz,Antalya,AYT,0,15,0,5,1,fluegede,2212.0,Lang (>1500km)
69d400827dca6ba0935ad00d,FMM,SNN,ab DE,FMM,Provinz,Shannon,SNN,0,15,0,4,1,fluegede,1452.0,Mittel (500-1500km)
69d400827dca6ba0935aeb8c,LBA,DUS,nach DE,DUS,Hub,Leeds,LBA,0,15,0,3,1,fluegede,637.0,Mittel (500-1500km)
69d400827dca6ba0935a9b8b,AYT,TXL,nach DE,TXL,Provinz,Antalya,AYT,0,15,0,3,1,fluegede,2212.0,Lang (>1500km)
69d400827dca6ba0935aa564,TXL,CDG,ab DE,TXL,Provinz,Paris,CDG,0,15,0,2,1,fluegede,850.0,Mittel (500-1500km)
69d400827dca6ba0935a9d8b,TXL,ORY,ab DE,TXL,Provinz,Paris,ORY,0,15,0,2,1,fluegede,879.0,Mittel (500-1500km)
69d400827dca6ba0935ad1ea,MPL,HHN,nach DE,HHN,Provinz,Montpellier/Mediterranee,MPL,0,14,0,9,1,fluegede,752.0,Mittel (500-1500km)
69d400827dca6ba0935a9dd9,ZRH,TXL,nach DE,TXL,Provinz,Zurich,ZRH,0,14,0,2,1,fluegede,660.0,Mittel (500-1500km)
69d400827dca6ba0935ace83,CGN,GRO,ab DE,CGN,Hub,Girona,GRO,0,14,0,2,1,fluegede,1052.0,Mittel (500-1500km)
69d400827dca6ba0935aea02,MUC,SBZ,ab DE,MUC,Hub,Sibiu,SBZ,0,13,0,4,1,fluegede,973.0,Mittel (500-1500km)
69d400827dca6ba0935aea36,SBZ,MUC,nach DE,MUC,Hub,Sibiu,SBZ,0,13,0,3,1,fluegede,973.0,Mittel (500-1500km)
69d400827dca6ba0935a8838,TXL,VIE,ab DE,TXL,Provinz,Vienna,VIE,0,13,0,2,1,fluegede,547.0,Mittel (500-1500km)
69d400827dca6ba0935a8fd4,FRA,KIV,ab DE,FRA,Hub,KIV,KIV,0,12,0,5,1,fluegede,,
69d400827dca6ba0935a9cfc,PAD,IBZ,ab DE,PAD,Provinz,Ibiza,IBZ,0,12,0,5,1,fluegede,1524.0,Lang (>1500km)
69d400827dca6ba0935a9d79,TXL,FUE,ab DE,TXL,Provinz,Fuerteventura Island,FUE,0,12,0,4,1,fluegede,3487.0,Lang (>1500km)
69d400827dca6ba0935aea51,TXL,EWR,ab DE,TXL,Provinz,Newark,EWR,0,12,0,2,1,fluegede,6387.0,Lang (>1500km)
69d400827dca6ba0935a9b0c,TXL,JFK,ab DE,TXL,Provinz,New York,JFK,0,12,0,2,1,fluegede,6368.0,Lang (>1500km)
69d400827dca6ba0935a9cd0,MUC,TXL,Inland,MUC,Hub,,,0,12,0,1,1,fluegede,480.0,Kurz (0-500km)
69d400827dca6ba0935a87e6,SPU,TXL,nach DE,TXL,Provinz,Split,SPU,0,11,0,2,1,fluegede,1027.0,Mittel (500-1500km)
69d400827dca6ba0935a8836,TXL,SPU,ab DE,TXL,Provinz,Split,SPU,0,11,0,2,1,fluegede,1027.0,Mittel (500-1500km)
69d400827dca6ba0935b3306,DUS,BGY,ab DE,DUS,Hub,Bergamo,BGY,0,11,0,2,1,fluegede,661.0,Mittel (500-1500km)
69d400827dca6ba0935a8834,TXL,SAW,ab DE,TXL,Provinz,Istanbul,SAW,0,11,0,1,1,fluegede,1773.0,Lang (>1500km)
69d400827dca6ba0935ad092,HHN,PDV,ab DE,HHN,Provinz,Plovdiv,PDV,0,10,0,4,1,fluegede,1610.0,Lang (>1500km)
69d400827dca6ba0935a9d71,TXL,CFU,ab DE,TXL,Provinz,Kerkyra Island,CFU,0,10,0,4,1,fluegede,1527.0,Lang (>1500km)
69d400827dca6ba0935b7959,TFN,FRA,nach DE,FRA,Hub,Tenerife Island,TFN,0,10,0,3,1,fluegede,3184.0,Lang (>1500km)
69d400827dca6ba0935b3954,FRA,TFN,ab DE,FRA,Hub,Tenerife Island,TFN,0,10,0,3,1,fluegede,3184.0,Lang (>1500km)
69d400827dca6ba0935a9cf4,OLB,TXL,nach DE,TXL,Provinz,Olbia,OLB,0,10,0,3,1,fluegede,1328.0,Mittel (500-1500km)
69d400827dca6ba0935b1f0e,BGY,DUS,nach DE,DUS,Hub,Bergamo,BGY,0,10,0,2,1,fluegede,661.0,Mittel (500-1500km)
69d400827dca6ba0935b128e,TXL,ADB,ab DE,TXL,Provinz,Izmir,ADB,0,10,0,2,1,fluegede,1913.0,Lang (>1500km)
69d400827dca6ba0935a881b,SZG,CGN,nach DE,CGN,Hub,Salzburg,SZG,0,10,0,1,1,fluegede,545.0,Mittel (500-1500km)
69d400827dca6ba0935a9ca5,MAH,TXL,nach DE,TXL,Provinz,Menorca Island,MAH,0,10,0,1,1,fluegede,1572.0,Lang (>1500km)
69d400827dca6ba0935b3333,DUS,TFN,ab DE,DUS,Hub,Tenerife Island,TFN,0,9,0,4,1,fluegede,3184.0,Lang (>1500km)
69d400827dca6ba0935a9d8d,TXL,OTP,ab DE,TXL,Provinz,Bucharest,OTP,0,9,0,4,1,fluegede,1292.0,Mittel (500-1500km)
69d400827dca6ba0935ad29c,PDV,HHN,nach DE,HHN,Provinz,Plovdiv,PDV,0,9,0,4,1,fluegede,1610.0,Lang (>1500km)
69d400827dca6ba0935a884a,XRY,CGN,nach DE,CGN,Hub,Jerez de la Forntera,XRY,0,9,0,4,1,fluegede,1888.0,Lang (>1500km)
69d400827dca6ba0935a9cfa,OTP,TXL,nach DE,TXL,Provinz,Bucharest,OTP,0,9,0,4,1,fluegede,1292.0,Mittel (500-1500km)
69d400827dca6ba0935b7957,TFN,DUS,nach DE,DUS,Hub,Tenerife Island,TFN,0,9,0,4,1,fluegede,3184.0,Lang (>1500km)
69d400827dca6ba0935a9cd7,NAP,TXL,nach DE,TXL,Provinz,Napoli,NAP,0,9,0,3,1,fluegede,1300.0,Mittel (500-1500km)
69d400827dca6ba0935a9c99,LPA,TXL,nach DE,TXL,Provinz,Gran Canaria Island,LPA,0,9,0,3,1,fluegede,3617.0,Lang (>1500km)
69d400827dca6ba0935a9d61,TFS,TXL,nach DE,TXL,Provinz,Tenerife Island,TFS,0,9,0,3,1,fluegede,3670.0,Lang (>1500km)
69d400827dca6ba0935a9d41,STN,DUS,nach DE,DUS,Hub,London,STN,0,9,0,2,1,fluegede,456.0,Kurz (0-500km)
69d400827dca6ba0935ad243,NRN,STN,ab DE,NRN,Provinz,London,STN,0,9,0,2,1,fluegede,408.0,Kurz (0-500km)
69d400827dca6ba0935b4f4a,LCY,CGN,nach DE,CGN,Hub,London,LCY,0,9,0,2,1,fluegede,499.0,Kurz (0-500km)
69d400827dca6ba0935ab045,LCY,DUS,nach DE,DUS,Hub,London,LCY,0,9,0,2,1,fluegede,466.0,Kurz (0-500km)
69d400827dca6ba0935a86fe,DRS,CGN,Inland,DRS,Provinz,,,0,9,0,2,1,fluegede,464.0,Kurz (0-500km)
69d400827dca6ba0935b525b,LPA,HHN,nach DE,HHN,Provinz,Gran Canaria Island,LPA,0,9,0,2,1,fluegede,3110.0,Lang (>1500km)
69d400827dca6ba0935ad419,STN,NRN,nach DE,NRN,Provinz,London,STN,0,9,0,2,1,fluegede,408.0,Kurz (0-500km)
69d400827dca6ba0935a9bf5,DUS,STN,ab DE,DUS,Hub,London,STN,0,9,0,2,1,fluegede,456.0,Kurz (0-500km)
69d400827dca6ba0935b3fa7,HHN,LPA,ab DE,HHN,Provinz,Gran Canaria Island,LPA,0,9,0,2,1,fluegede,3110.0,Lang (>1500km)
69d400827dca6ba0935a9d85,TXL,MAH,ab DE,TXL,Provinz,Menorca Island,MAH,0,9,0,1,1,fluegede,1572.0,Lang (>1500km)
69d400827dca6ba0935afcc1,AGB,MRS,ab DE,AGB,Provinz,Marseille,MRS,0,9,0,1,1,fluegede,708.0,Mittel (500-1500km)
69d400827dca6ba0935a9d86,TXL,MUC,Inland,TXL,Provinz,,,0,9,0,1,1,fluegede,480.0,Kurz (0-500km)
69d400827dca6ba0935a9d8c,TXL,OSL,ab DE,TXL,Provinz,Oslo,OSL,0,8,0,2,1,fluegede,859.0,Mittel (500-1500km)
69d400827dca6ba0935a882f,TXL,LIN,ab DE,TXL,Provinz,Milan,LIN,0,8,0,2,1,fluegede,843.0,Mittel (500-1500km)
69d400827dca6ba0935b28aa,CGN,LCY,ab DE,CGN,Hub,London,LCY,0,8,0,2,1,fluegede,499.0,Kurz (0-500km)
69d400827dca6ba0935a9cf9,OSL,TXL,nach DE,TXL,Provinz,Oslo,OSL,0,8,0,2,1,fluegede,859.0,Mittel (500-1500km)
69d400827dca6ba0935b127c,ADB,TXL,nach DE,TXL,Provinz,Izmir,ADB,0,8,0,2,1,fluegede,1913.0,Lang (>1500km)
69d400827dca6ba0935b00e5,LEJ,IST,ab DE,LEJ,Provinz,Istanbul,IST,0,8,0,1,1,fluegede,1690.0,Lang (>1500km)
69d400827dca6ba0935b4ec8,LBA,BER,nach DE,BER,Hub,Leeds,LBA,0,7,0,3,1,fluegede,1024.0,Mittel (500-1500km)
69d400827dca6ba0935b1e1d,BER,LBA,ab DE,BER,Hub,Leeds,LBA,0,7,0,3,1,fluegede,1024.0,Mittel (500-1500km)
69d400827dca6ba0935b5299,LPL,BER,nach DE,BER,Hub,Liverpool,LPL,0,7,0,3,1,fluegede,1101.0,Mittel (500-1500km)
69d400827dca6ba0935b1dfc,BER,LPL,ab DE,BER,Hub,Liverpool,LPL,0,7,0,3,1,fluegede,1101.0,Mittel (500-1500km)
69d400827dca6ba0935adf4b,BCN,DRS,nach DE,DRS,Provinz,Barcelona,BCN,0,7,0,2,1,fluegede,1412.0,Mittel (500-1500km)
69d400827dca6ba0935adfa5,DRS,BCN,ab DE,DRS,Provinz,Barcelona,BCN,0,7,0,2,1,fluegede,1412.0,Mittel (500-1500km)
69d400827dca6ba0935a9c64,HRG,TXL,nach DE,TXL,Provinz,Hurghada,HRG,0,7,0,2,1,fluegede,3295.0,Lang (>1500km)
69d400827dca6ba0935a9d70,TXL,BUD,ab DE,TXL,Provinz,Budapest,BUD,0,7,0,2,1,fluegede,711.0,Mittel (500-1500km)
69d400827dca6ba0935a9b9e,BUD,TXL,nach DE,TXL,Provinz,Budapest,BUD,0,7,0,2,1,fluegede,711.0,Mittel (500-1500km)
69d400827dca6ba0935a8828,TXL,FCO,ab DE,TXL,Provinz,Rome,FCO,0,7,0,2,1,fluegede,1198.0,Mittel (500-1500km)
69d400827dca6ba0935ab148,CGN,BHX,ab DE,CGN,Hub,Birmingham,BHX,0,7,0,1,1,fluegede,638.0,Mittel (500-1500km)
69d400827dca6ba0935afcf3,MRS,AGB,nach DE,AGB,Provinz,Marseille,MRS,0,7,0,1,1,fluegede,708.0,Mittel (500-1500km)
69d400827dca6ba0935b1690,AGA,CGN,nach DE,CGN,Hub,Agadir,AGA,0,6,0,3,2,"fluegede,idealo",2664.0,Lang (>1500km)
69d400827dca6ba0935b3301,DUS,NDR,ab DE,DUS,Hub,Nador,NDR,0,6,0,3,1,fluegede,1975.0,Lang (>1500km)
69d400827dca6ba0935b04b3,LTN,HAM,nach DE,HAM,Hub,London,LTN,0,6,0,2,1,fluegede,723.0,Mittel (500-1500km)
69d400827dca6ba0935b7dc5,TSF,BER,nach DE,BER,Hub,Treviso,TSF,0,6,0,2,1,fluegede,753.0,Mittel (500-1500km)
69d400827dca6ba0935a9d8a,TXL,OLB,ab DE,TXL,Provinz,Olbia,OLB,0,6,0,2,1,fluegede,1328.0,Mittel (500-1500km)
69d400827dca6ba0935a9d75,TXL,FAO,ab DE,TXL,Provinz,Faro,FAO,0,6,0,2,1,fluegede,2391.0,Lang (>1500km)
69d400827dca6ba0935a9d98,TXL,VCE,ab DE,TXL,Provinz,Venezia,VCE,0,6,0,2,1,fluegede,787.0,Mittel (500-1500km)
69d400827dca6ba0935b1dde,BER,TSF,ab DE,BER,Hub,Treviso,TSF,0,6,0,2,1,fluegede,753.0,Mittel (500-1500km)
69d400827dca6ba0935a86a7,CAG,CGN,nach DE,CGN,Hub,Cagliari,CAG,0,6,0,2,1,fluegede,1300.0,Mittel (500-1500km)
69d400827dca6ba0935a9d9c,VCE,TXL,nach DE,TXL,Provinz,Venezia,VCE,0,6,0,2,1,fluegede,787.0,Mittel (500-1500km)
69d400827dca6ba0935a9d67,TXL,ACE,ab DE,TXL,Provinz,Lanzarote Island,ACE,0,6,0,2,1,fluegede,3428.0,Lang (>1500km)
69d400827dca6ba0935b043e,HAM,LTN,ab DE,HAM,Hub,London,LTN,0,6,0,2,1,fluegede,723.0,Mittel (500-1500km)
69d400827dca6ba0935aceb0,CIA,FMM,nach DE,FMM,Provinz,Roma,CIA,0,6,0,1,1,fluegede,713.0,Mittel (500-1500km)
69d400827dca6ba0935b376f,FCO,FMM,nach DE,FMM,Provinz,Rome,FCO,0,6,0,1,1,fluegede,706.0,Mittel (500-1500km)
69d400827dca6ba0935ad007,FMM,CIA,ab DE,FMM,Provinz,Roma,CIA,0,6,0,1,1,fluegede,713.0,Mittel (500-1500km)
69d400827dca6ba0935ad045,GRO,CGN,nach DE,CGN,Hub,Girona,GRO,0,6,0,1,1,fluegede,1052.0,Mittel (500-1500km)
69d400827dca6ba0935a8830,TXL,NCE,ab DE,TXL,Provinz,Nice,NCE,0,6,0,1,1,fluegede,1087.0,Mittel (500-1500km)
69d400827dca6ba0935b138c,TGD,DUS,nach DE,DUS,Hub,Podgorica,TGD,0,6,0,1,1,fluegede,1371.0,Mittel (500-1500km)
69d400827dca6ba0935b0092,IST,LEJ,nach DE,LEJ,Provinz,Istanbul,IST,0,6,0,1,1,fluegede,1690.0,Lang (>1500km)
69d400827dca6ba0935aac8e,AMS,CGN,nach DE,CGN,Hub,Amsterdam,AMS,0,6,0,1,1,fluegede,230.0,Kurz (0-500km)
69d400827dca6ba0935b3926,FRA,SKP,ab DE,FRA,Hub,Skopje,SKP,0,6,0,1,1,fluegede,1347.0,Mittel (500-1500km)
69d400827dca6ba0935a9d93,TXL,SMI,ab DE,TXL,Provinz,Samos Island,SMI,0,6,0,1,1,fluegede,1962.0,Lang (>1500km)
69d400827dca6ba0935b1387,DUS,TGD,ab DE,DUS,Hub,Podgorica,TGD,0,6,0,1,1,fluegede,1371.0,Mittel (500-1500km)
69d400827dca6ba0935b3878,FMM,FCO,ab DE,FMM,Provinz,Rome,FCO,0,6,0,1,1,fluegede,706.0,Mittel (500-1500km)
69d400827dca6ba0935b72b4,SKP,FRA,nach DE,FRA,Hub,Skopje,SKP,0,6,0,1,1,fluegede,1347.0,Mittel (500-1500km)
69d400827dca6ba0935a87ae,NCE,TXL,nach DE,TXL,Provinz,Nice,NCE,0,6,0,1,1,fluegede,1087.0,Mittel (500-1500km)
69d400827dca6ba0935b00c5,IST,TXL,nach DE,TXL,Provinz,Istanbul,IST,0,6,0,1,1,fluegede,1712.0,Lang (>1500km)
69d400827dca6ba0935ab232,MUC,DJE,ab DE,MUC,Hub,Djerba,DJE,0,5,0,4,1,fluegede,1612.0,Lang (>1500km)
69d400827dca6ba0935b5cfb,NDR,DUS,nach DE,DUS,Hub,Nador,NDR,0,5,0,3,1,fluegede,1975.0,Lang (>1500km)
69d400827dca6ba0935a9ba6,CFU,TXL,nach DE,TXL,Provinz,Kerkyra Island,CFU,0,5,0,3,1,fluegede,1527.0,Lang (>1500km)
69d400827dca6ba0935b5300,LTN,MUC,nach DE,MUC,Hub,London,LTN,0,5,0,2,1,fluegede,949.0,Mittel (500-1500km)
69d400827dca6ba0935b5a7b,MUC,LTN,ab DE,MUC,Hub,London,LTN,0,5,0,2,1,fluegede,949.0,Mittel (500-1500km)
69d400827dca6ba0935a9bb6,CPH,TXL,nach DE,TXL,Provinz,Copenhagen,CPH,0,5,0,2,1,fluegede,343.0,Kurz (0-500km)
69d400827dca6ba0935b57e3,MIR,CGN,nach DE,CGN,Hub,Monastir,MIR,0,5,0,2,1,fluegede,1705.0,Lang (>1500km)
69d400827dca6ba0935b054e,STN,MUC,nach DE,MUC,Hub,London,STN,0,5,0,2,1,fluegede,911.0,Mittel (500-1500km)
69d400827dca6ba0935a882c,TXL,IBZ,ab DE,TXL,Provinz,Ibiza,IBZ,0,5,0,2,1,fluegede,1776.0,Lang (>1500km)
69d400827dca6ba0935b0e5d,LBC,GDN,ab DE,LBC,Provinz,Gdańsk,GDN,0,5,0,2,1,fluegede,509.0,Mittel (500-1500km)
69d400827dca6ba0935a9d72,TXL,CPH,ab DE,TXL,Provinz,Copenhagen,CPH,0,5,0,2,1,fluegede,343.0,Kurz (0-500km)
69d400827dca6ba0935ad50f,VLC,NRN,nach DE,NRN,Provinz,Valencia,VLC,0,5,0,2,1,fluegede,1441.0,Mittel (500-1500km)
69d400827dca6ba0935a9d88,TXL,NAP,ab DE,TXL,Provinz,Napoli,NAP,0,5,0,2,1,fluegede,1300.0,Mittel (500-1500km)
69d400827dca6ba0935b04e0,MUC,STN,ab DE,MUC,Hub,London,STN,0,5,0,2,1,fluegede,911.0,Mittel (500-1500km)
69d400827dca6ba0935b0e2a,GDN,LBC,nach DE,LBC,Provinz,Gdańsk,GDN,0,5,0,2,1,fluegede,509.0,Mittel (500-1500km)
69d400827dca6ba0935abd7f,HOG,FRA,nach DE,FRA,Hub,Holguin,HOG,0,5,0,1,1,fluegede,7893.0,Lang (>1500km)
69d400827dca6ba0935abd4e,FRA,HOG,ab DE,FRA,Hub,Holguin,HOG,0,5,0,1,1,fluegede,7893.0,Lang (>1500km)
69d400827dca6ba0935ad0a5,HHN,XRY,ab DE,HHN,Provinz,Jerez de la Forntera,XRY,0,5,0,1,1,fluegede,1815.0,Lang (>1500km)
69d400827dca6ba0935b5084,LHR,NUE,nach DE,NUE,Provinz,London,LHR,0,5,0,1,1,fluegede,844.0,Mittel (500-1500km)
69d400827dca6ba0935b0126,TXL,IST,ab DE,TXL,Provinz,Istanbul,IST,0,5,0,1,1,fluegede,1712.0,Lang (>1500km)
69d400827dca6ba0935b5f4e,NUE,LHR,ab DE,NUE,Provinz,London,LHR,0,5,0,1,1,fluegede,844.0,Mittel (500-1500km)
69d400827dca6ba0935ad55a,XRY,HHN,nach DE,HHN,Provinz,Jerez de la Forntera,XRY,0,5,0,1,1,fluegede,1815.0,Lang (>1500km)
69d400827dca6ba0935a9d97,TXL,TLV,ab DE,TXL,Provinz,Tel Aviv,TLV,0,5,0,1,1,fluegede,2871.0,Lang (>1500km)
69d400827dca6ba0935ad3b1,SDR,NRN,nach DE,NRN,Provinz,Santander,SDR,0,5,0,1,1,fluegede,1175.0,Mittel (500-1500km)
69d400827dca6ba0935b27b9,CDT,BER,nach DE,BER,Hub,Castellón de la Plana,CDT,0,4,0,2,2,"fluegede,idealo",1694.0,Lang (>1500km)
69d400827dca6ba0935b3310,DUS,PMO,ab DE,DUS,Hub,Palermo,PMO,0,4,0,2,1,fluegede,1540.0,Lang (>1500km)
69d400827dca6ba0935ad457,SUF,NRN,nach DE,NRN,Provinz,Lamezia Terme,SUF,0,4,0,2,1,fluegede,1615.0,Lang (>1500km)
69d400827dca6ba0935a8680,AGP,TXL,nach DE,TXL,Provinz,Malaga,AGP,0,4,0,2,1,fluegede,2246.0,Lang (>1500km)
69d400827dca6ba0935aa8c3,PSA,TXL,nach DE,TXL,Provinz,Pisa,PSA,0,4,0,2,1,fluegede,1010.0,Mittel (500-1500km)
69d400827dca6ba0935aa8d3,TXL,PSA,ab DE,TXL,Provinz,Pisa,PSA,0,4,0,2,1,fluegede,1010.0,Mittel (500-1500km)
69d400827dca6ba0935b3202,DRS,NAP,ab DE,DRS,Provinz,Napoli,NAP,0,4,0,2,1,fluegede,1140.0,Mittel (500-1500km)
69d400827dca6ba0935b5c13,NAP,DRS,nach DE,DRS,Provinz,Napoli,NAP,0,4,0,2,1,fluegede,1140.0,Mittel (500-1500km)
69d400827dca6ba0935a9d94,TXL,SOF,ab DE,TXL,Provinz,Sofia,SOF,0,4,0,2,1,fluegede,1331.0,Mittel (500-1500km)
69d400827dca6ba0935b66ba,PMO,DUS,nach DE,DUS,Hub,Palermo,PMO,0,4,0,2,1,fluegede,1540.0,Lang (>1500km)
69d400827dca6ba0935a878f,KVA,CGN,nach DE,CGN,Hub,Kavala,KVA,0,4,0,2,1,fluegede,1740.0,Lang (>1500km)
69d400827dca6ba0935acc6b,ACE,NRN,nach DE,NRN,Provinz,Lanzarote Island,ACE,0,4,0,2,1,fluegede,3004.0,Lang (>1500km)
69d400827dca6ba0935a8826,TXL,CTA,ab DE,TXL,Provinz,Catania,CTA,0,4,0,2,1,fluegede,1684.0,Lang (>1500km)
69d400827dca6ba0935b3873,FMM,OTP,ab DE,FMM,Provinz,Bucharest,OTP,0,4,0,2,1,fluegede,1274.0,Mittel (500-1500km)
69d400827dca6ba0935b28ab,CGN,MIR,ab DE,CGN,Hub,Monastir,MIR,0,4,0,2,1,fluegede,1705.0,Lang (>1500km)
69d400827dca6ba0935a86ca,CGN,KVA,ab DE,CGN,Hub,Kavala,KVA,0,4,0,2,1,fluegede,1740.0,Lang (>1500km)
69d400827dca6ba0935b62b8,OTP,FMM,nach DE,FMM,Provinz,Bucharest,OTP,0,4,0,2,1,fluegede,1274.0,Mittel (500-1500km)
69d400827dca6ba0935a86f5,CTA,TXL,nach DE,TXL,Provinz,Catania,CTA,0,4,0,2,1,fluegede,1684.0,Lang (>1500km)
69d400827dca6ba0935b2897,CGN,EDO,ab DE,CGN,Hub,Edremit,EDO,0,4,0,1,1,fluegede,1990.0,Lang (>1500km)
69d400827dca6ba0935acd32,BGY,LBC,nach DE,LBC,Provinz,Bergamo,BGY,0,4,0,1,1,fluegede,907.0,Mittel (500-1500km)
69d400827dca6ba0935ad241,NRN,SDR,ab DE,NRN,Provinz,Santander,SDR,0,4,0,1,1,fluegede,1175.0,Mittel (500-1500km)
69d400827dca6ba0935a9b65,ACE,TXL,nach DE,TXL,Provinz,Lanzarote Island,ACE,0,4,0,1,1,fluegede,3428.0,Lang (>1500km)
69d400827dca6ba0935a87e9,STN,STR,nach DE,STR,Hub,London,STN,0,4,0,1,1,fluegede,730.0,Mittel (500-1500km)
69d400827dca6ba0935a8811,STR,STN,ab DE,STR,Hub,London,STN,0,4,0,1,1,fluegede,730.0,Mittel (500-1500km)
69d400827dca6ba0935b71e4,SJJ,FMM,nach DE,FMM,Provinz,Sarajevo,SJJ,0,4,0,1,1,idealo,778.0,Mittel (500-1500km)
69d400827dca6ba0935b1e14,BER,CDT,ab DE,BER,Hub,Castellón de la Plana,CDT,0,3,0,2,2,"fluegede,idealo",1694.0,Lang (>1500km)
69d400827dca6ba0935a86fc,DBV,TXL,nach DE,TXL,Provinz,Dubrovnik,DBV,0,3,0,2,1,fluegede,1172.0,Mittel (500-1500km)
69d400827dca6ba0935a8694,BHX,TXL,nach DE,TXL,Provinz,Birmingham,BHX,0,3,0,2,1,fluegede,1016.0,Mittel (500-1500km)
69d400827dca6ba0935a8822,TXL,BHX,ab DE,TXL,Provinz,Birmingham,BHX,0,3,0,2,1,fluegede,1016.0,Mittel (500-1500km)
69d400827dca6ba0935ad2f2,PMO,NRN,nach DE,NRN,Provinz,Palermo,PMO,0,3,0,2,1,fluegede,1588.0,Lang (>1500km)
69d400827dca6ba0935aeb51,DUS,LBA,ab DE,DUS,Hub,Leeds,LBA,0,3,0,2,1,fluegede,637.0,Mittel (500-1500km)
69d400827dca6ba0935a9c14,FNC,TXL,nach DE,TXL,Provinz,Funchal,FNC,0,3,0,2,1,fluegede,3263.0,Lang (>1500km)
69d400827dca6ba0935a9d77,TXL,FNC,ab DE,TXL,Provinz,Funchal,FNC,0,3,0,2,1,fluegede,3263.0,Lang (>1500km)
69d400827dca6ba0935a8371,ZAD,FDH,nach DE,FDH,Provinz,Zadar,ZAD,0,3,0,2,1,fluegede,600.0,Mittel (500-1500km)
69d400827dca6ba0935b4ebf,LBA,CGN,nach DE,CGN,Hub,Leeds,LBA,0,3,0,2,1,fluegede,684.0,Mittel (500-1500km)
69d400827dca6ba0935a8827,TXL,DBV,ab DE,TXL,Provinz,Dubrovnik,DBV,0,3,0,2,1,fluegede,1172.0,Mittel (500-1500km)
69d400827dca6ba0935ad223,NRN,ACE,ab DE,NRN,Provinz,Lanzarote Island,ACE,0,3,0,2,1,fluegede,3004.0,Lang (>1500km)
69d400827dca6ba0935b755c,STR,ASR,ab DE,STR,Hub,Kayseri,ASR,0,3,0,2,1,idealo,2365.0,Lang (>1500km)
69d400827dca6ba0935ad4ac,TMP,HHN,nach DE,HHN,Provinz,Tampere / Pirkkala,TMP,0,3,0,2,1,fluegede,1626.0,Lang (>1500km)
69d400827dca6ba0935b289a,CGN,LBA,ab DE,CGN,Hub,Leeds,LBA,0,3,0,2,1,fluegede,684.0,Mittel (500-1500km)
69d400827dca6ba0935b343b,EBL,CGN,nach DE,CGN,Hub,Arbil,EBL,0,3,0,1,2,"fluegede,idealo",3336.0,Lang (>1500km)
69d400827dca6ba0935ad357,REU,HHN,nach DE,HHN,Provinz,Reus,REU,0,3,0,1,1,fluegede,1087.0,Mittel (500-1500km)
69d400827dca6ba0935a883a,TXL,ZAD,ab DE,TXL,Provinz,Zadar,ZAD,0,3,0,1,1,fluegede,952.0,Mittel (500-1500km)
69d400827dca6ba0935a8683,AOI,DUS,nach DE,DUS,Hub,Ancona,AOI,0,3,0,1,1,fluegede,986.0,Mittel (500-1500km)
69d400827dca6ba0935a8824,TXL,BLQ,ab DE,TXL,Provinz,Bologna,BLQ,0,3,0,1,1,fluegede,904.0,Mittel (500-1500km)
69d400827dca6ba0935aea63,ZAG,TXL,nach DE,TXL,Provinz,Zagreb,ZAG,0,3,0,1,1,fluegede,784.0,Mittel (500-1500km)
69d400827dca6ba0935ad246,NRN,TSF,ab DE,NRN,Provinz,Treviso,TSF,0,3,0,1,1,fluegede,797.0,Mittel (500-1500km)
69d400827dca6ba0935b168c,AGA,STR,nach DE,STR,Hub,Agadir,AGA,0,3,0,1,1,fluegede,2579.0,Lang (>1500km)
69d400827dca6ba0935aaaa4,CMN,TXL,nach DE,TXL,Provinz,Casablanca,CMN,0,3,0,1,1,fluegede,2707.0,Lang (>1500km)
69d400827dca6ba0935b7c7f,TNG,FKB,nach DE,FKB,Provinz,Tangier,TNG,0,3,0,1,1,idealo,1847.0,Lang (>1500km)
69d400827dca6ba0935b34b3,EDO,CGN,nach DE,CGN,Hub,Edremit,EDO,0,3,0,1,1,fluegede,1990.0,Lang (>1500km)
69d400827dca6ba0935a9b79,ARN,TXL,nach DE,TXL,Provinz,Stockholm,ARN,0,3,0,1,1,fluegede,839.0,Mittel (500-1500km)
69d400827dca6ba0935a884e,ZAD,TXL,nach DE,TXL,Provinz,Zadar,ZAD,0,3,0,1,1,fluegede,952.0,Mittel (500-1500km)
69d400827dca6ba0935a869d,BLQ,TXL,nach DE,TXL,Provinz,Bologna,BLQ,0,3,0,1,1,fluegede,904.0,Mittel (500-1500km)
69d400827dca6ba0935a9c02,FAO,TXL,nach DE,TXL,Provinz,Faro,FAO,0,3,0,1,1,fluegede,2391.0,Lang (>1500km)
69d400827dca6ba0935b7564,STR,AGA,ab DE,STR,Hub,Agadir,AGA,0,3,0,1,1,fluegede,2579.0,Lang (>1500km)
69d400827dca6ba0935ad247,NRN,VLC,ab DE,NRN,Provinz,Valencia,VLC,0,3,0,1,1,fluegede,1441.0,Mittel (500-1500km)
69d400827dca6ba0935ad229,NRN,BLQ,ab DE,NRN,Provinz,Bologna,BLQ,0,3,0,1,1,fluegede,873.0,Mittel (500-1500km)
69d400827dca6ba0935acd8b,BLQ,NRN,nach DE,NRN,Provinz,Bologna,BLQ,0,3,0,1,1,fluegede,873.0,Mittel (500-1500km)
69d400827dca6ba0935aebf6,TXL,VNO,ab DE,TXL,Provinz,Vilnius,VNO,0,3,0,1,1,fluegede,823.0,Mittel (500-1500km)
69d400827dca6ba0935ac870,CDG,LEJ,nach DE,LEJ,Provinz,Paris,CDG,0,3,0,1,1,fluegede,739.0,Mittel (500-1500km)
69d400827dca6ba0935a9d6a,TXL,ARN,ab DE,TXL,Provinz,Stockholm,ARN,0,3,0,1,1,fluegede,839.0,Mittel (500-1500km)
69d400827dca6ba0935aebfb,VNO,TXL,nach DE,TXL,Provinz,Vilnius,VNO,0,3,0,1,1,fluegede,823.0,Mittel (500-1500km)
69d400827dca6ba0935ad098,HHN,REU,ab DE,HHN,Provinz,Reus,REU,0,3,0,1,1,fluegede,1087.0,Mittel (500-1500km)
69d400827dca6ba0935ac87b,LEJ,CDG,ab DE,LEJ,Provinz,Paris,CDG,0,3,0,1,1,fluegede,739.0,Mittel (500-1500km)
69d400827dca6ba0935b289d,CGN,ONQ,ab DE,CGN,Hub,Zonguldak,ONQ,0,2,0,2,1,fluegede,2169.0,Lang (>1500km)
69d400827dca6ba0935a9c2e,FUE,TXL,nach DE,TXL,Provinz,Fuerteventura Island,FUE,0,2,0,2,1,fluegede,3487.0,Lang (>1500km)
69d400827dca6ba0935b3ec7,HER,FDH,nach DE,FDH,Provinz,Heraklion,HER,0,2,0,1,2,"fluegede,idealo",1886.0,Lang (>1500km)
69d400827dca6ba0935b378d,FDH,HER,ab DE,FDH,Provinz,Heraklion,HER,0,2,0,1,2,"fluegede,idealo",1886.0,Lang (>1500km)
69d5517250bd478097d5654c,BNX,STR,nach DE,STR,Hub,Banja Luka,BNX,0,2,0,1,1,fluegede,742.0,Mittel (500-1500km)
69d400827dca6ba0935b1d17,BDS,CGN,nach DE,CGN,Hub,Brindisi,BDS,0,2,0,1,1,fluegede,1408.0,Mittel (500-1500km)
69d400827dca6ba0935b0e21,GDN,CGN,nach DE,CGN,Hub,Gdańsk,GDN,0,2,0,1,1,fluegede,857.0,Mittel (500-1500km)
69d400827dca6ba0935ad340,RAK,HHN,nach DE,HHN,Provinz,Marrakech,RAK,0,2,0,1,1,idealo,2402.0,Lang (>1500km)
69d400827dca6ba0935b330f,DUS,OUD,ab DE,DUS,Hub,Oujda,OUD,0,2,0,1,1,fluegede,1963.0,Lang (>1500km)
69d400827dca6ba0935b782d,SZY,NRN,nach DE,NRN,Provinz,Szymany,SZY,0,2,0,1,1,idealo,1020.0,Mittel (500-1500km)
69d400827dca6ba0935aa8d2,TXL,PMO,ab DE,TXL,Provinz,Palermo,PMO,0,2,0,1,1,fluegede,1599.0,Lang (>1500km)
69d400827dca6ba0935a9d9a,TXL,ZRH,ab DE,TXL,Provinz,Zurich,ZRH,0,2,0,1,1,fluegede,660.0,Mittel (500-1500km)
69d5517250bd478097d56cfa,BVC,DUS,nach DE,DUS,Hub,Rabil,BVC,0,2,0,1,1,idealo,4710.0,Lang (>1500km)
69d400827dca6ba0935b3943,FRA,GZT,ab DE,FRA,Hub,Gaziantep,GZT,0,2,0,1,1,idealo,2724.0,Lang (>1500km)
69d400827dca6ba0935b66df,PMO,LEJ,nach DE,LEJ,Provinz,Palermo,PMO,0,2,0,1,1,fluegede,1476.0,Mittel (500-1500km)
69d400827dca6ba0935b3d13,HAJ,DIY,ab DE,HAJ,Provinz,Diyarbakir,DIY,0,2,0,1,1,idealo,2855.0,Lang (>1500km)
69d400827dca6ba0935b289b,CGN,NCL,ab DE,CGN,Hub,Newcastle,NCL,0,2,0,1,1,fluegede,751.0,Mittel (500-1500km)
69d400827dca6ba0935a9c9e,MAD,TXL,nach DE,TXL,Provinz,Madrid,MAD,0,2,0,1,1,fluegede,1852.0,Lang (>1500km)
69d400827dca6ba0935b3913,FRA,RAK,ab DE,FRA,Hub,Marrakech,RAK,0,2,0,1,1,fluegede,2466.0,Lang (>1500km)
69d5517150bd478097d55d91,BER,MHG,Inland,BER,Hub,,,0,2,0,1,1,fluegede,475.0,Kurz (0-500km)
69d400827dca6ba0935b7683,SVQ,NRN,nach DE,NRN,Provinz,Sevilla,SVQ,0,2,0,1,1,fluegede,1838.0,Lang (>1500km)
69d400827dca6ba0935b5cd2,NCL,CGN,nach DE,CGN,Hub,Newcastle,NCL,0,2,0,1,1,fluegede,751.0,Mittel (500-1500km)
69d400827dca6ba0935b5eb1,NRN,SVQ,ab DE,NRN,Provinz,Sevilla,SVQ,0,2,0,1,1,fluegede,1838.0,Lang (>1500km)
69d400827dca6ba0935ab4c2,FRA,CTU,ab DE,FRA,Hub,Chengdu,CTU,0,2,0,1,1,fluegede,7812.0,Lang (>1500km)
69d400827dca6ba0935b125a,SID,CGN,nach DE,CGN,Hub,Espargos,SID,0,2,0,1,1,fluegede,4639.0,Lang (>1500km)
69d400827dca6ba0935b197a,ARN,FKB,nach DE,FKB,Provinz,Stockholm,ARN,0,2,0,1,1,idealo,1364.0,Mittel (500-1500km)
69d400827dca6ba0935b62d3,OUD,DUS,nach DE,DUS,Hub,Oujda,OUD,0,2,0,1,1,fluegede,1963.0,Lang (>1500km)
69d400827dca6ba0935a87d7,SAW,TXL,nach DE,TXL,Provinz,Istanbul,SAW,0,2,0,1,1,fluegede,1773.0,Lang (>1500km)
69d400827dca6ba0935b3302,DUS,RAK,ab DE,DUS,Hub,Marrakech,RAK,0,2,0,1,1,fluegede,2502.0,Lang (>1500km)
69d400827dca6ba0935b6ac4,RBA,HHN,nach DE,HHN,Provinz,Rabat,RBA,0,2,0,1,1,idealo,2106.0,Lang (>1500km)
69d400827dca6ba0935a9d6e,TXL,BEG,ab DE,TXL,Provinz,Belgrad,BEG,0,2,0,1,1,fluegede,1002.0,Mittel (500-1500km)
69d400827dca6ba0935aa48f,MRS,TXL,nach DE,TXL,Provinz,Marseille,MRS,0,2,0,1,1,fluegede,1177.0,Mittel (500-1500km)
69d400827dca6ba0935b6292,OTP,HAM,nach DE,HAM,Hub,Bucharest,OTP,0,2,0,1,1,fluegede,1540.0,Lang (>1500km)
69d400827dca6ba0935ac87c,LEJ,ZRH,ab DE,LEJ,Provinz,Zurich,ZRH,0,2,0,1,1,fluegede,515.0,Mittel (500-1500km)
69d400827dca6ba0935ae3bd,FRA,PRN,ab DE,FRA,Hub,Lipjan,PRN,0,2,0,1,1,fluegede,1265.0,Mittel (500-1500km)
69d400827dca6ba0935b73a1,SOF,CGN,nach DE,CGN,Hub,Sofia,SOF,0,2,0,1,1,idealo,1531.0,Lang (>1500km)
69d400827dca6ba0935a9d3e,SOF,TXL,nach DE,TXL,Provinz,Sofia,SOF,0,2,0,1,1,fluegede,1331.0,Mittel (500-1500km)
69d400827dca6ba0935a884d,ZAD,STR,nach DE,STR,Hub,Zadar,ZAD,0,2,0,1,1,fluegede,692.0,Mittel (500-1500km)
69d400827dca6ba0935b37da,FKB,RMO,ab DE,FKB,Provinz,Chișinău,RMO,0,2,0,1,1,fluegede,1564.0,Lang (>1500km)
69d400827dca6ba0935b3da4,HAM,OTP,ab DE,HAM,Hub,Bucharest,OTP,0,2,0,1,1,fluegede,1540.0,Lang (>1500km)
69d400827dca6ba0935aa8ba,PMO,TXL,nach DE,TXL,Provinz,Palermo,PMO,0,2,0,1,1,fluegede,1599.0,Lang (>1500km)
69d400827dca6ba0935aa565,TXL,MRS,ab DE,TXL,Provinz,Marseille,MRS,0,2,0,1,1,fluegede,1177.0,Mittel (500-1500km)
69d400827dca6ba0935b4fa6,LEJ,PMO,ab DE,LEJ,Provinz,Palermo,PMO,0,2,0,1,1,fluegede,1476.0,Mittel (500-1500km)
69d5517450bd478097d5d2e3,MHG,BER,Inland,MHG,Provinz,,,0,2,0,1,1,fluegede,475.0,Kurz (0-500km)
69d400827dca6ba0935b6cb6,RMO,FKB,nach DE,FKB,Provinz,Chișinău,RMO,0,2,0,1,1,fluegede,1564.0,Lang (>1500km)
69d400827dca6ba0935a8833,TXL,PRN,ab DE,TXL,Provinz,Lipjan,PRN,0,2,0,1,1,fluegede,1252.0,Mittel (500-1500km)
69d400827dca6ba0935b71ed,SJJ,FKB,nach DE,FKB,Provinz,Sarajevo,SJJ,0,2,0,1,1,idealo,960.0,Mittel (500-1500km)
69d400827dca6ba0935b7589,STR,WMI,ab DE,STR,Hub,Warsaw,WMI,0,2,0,1,1,fluegede,908.0,Mittel (500-1500km)
69d400827dca6ba0935a9b92,BEG,TXL,nach DE,TXL,Provinz,Belgrad,BEG,0,2,0,1,1,fluegede,1002.0,Mittel (500-1500km)
69d400827dca6ba0935b71e9,SJJ,NRN,nach DE,NRN,Provinz,Sarajevo,SJJ,0,2,0,1,1,idealo,1254.0,Mittel (500-1500km)
69d400827dca6ba0935a87c8,PRN,TXL,nach DE,TXL,Provinz,Lipjan,PRN,0,2,0,1,1,fluegede,1252.0,Mittel (500-1500km)
69d400827dca6ba0935b123a,CGN,BVC,ab DE,CGN,Hub,Rabil,BVC,0,2,0,1,1,fluegede,4696.0,Lang (>1500km)
69d5517650bd478097d60de1,STR,BNX,ab DE,STR,Hub,Banja Luka,BNX,0,2,0,1,1,fluegede,742.0,Mittel (500-1500km)
69d400827dca6ba0935b2893,CGN,BDS,ab DE,CGN,Hub,Brindisi,BDS,0,2,0,1,1,fluegede,1408.0,Mittel (500-1500km)
69d400827dca6ba0935acffc,FKB,LPA,ab DE,FKB,Provinz,Gran Canaria Island,LPA,0,1,0,2,1,idealo,3067.0,Lang (>1500km)
69d400827dca6ba0935a9d96,TXL,TFS,ab DE,TXL,Provinz,Tenerife Island,TFS,0,1,0,2,1,fluegede,3670.0,Lang (>1500km)
69d400827dca6ba0935ad0f0,KUN,HHN,nach DE,HHN,Provinz,Kaunas,KUN,0,1,0,1,1,fluegede,1265.0,Mittel (500-1500km)
69d400827dca6ba0935b756a,STR,MLA,ab DE,STR,Hub,Luqa,MLA,0,1,0,1,1,idealo,1490.0,Mittel (500-1500km)
69d400827dca6ba0935a871d,DUS,MPL,ab DE,DUS,Hub,Montpellier/Mediterranee,MPL,0,1,0,1,1,fluegede,883.0,Mittel (500-1500km)
69d5517250bd478097d56855,BRE,BEY,ab DE,BRE,Provinz,Beirut,BEY,0,1,0,1,1,fluegede,3003.0,Lang (>1500km)
69d400827dca6ba0935b03f6,DTM,LTN,ab DE,DTM,Provinz,London,LTN,0,1,0,1,1,fluegede,551.0,Mittel (500-1500km)
69d400827dca6ba0935ad08d,HHN,KUN,ab DE,HHN,Provinz,Kaunas,KUN,0,1,0,1,1,fluegede,1265.0,Mittel (500-1500km)
69d400827dca6ba0935b554b,MAN,FMM,nach DE,FMM,Provinz,Manchester,MAN,0,1,0,1,1,fluegede,1062.0,Mittel (500-1500km)
69d400827dca6ba0935a9b97,BRI,TXL,nach DE,TXL,Provinz,Bari,BRI,0,1,0,1,1,fluegede,1297.0,Mittel (500-1500km)
69d400827dca6ba0935b0e4c,KTW,CGN,nach DE,CGN,Hub,Katowice,KTW,0,1,0,1,1,fluegede,841.0,Mittel (500-1500km)
69d400827dca6ba0935abdc2,SEZ,FRA,nach DE,FRA,Hub,Mahe Island,SEZ,0,1,0,1,1,fluegede,7563.0,Lang (>1500km)
69d400827dca6ba0935b19db,ASR,BER,nach DE,BER,Hub,Kayseri,ASR,0,1,0,1,1,idealo,2267.0,Lang (>1500km)
69d400827dca6ba0935b5848,MLA,STR,nach DE,STR,Hub,Luqa,MLA,0,1,0,1,1,idealo,1490.0,Mittel (500-1500km)
69d400827dca6ba0935a878e,KTW,DUS,nach DE,DUS,Hub,Katowice,KTW,0,1,0,1,1,fluegede,868.0,Mittel (500-1500km)
69d400827dca6ba0935b0dd6,CGN,KTW,ab DE,CGN,Hub,Katowice,KTW,0,1,0,1,1,fluegede,841.0,Mittel (500-1500km)
69d400827dca6ba0935b60a1,ONQ,CGN,nach DE,CGN,Hub,Zonguldak,ONQ,0,1,0,1,1,fluegede,2169.0,Lang (>1500km)
69d400827dca6ba0935b5a84,MUC,CLY,ab DE,MUC,Hub,Calvi/Sainte-Catherine,CLY,0,1,0,1,1,idealo,688.0,Mittel (500-1500km)
69d400827dca6ba0935b327b,DTM,OMR,ab DE,DTM,Provinz,Oradea,OMR,0,1,0,1,1,idealo,1148.0,Mittel (500-1500km)
69d400827dca6ba0935b28a8,CGN,FEZ,ab DE,CGN,Hub,Fes,FEZ,0,1,0,1,1,fluegede,2124.0,Lang (>1500km)
69d400827dca6ba0935a87d9,SJJ,STR,nach DE,STR,Hub,Sarajevo,SJJ,0,1,0,1,1,fluegede,884.0,Mittel (500-1500km)
69d400827dca6ba0935b37a7,FEZ,CGN,nach DE,CGN,Hub,Fes,FEZ,0,1,0,1,1,fluegede,2124.0,Lang (>1500km)
69d400827dca6ba0935a9b73,ALC,TXL,nach DE,TXL,Provinz,Alicante,ALC,0,1,0,1,1,fluegede,1913.0,Lang (>1500km)
69d5517650bd478097d60c6e,SSH,CGN,nach DE,CGN,Hub,Sharm el-Sheikh,SSH,0,1,0,1,1,fluegede,3419.0,Lang (>1500km)
69d400827dca6ba0935b03b6,BSL,DRS,nach DE,DRS,Provinz,Bale/Mulhouse,BSL,0,1,0,1,1,fluegede,599.0,Mittel (500-1500km)
69d400827dca6ba0935b2042,BJV,BRE,nach DE,BRE,Provinz,Bodrum,BJV,0,1,0,1,1,idealo,2283.0,Lang (>1500km)
69d400827dca6ba0935b1888,AMM,FKB,nach DE,FKB,Provinz,Amman,AMM,0,1,0,1,1,idealo,3005.0,Lang (>1500km)
69d400827dca6ba0935b6c4c,RLG,LIN,ab DE,RLG,Provinz,Milan,LIN,0,1,0,1,1,idealo,966.0,Mittel (500-1500km)
69d400827dca6ba0935b332e,DUS,MLX,ab DE,DUS,Hub,Malatya,MLX,0,1,0,1,1,idealo,2821.0,Lang (>1500km)
69d400827dca6ba0935b1df5,BER,EBL,ab DE,BER,Hub,Arbil,EBL,0,1,0,1,1,fluegede,2979.0,Lang (>1500km)
69d400827dca6ba0935b5a85,MUC,EDO,ab DE,MUC,Hub,Edremit,EDO,0,1,0,1,1,idealo,1558.0,Lang (>1500km)
69d400827dca6ba0935a8788,JTR,CGN,nach DE,CGN,Hub,Santorini Island,JTR,0,1,0,1,1,fluegede,2171.0,Lang (>1500km)
69d400827dca6ba0935b03f5,DRS,BSL,ab DE,DRS,Provinz,Bale/Mulhouse,BSL,0,1,0,1,1,fluegede,599.0,Mittel (500-1500km)
69d400827dca6ba0935b2af9,CLY,MUC,nach DE,MUC,Hub,Calvi/Sainte-Catherine,CLY,0,1,0,1,1,idealo,688.0,Mittel (500-1500km)
69d400827dca6ba0935a9d6f,TXL,BRI,ab DE,TXL,Provinz,Bari,BRI,0,1,0,1,1,fluegede,1297.0,Mittel (500-1500km)
69d400827dca6ba0935b387d,FMM,MAN,ab DE,FMM,Provinz,Manchester,MAN,0,1,0,1,1,fluegede,1062.0,Mittel (500-1500km)
69d400827dca6ba0935b0dd5,CGN,GDN,ab DE,CGN,Hub,Gdańsk,GDN,0,1,0,1,1,fluegede,857.0,Mittel (500-1500km)
69d400827dca6ba0935b6a61,RAK,FRA,nach DE,FRA,Hub,Marrakech,RAK,0,1,0,1,1,fluegede,2466.0,Lang (>1500km)
69d5517650bd478097d60e09,STR,MIR,ab DE,STR,Hub,Monastir,MIR,0,1,0,1,1,fluegede,1443.0,Mittel (500-1500km)
69d400827dca6ba0935a8719,DUS,KTW,ab DE,DUS,Hub,Katowice,KTW,0,1,0,1,1,fluegede,868.0,Mittel (500-1500km)
69d400827dca6ba0935b04af,LTN,DTM,nach DE,DTM,Provinz,London,LTN,0,1,0,1,1,fluegede,551.0,Mittel (500-1500km)
69d400827dca6ba0935b48a0,JTR,STR,nach DE,STR,Hub,Santorini Island,JTR,0,1,0,1,1,idealo,1901.0,Lang (>1500km)
69d400827dca6ba0935b6a72,RAK,DUS,nach DE,DUS,Hub,Marrakech,RAK,0,1,0,1,1,fluegede,2502.0,Lang (>1500km)
69d400827dca6ba0935a9d68,TXL,ALC,ab DE,TXL,Provinz,Alicante,ALC,0,1,0,1,1,fluegede,1913.0,Lang (>1500km)
69d400827dca6ba0935b2322,BRE,BJV,ab DE,BRE,Provinz,Bodrum,BJV,0,1,0,1,1,idealo,2283.0,Lang (>1500km)
69d400827dca6ba0935acf2e,DTM,STN,ab DE,DTM,Provinz,London,STN,0,1,0,1,1,fluegede,510.0,Mittel (500-1500km)
69d5517250bd478097d573b5,CGN,SSH,ab DE,CGN,Hub,Sharm el-Sheikh,SSH,0,1,0,1,1,fluegede,3419.0,Lang (>1500km)
69d400827dca6ba0935a8843,VIE,TXL,nach DE,TXL,Provinz,Vienna,VIE,0,1,0,1,1,fluegede,547.0,Mittel (500-1500km)
69d400827dca6ba0935b83ed,WMI,STR,nach DE,STR,Hub,Warsaw,WMI,0,1,0,1,1,fluegede,908.0,Mittel (500-1500km)
69d400827dca6ba0935afcdd,EBL,MUC,nach DE,MUC,Hub,Arbil,EBL,0,1,0,1,1,idealo,2940.0,Lang (>1500km)
69d400827dca6ba0935b5140,LIN,RLG,nach DE,RLG,Provinz,Milan,LIN,0,1,0,1,1,idealo,966.0,Mittel (500-1500km)
69d400827dca6ba0935b608c,OMR,DTM,nach DE,DTM,Provinz,Oradea,OMR,0,1,0,1,1,idealo,1148.0,Mittel (500-1500km)
69d400827dca6ba0935ad3f3,STN,DTM,nach DE,DTM,Provinz,London,STN,0,1,0,1,1,fluegede,510.0,Mittel (500-1500km)
69d400827dca6ba0935b3dc5,HAM,ESB,ab DE,HAM,Hub,Ankara,ESB,0,1,0,1,1,idealo,2286.0,Lang (>1500km)
69d400827dca6ba0935b7579,STR,JTR,ab DE,STR,Hub,Santorini Island,JTR,0,1,0,1,1,idealo,1901.0,Lang (>1500km)
